,Unnamed: 0,predictions,true_labels,seed,data,target,noise,test_type
0,0,30.301350652885294,483.3333333333333,30,slope,DoK,0.1,sine
1,1,30.5018183465984,362.5,30,slope,DoK,0.1,sine
2,2,30.938151562408336,290.0,30,slope,DoK,0.1,sine
3,3,31.4190187955694,241.66666666666663,30,slope,DoK,0.1,sine
4,4,31.858049714057515,207.14285714285717,30,slope,DoK,0.1,sine
5,5,32.27964825783993,181.25,30,slope,DoK,0.1,sine
6,6,32.59320484782686,161.11111111111111,30,slope,DoK,0.1,sine
7,7,32.56919783246238,145.0,30,slope,DoK,0.1,sine
8,8,32.24435658371044,131.8181818181818,30,slope,DoK,0.1,sine
9,9,31.44910198813803,120.83333333333331,30,slope,DoK,0.1,sine
10,10,31.235801168168848,111.53846153846152,30,slope,DoK,0.1,sine
11,11,30.55306546667906,103.57142857142856,30,slope,DoK,0.1,sine
12,12,29.75664778971246,96.66666666666669,30,slope,DoK,0.1,sine
13,13,28.80246412164781,90.625,30,slope,DoK,0.1,sine
14,14,27.846132560710863,85.29411764705883,30,slope,DoK,0.1,sine
15,15,25.225157485181025,80.55555555555556,30,slope,DoK,0.1,sine
16,16,26.306610873264063,76.3157894736842,30,slope,DoK,0.1,sine
17,17,25.51425244267121,72.5,30,slope,DoK,0.1,sine
18,18,24.743622172528653,69.04761904761905,30,slope,DoK,0.1,sine
19,19,24.178612692831763,65.9090909090909,30,slope,DoK,0.1,sine
20,20,23.643685251852908,63.04347826086956,30,slope,DoK,0.1,sine
21,21,21.930760013194284,60.41666666666666,30,slope,DoK,0.1,sine
22,22,22.91755784509556,58.0,30,slope,DoK,0.1,sine
23,23,22.95323028991957,55.76923076923077,30,slope,DoK,0.1,sine
24,24,22.181001359785306,53.7037037037037,30,slope,DoK,0.1,sine
25,25,22.770049585737887,51.785714285714285,30,slope,DoK,0.1,sine
26,26,22.878614233850406,50.0,30,slope,DoK,0.1,sine
27,27,22.606723188649188,48.333333333333336,30,slope,DoK,0.1,sine
28,28,22.465559953683,46.774193548387096,30,slope,DoK,0.1,sine
29,29,22.114196872206836,45.3125,30,slope,DoK,0.1,sine
30,30,21.505197415711745,43.93939393939394,30,slope,DoK,0.1,sine
31,31,20.42917289465215,42.64705882352941,30,slope,DoK,0.1,sine
32,32,19.796658540068982,41.42857142857143,30,slope,DoK,0.1,sine
33,33,12.167929790698617,40.27777777777778,30,slope,DoK,0.1,sine
34,34,18.842582180109154,39.18918918918919,30,slope,DoK,0.1,sine
35,35,18.364675727560662,38.1578947368421,30,slope,DoK,0.1,sine
36,36,18.42251825761073,37.17948717948718,30,slope,DoK,0.1,sine
37,37,18.426418849528428,36.25,30,slope,DoK,0.1,sine
38,38,18.668051893796715,35.36585365853659,30,slope,DoK,0.1,sine
39,39,18.866540733748884,34.523809523809526,30,slope,DoK,0.1,sine
40,40,19.12946751372052,33.72093023255814,30,slope,DoK,0.1,sine
41,41,19.14743585202502,32.95454545454545,30,slope,DoK,0.1,sine
42,42,19.653699913585587,32.22222222222222,30,slope,DoK,0.1,sine
43,43,19.760160515148208,31.52173913043478,30,slope,DoK,0.1,sine
44,44,20.385181187078068,30.851063829787236,30,slope,DoK,0.1,sine
45,45,21.051543748703292,30.20833333333333,30,slope,DoK,0.1,sine
46,46,22.107551846662084,29.59183673469388,30,slope,DoK,0.1,sine
47,47,22.25777338568089,29.0,30,slope,DoK,0.1,sine
48,48,22.35150759216697,28.431372549019606,30,slope,DoK,0.1,sine
49,49,22.41707515191353,27.884615384615383,30,slope,DoK,0.1,sine
50,50,22.853894138821627,27.358490566037737,30,slope,DoK,0.1,sine
51,51,23.844907563851528,26.85185185185185,30,slope,DoK,0.1,sine
52,52,23.93168174358193,26.363636363636363,30,slope,DoK,0.1,sine
53,53,24.4829650166665,25.892857142857142,30,slope,DoK,0.1,sine
54,54,25.3094358860864,25.43859649122807,30,slope,DoK,0.1,sine
55,55,26.273978824743303,25.0,30,slope,DoK,0.1,sine
56,56,27.062383009366044,24.57627118644068,30,slope,DoK,0.1,sine
57,57,27.637917914140065,24.166666666666668,30,slope,DoK,0.1,sine
58,58,28.364014743856792,23.770491803278688,30,slope,DoK,0.1,sine
59,59,28.858707414780877,23.387096774193548,30,slope,DoK,0.1,sine
60,60,29.419266492754183,23.015873015873016,30,slope,DoK,0.1,sine
61,61,30.37013168652352,22.65625,30,slope,DoK,0.1,sine
62,62,31.313120696169143,22.307692307692307,30,slope,DoK,0.1,sine
63,63,32.387399441286874,21.96969696969697,30,slope,DoK,0.1,sine
64,64,33.14689620709166,21.64179104477612,30,slope,DoK,0.1,sine
65,65,33.542246957664844,21.323529411764707,30,slope,DoK,0.1,sine
66,66,34.006477973026946,21.014492753623188,30,slope,DoK,0.1,sine
67,67,34.16548089195691,20.714285714285715,30,slope,DoK,0.1,sine
68,68,34.27853978811541,20.422535211267604,30,slope,DoK,0.1,sine
69,69,36.35495623179611,20.13888888888889,30,slope,DoK,0.1,sine
70,70,34.49492138915846,19.863013698630137,30,slope,DoK,0.1,sine
71,71,34.4725666878381,19.594594594594597,30,slope,DoK,0.1,sine
72,72,34.027480361456455,19.33333333333333,30,slope,DoK,0.1,sine
73,73,33.6381850187768,19.07894736842105,30,slope,DoK,0.1,sine
74,74,33.367687825087664,18.83116883116883,30,slope,DoK,0.1,sine
75,75,32.63507116261515,18.58974358974359,30,slope,DoK,0.1,sine
76,76,31.77570862829185,18.354430379746837,30,slope,DoK,0.1,sine
77,77,30.727714599602216,18.125,30,slope,DoK,0.1,sine
78,78,29.60792337183349,17.901234567901234,30,slope,DoK,0.1,sine
79,79,28.925808441960832,17.682926829268293,30,slope,DoK,0.1,sine
80,80,28.471177463503103,17.46987951807229,30,slope,DoK,0.1,sine
81,81,27.862838009545197,17.261904761904763,30,slope,DoK,0.1,sine
82,82,27.304878556949955,17.058823529411764,30,slope,DoK,0.1,sine
83,83,26.572310356202195,16.86046511627907,30,slope,DoK,0.1,sine
84,84,25.64902911462469,16.666666666666668,30,slope,DoK,0.1,sine
85,85,24.70935165617084,16.477272727272727,30,slope,DoK,0.1,sine
86,86,24.032216745442334,16.292134831460675,30,slope,DoK,0.1,sine
87,87,23.537590997852444,16.11111111111111,30,slope,DoK,0.1,sine
88,88,22.926263647793103,15.934065934065934,30,slope,DoK,0.1,sine
89,89,22.568121117178517,15.76086956521739,30,slope,DoK,0.1,sine
90,90,22.378316156762686,15.591397849462366,30,slope,DoK,0.1,sine
91,91,22.287212152695304,15.425531914893616,30,slope,DoK,0.1,sine
92,92,22.19488391315249,15.263157894736842,30,slope,DoK,0.1,sine
93,93,21.694146795915483,15.104166666666666,30,slope,DoK,0.1,sine
94,94,20.5054891495649,14.948453608247425,30,slope,DoK,0.1,sine
95,95,20.06290667896241,14.79591836734694,30,slope,DoK,0.1,sine
96,96,19.582306562212803,14.646464646464649,30,slope,DoK,0.1,sine
0,0,0.1050284159469181,483.3333333333333,0,elevation,KoD,0.0,sine
1,1,0.1124157280154964,362.5,0,elevation,KoD,0.0,sine
2,2,0.1081419234506805,290.0,0,elevation,KoD,0.0,sine
3,3,0.1148286678024743,241.66666666666663,0,elevation,KoD,0.0,sine
4,4,0.1079624974811654,207.14285714285717,0,elevation,KoD,0.0,sine
5,5,0.1114766731681638,181.25,0,elevation,KoD,0.0,sine
6,6,0.0988008676393061,161.11111111111111,0,elevation,KoD,0.0,sine
7,7,0.0940272242850263,145.0,0,elevation,KoD,0.0,sine
8,8,0.086840585837592,131.8181818181818,0,elevation,KoD,0.0,sine
9,9,0.0876588000045915,120.83333333333331,0,elevation,KoD,0.0,sine
10,10,0.0987884546520446,111.53846153846152,0,elevation,KoD,0.0,sine
11,11,0.1079573090455975,103.57142857142856,0,elevation,KoD,0.0,sine
12,12,0.1135870401570916,96.66666666666669,0,elevation,KoD,0.0,sine
13,13,0.1148156203194112,90.625,0,elevation,KoD,0.0,sine
14,14,0.1213744776921794,85.29411764705883,0,elevation,KoD,0.0,sine
15,15,0.1105928109673284,80.55555555555556,0,elevation,KoD,0.0,sine
16,16,0.1160275497415739,76.3157894736842,0,elevation,KoD,0.0,sine
17,17,0.1135794421229195,72.5,0,elevation,KoD,0.0,sine
18,18,0.1142749779060269,69.04761904761905,0,elevation,KoD,0.0,sine
19,19,0.113061344470056,65.9090909090909,0,elevation,KoD,0.0,sine
20,20,0.1116599947084739,63.04347826086956,0,elevation,KoD,0.0,sine
21,21,0.1037744013095032,60.41666666666666,0,elevation,KoD,0.0,sine
22,22,0.1054481529571535,58.0,0,elevation,KoD,0.0,sine
23,23,0.101874304160203,55.76923076923077,0,elevation,KoD,0.0,sine
24,24,0.0994610576029933,53.7037037037037,0,elevation,KoD,0.0,sine
25,25,0.0978854096961385,51.785714285714285,0,elevation,KoD,0.0,sine
26,26,0.1013847915777036,50.0,0,elevation,KoD,0.0,sine
27,27,0.1038183889511303,48.333333333333336,0,elevation,KoD,0.0,sine
28,28,0.1091807368473613,46.774193548387096,0,elevation,KoD,0.0,sine
29,29,0.1138872542859663,45.3125,0,elevation,KoD,0.0,sine
30,30,0.1158208579595831,43.93939393939394,0,elevation,KoD,0.0,sine
31,31,0.1181575754900524,42.64705882352941,0,elevation,KoD,0.0,sine
32,32,0.1204784635174055,41.42857142857143,0,elevation,KoD,0.0,sine
33,33,0.1315378802488729,40.27777777777778,0,elevation,KoD,0.0,sine
34,34,0.1228454787529139,39.18918918918919,0,elevation,KoD,0.0,sine
35,35,0.1239411405330457,38.1578947368421,0,elevation,KoD,0.0,sine
36,36,0.1238077033073011,37.17948717948718,0,elevation,KoD,0.0,sine
37,37,0.1241535693029947,36.25,0,elevation,KoD,0.0,sine
38,38,0.1225616023604144,35.36585365853659,0,elevation,KoD,0.0,sine
39,39,0.1231682906937979,34.523809523809526,0,elevation,KoD,0.0,sine
40,40,0.1252694118693232,33.72093023255814,0,elevation,KoD,0.0,sine
41,41,0.1265973245775389,32.95454545454545,0,elevation,KoD,0.0,sine
42,42,0.1284210904495217,32.22222222222222,0,elevation,KoD,0.0,sine
43,43,0.1296125780721647,31.52173913043478,0,elevation,KoD,0.0,sine
44,44,0.1299302822157432,30.851063829787236,0,elevation,KoD,0.0,sine
45,45,0.131002015652536,30.20833333333333,0,elevation,KoD,0.0,sine
46,46,0.1292329458651187,29.59183673469388,0,elevation,KoD,0.0,sine
47,47,0.1293810231796089,29.0,0,elevation,KoD,0.0,sine
48,48,0.1298608229629789,28.431372549019606,0,elevation,KoD,0.0,sine
49,49,0.1297356532811903,27.884615384615383,0,elevation,KoD,0.0,sine
50,50,0.1299059761458067,27.358490566037737,0,elevation,KoD,0.0,sine
51,51,0.1273764620791947,26.85185185185185,0,elevation,KoD,0.0,sine
52,52,0.1302040724592635,26.363636363636363,0,elevation,KoD,0.0,sine
53,53,0.129600312568041,25.892857142857142,0,elevation,KoD,0.0,sine
54,54,0.1275069772289569,25.43859649122807,0,elevation,KoD,0.0,sine
55,55,0.1272104342630812,25.0,0,elevation,KoD,0.0,sine
56,56,0.125748891221703,24.57627118644068,0,elevation,KoD,0.0,sine
57,57,0.1274750126461515,24.166666666666668,0,elevation,KoD,0.0,sine
58,58,0.1269584205945294,23.770491803278688,0,elevation,KoD,0.0,sine
59,59,0.1267310864783926,23.387096774193548,0,elevation,KoD,0.0,sine
60,60,0.1316553277560064,23.015873015873016,0,elevation,KoD,0.0,sine
61,61,0.1338748789522308,22.65625,0,elevation,KoD,0.0,sine
62,62,0.1305453144872261,22.307692307692307,0,elevation,KoD,0.0,sine
63,63,0.1348216358146529,21.96969696969697,0,elevation,KoD,0.0,sine
64,64,0.132768195194864,21.64179104477612,0,elevation,KoD,0.0,sine
65,65,0.1339818434852516,21.323529411764707,0,elevation,KoD,0.0,sine
66,66,0.13819110773131,21.014492753623188,0,elevation,KoD,0.0,sine
67,67,0.1454810146145666,20.714285714285715,0,elevation,KoD,0.0,sine
68,68,0.1329749007702418,20.422535211267604,0,elevation,KoD,0.0,sine
69,69,0.1623450175108006,20.13888888888889,0,elevation,KoD,0.0,sine
70,70,0.147912559558535,19.863013698630137,0,elevation,KoD,0.0,sine
71,71,0.1543769003995262,19.594594594594597,0,elevation,KoD,0.0,sine
72,72,0.1403698644549955,19.33333333333333,0,elevation,KoD,0.0,sine
73,73,0.1409841497615214,19.07894736842105,0,elevation,KoD,0.0,sine
74,74,0.1415418185196007,18.83116883116883,0,elevation,KoD,0.0,sine
75,75,0.1424739034623841,18.58974358974359,0,elevation,KoD,0.0,sine
76,76,0.1419807240936335,18.354430379746837,0,elevation,KoD,0.0,sine
77,77,0.1441201335893845,18.125,0,elevation,KoD,0.0,sine
78,78,0.1396309123947914,17.901234567901234,0,elevation,KoD,0.0,sine
79,79,0.1396425497692922,17.682926829268293,0,elevation,KoD,0.0,sine
80,80,0.1381304804903386,17.46987951807229,0,elevation,KoD,0.0,sine
81,81,0.1371252226906011,17.261904761904763,0,elevation,KoD,0.0,sine
82,82,0.1358578374865586,17.058823529411764,0,elevation,KoD,0.0,sine
83,83,0.1354804100993714,16.86046511627907,0,elevation,KoD,0.0,sine
84,84,0.1351945559473835,16.666666666666668,0,elevation,KoD,0.0,sine
85,85,0.1351024776620145,16.477272727272727,0,elevation,KoD,0.0,sine
86,86,0.1338157541294115,16.292134831460675,0,elevation,KoD,0.0,sine
87,87,0.1328799110191881,16.11111111111111,0,elevation,KoD,0.0,sine
88,88,0.1326828841573584,15.934065934065934,0,elevation,KoD,0.0,sine
89,89,0.1302805981702859,15.76086956521739,0,elevation,KoD,0.0,sine
90,90,0.1306129211820146,15.591397849462366,0,elevation,KoD,0.0,sine
91,91,0.130139540628744,15.425531914893616,0,elevation,KoD,0.0,sine
92,92,0.1303315551859473,15.263157894736842,0,elevation,KoD,0.0,sine
93,93,0.1297773432628537,15.104166666666666,0,elevation,KoD,0.0,sine
94,94,0.1303229375021677,14.948453608247425,0,elevation,KoD,0.0,sine
95,95,0.1301090763420312,14.79591836734694,0,elevation,KoD,0.0,sine
96,96,0.1299974560103862,14.646464646464649,0,elevation,KoD,0.0,sine
0,0,1.4560571830937152,483.3333333333333,0,slope,logDoK,0.1,sine
1,1,1.4618031970499,362.5,0,slope,logDoK,0.1,sine
2,2,1.469340470064049,290.0,0,slope,logDoK,0.1,sine
3,3,1.477264140819993,241.66666666666663,0,slope,logDoK,0.1,sine
4,4,1.484602751124824,207.14285714285717,0,slope,logDoK,0.1,sine
5,5,1.4912906121346097,181.25,0,slope,logDoK,0.1,sine
6,6,1.4964705765231758,161.11111111111111,0,slope,logDoK,0.1,sine
7,7,1.5064237665270903,145.0,0,slope,logDoK,0.1,sine
8,8,1.5145118844948262,131.8181818181818,0,slope,logDoK,0.1,sine
9,9,1.522455732571679,120.83333333333331,0,slope,logDoK,0.1,sine
10,10,1.5297720373189128,111.53846153846152,0,slope,logDoK,0.1,sine
11,11,1.536878587969473,103.57142857142856,0,slope,logDoK,0.1,sine
12,12,1.5432782775461502,96.66666666666669,0,slope,logDoK,0.1,sine
13,13,1.547380085414,90.625,0,slope,logDoK,0.1,sine
14,14,1.5509620305431278,85.29411764705883,0,slope,logDoK,0.1,sine
15,15,1.558618853160474,80.55555555555556,0,slope,logDoK,0.1,sine
16,16,1.555913495981113,76.3157894736842,0,slope,logDoK,0.1,sine
17,17,1.5567759638990064,72.5,0,slope,logDoK,0.1,sine
18,18,1.5455241811666314,69.04761904761905,0,slope,logDoK,0.1,sine
19,19,1.5238779267385691,65.9090909090909,0,slope,logDoK,0.1,sine
20,20,1.4969448868112445,63.04347826086956,0,slope,logDoK,0.1,sine
21,21,1.4976195787690323,60.41666666666666,0,slope,logDoK,0.1,sine
22,22,1.4622707542792464,58.0,0,slope,logDoK,0.1,sine
23,23,1.453399199644481,55.76923076923077,0,slope,logDoK,0.1,sine
24,24,1.4297988146603642,53.7037037037037,0,slope,logDoK,0.1,sine
25,25,1.4476311666240989,51.785714285714285,0,slope,logDoK,0.1,sine
26,26,1.440368927274271,50.0,0,slope,logDoK,0.1,sine
27,27,1.4278033676632185,48.333333333333336,0,slope,logDoK,0.1,sine
28,28,1.421273855648561,46.774193548387096,0,slope,logDoK,0.1,sine
29,29,1.4215152672659717,45.3125,0,slope,logDoK,0.1,sine
30,30,1.4395451768930516,43.93939393939394,0,slope,logDoK,0.1,sine
31,31,1.4414155695209512,42.64705882352941,0,slope,logDoK,0.1,sine
32,32,1.439522728088754,41.42857142857143,0,slope,logDoK,0.1,sine
33,33,1.5310875331579927,40.27777777777778,0,slope,logDoK,0.1,sine
34,34,1.434244189506658,39.18918918918919,0,slope,logDoK,0.1,sine
35,35,1.4523761317118855,38.1578947368421,0,slope,logDoK,0.1,sine
36,36,1.4684317129981874,37.17948717948718,0,slope,logDoK,0.1,sine
37,37,1.476832436193317,36.25,0,slope,logDoK,0.1,sine
38,38,1.4750113204302748,35.36585365853659,0,slope,logDoK,0.1,sine
39,39,1.4591903363112186,34.523809523809526,0,slope,logDoK,0.1,sine
40,40,1.442640246952125,33.72093023255814,0,slope,logDoK,0.1,sine
41,41,1.435007755809993,32.95454545454545,0,slope,logDoK,0.1,sine
42,42,1.4160392938034163,32.22222222222222,0,slope,logDoK,0.1,sine
43,43,1.4259668835756298,31.52173913043478,0,slope,logDoK,0.1,sine
44,44,1.4328850238878414,30.851063829787236,0,slope,logDoK,0.1,sine
45,45,1.3714297338583246,30.20833333333333,0,slope,logDoK,0.1,sine
46,46,1.4242879299305968,29.59183673469388,0,slope,logDoK,0.1,sine
47,47,1.425424940381268,29.0,0,slope,logDoK,0.1,sine
48,48,1.417969829581572,28.431372549019606,0,slope,logDoK,0.1,sine
49,49,1.410853251662,27.884615384615383,0,slope,logDoK,0.1,sine
50,50,1.4086853970292958,27.358490566037737,0,slope,logDoK,0.1,sine
51,51,1.4086186031393892,26.85185185185185,0,slope,logDoK,0.1,sine
52,52,1.3968283560610852,26.363636363636363,0,slope,logDoK,0.1,sine
53,53,1.3812121328680111,25.892857142857142,0,slope,logDoK,0.1,sine
54,54,1.3801963091256817,25.43859649122807,0,slope,logDoK,0.1,sine
55,55,1.395169600200776,25.0,0,slope,logDoK,0.1,sine
56,56,1.3875978865871434,24.57627118644068,0,slope,logDoK,0.1,sine
57,57,1.3939364916781063,24.166666666666668,0,slope,logDoK,0.1,sine
58,58,1.4130277979619836,23.770491803278688,0,slope,logDoK,0.1,sine
59,59,1.4439215682213076,23.387096774193548,0,slope,logDoK,0.1,sine
60,60,1.4968767832372218,23.015873015873016,0,slope,logDoK,0.1,sine
61,61,1.5553297452141166,22.65625,0,slope,logDoK,0.1,sine
62,62,1.5986067424989945,22.307692307692307,0,slope,logDoK,0.1,sine
63,63,1.604908246694614,21.96969696969697,0,slope,logDoK,0.1,sine
64,64,1.621125819534991,21.64179104477612,0,slope,logDoK,0.1,sine
65,65,1.619939941495748,21.323529411764707,0,slope,logDoK,0.1,sine
66,66,1.6177756475667338,21.014492753623188,0,slope,logDoK,0.1,sine
67,67,1.6284667627146536,20.714285714285715,0,slope,logDoK,0.1,sine
68,68,1.6208270478460705,20.422535211267604,0,slope,logDoK,0.1,sine
69,69,1.629379285122348,20.13888888888889,0,slope,logDoK,0.1,sine
70,70,1.6095659336143702,19.863013698630137,0,slope,logDoK,0.1,sine
71,71,1.633679714771887,19.594594594594597,0,slope,logDoK,0.1,sine
72,72,1.624429129368479,19.33333333333333,0,slope,logDoK,0.1,sine
73,73,1.619074240295194,19.07894736842105,0,slope,logDoK,0.1,sine
74,74,1.6213983156863376,18.83116883116883,0,slope,logDoK,0.1,sine
75,75,1.612609885065298,18.58974358974359,0,slope,logDoK,0.1,sine
76,76,1.602802069998239,18.354430379746837,0,slope,logDoK,0.1,sine
77,77,1.5744618972713558,18.125,0,slope,logDoK,0.1,sine
78,78,1.51377666057431,17.901234567901234,0,slope,logDoK,0.1,sine
79,79,1.4602478653071114,17.682926829268293,0,slope,logDoK,0.1,sine
80,80,1.4265976601879098,17.46987951807229,0,slope,logDoK,0.1,sine
81,81,1.4039417006979962,17.261904761904763,0,slope,logDoK,0.1,sine
82,82,1.387384960599252,17.058823529411764,0,slope,logDoK,0.1,sine
83,83,1.3837147959666352,16.86046511627907,0,slope,logDoK,0.1,sine
84,84,1.3849158376922812,16.666666666666668,0,slope,logDoK,0.1,sine
85,85,1.3772349087016786,16.477272727272727,0,slope,logDoK,0.1,sine
86,86,1.389705802707735,16.292134831460675,0,slope,logDoK,0.1,sine
87,87,1.4057948832580616,16.11111111111111,0,slope,logDoK,0.1,sine
88,88,1.4121564282848655,15.934065934065934,0,slope,logDoK,0.1,sine
89,89,1.412279722766081,15.76086956521739,0,slope,logDoK,0.1,sine
90,90,1.414864527615344,15.591397849462366,0,slope,logDoK,0.1,sine
91,91,1.422968607358241,15.425531914893616,0,slope,logDoK,0.1,sine
92,92,1.4201692189521276,15.263157894736842,0,slope,logDoK,0.1,sine
93,93,1.4445923311267483,15.104166666666666,0,slope,logDoK,0.1,sine
94,94,1.4237416279437871,14.948453608247425,0,slope,logDoK,0.1,sine
95,95,1.4219672515326285,14.79591836734694,0,slope,logDoK,0.1,sine
96,96,1.4344562969419772,14.646464646464649,0,slope,logDoK,0.1,sine
0,0,1.537838504571109,483.3333333333333,10,slope,logDoK,0.1,sine
1,1,1.5375589279400108,362.5,10,slope,logDoK,0.1,sine
2,2,1.5392027452158743,290.0,10,slope,logDoK,0.1,sine
3,3,1.5454298020550354,241.66666666666663,10,slope,logDoK,0.1,sine
4,4,1.557516835832272,207.14285714285717,10,slope,logDoK,0.1,sine
5,5,1.5702212628872296,181.25,10,slope,logDoK,0.1,sine
6,6,1.5837156750297965,161.11111111111111,10,slope,logDoK,0.1,sine
7,7,1.5985169882094326,145.0,10,slope,logDoK,0.1,sine
8,8,1.6132351364477144,131.8181818181818,10,slope,logDoK,0.1,sine
9,9,1.6323578342227427,120.83333333333331,10,slope,logDoK,0.1,sine
10,10,1.6352992619639792,111.53846153846152,10,slope,logDoK,0.1,sine
11,11,1.6448816885802322,103.57142857142856,10,slope,logDoK,0.1,sine
12,12,1.652456082953539,96.66666666666669,10,slope,logDoK,0.1,sine
13,13,1.657397029990969,90.625,10,slope,logDoK,0.1,sine
14,14,1.653613025159348,85.29411764705883,10,slope,logDoK,0.1,sine
15,15,1.6792182909590072,80.55555555555556,10,slope,logDoK,0.1,sine
16,16,1.630124986515791,76.3157894736842,10,slope,logDoK,0.1,sine
17,17,1.613883471012672,72.5,10,slope,logDoK,0.1,sine
18,18,1.5952179757769491,69.04761904761905,10,slope,logDoK,0.1,sine
19,19,1.580841163961352,65.9090909090909,10,slope,logDoK,0.1,sine
20,20,1.5606148936082345,63.04347826086956,10,slope,logDoK,0.1,sine
21,21,1.4946585466936873,60.41666666666666,10,slope,logDoK,0.1,sine
22,22,1.5122401555406864,58.0,10,slope,logDoK,0.1,sine
23,23,1.4827409123713058,55.76923076923077,10,slope,logDoK,0.1,sine
24,24,1.4362964849799558,53.7037037037037,10,slope,logDoK,0.1,sine
25,25,1.4137028378046153,51.785714285714285,10,slope,logDoK,0.1,sine
26,26,1.3865385567755917,50.0,10,slope,logDoK,0.1,sine
27,27,1.3411105670410004,48.333333333333336,10,slope,logDoK,0.1,sine
28,28,1.303901213481812,46.774193548387096,10,slope,logDoK,0.1,sine
29,29,1.2640119699601706,45.3125,10,slope,logDoK,0.1,sine
30,30,1.2553555309414282,43.93939393939394,10,slope,logDoK,0.1,sine
31,31,1.2289899935125377,42.64705882352941,10,slope,logDoK,0.1,sine
32,32,1.2139904166679627,41.42857142857143,10,slope,logDoK,0.1,sine
33,33,1.1605835243426066,40.27777777777778,10,slope,logDoK,0.1,sine
34,34,1.1835079383805407,39.18918918918919,10,slope,logDoK,0.1,sine
35,35,1.1731225526184068,38.1578947368421,10,slope,logDoK,0.1,sine
36,36,1.163064465102341,37.17948717948718,10,slope,logDoK,0.1,sine
37,37,1.148096576474224,36.25,10,slope,logDoK,0.1,sine
38,38,1.1354612761840044,35.36585365853659,10,slope,logDoK,0.1,sine
39,39,1.1173286791367187,34.523809523809526,10,slope,logDoK,0.1,sine
40,40,1.1004234300483744,33.72093023255814,10,slope,logDoK,0.1,sine
41,41,1.082932834015517,32.95454545454545,10,slope,logDoK,0.1,sine
42,42,1.0663921784748205,32.22222222222222,10,slope,logDoK,0.1,sine
43,43,1.0400823947080164,31.52173913043478,10,slope,logDoK,0.1,sine
44,44,1.023874562643251,30.851063829787236,10,slope,logDoK,0.1,sine
45,45,1.0349198245616131,30.20833333333333,10,slope,logDoK,0.1,sine
46,46,0.9971809391114416,29.59183673469388,10,slope,logDoK,0.1,sine
47,47,0.9847432681079168,29.0,10,slope,logDoK,0.1,sine
48,48,0.9749670287063374,28.431372549019606,10,slope,logDoK,0.1,sine
49,49,0.9603089008354256,27.884615384615383,10,slope,logDoK,0.1,sine
50,50,0.9435146372439894,27.358490566037737,10,slope,logDoK,0.1,sine
51,51,0.9248967203765368,26.85185185185185,10,slope,logDoK,0.1,sine
52,52,0.9079759699488528,26.363636363636363,10,slope,logDoK,0.1,sine
53,53,0.9000341273258023,25.892857142857142,10,slope,logDoK,0.1,sine
54,54,0.8884963423246363,25.43859649122807,10,slope,logDoK,0.1,sine
55,55,0.8748219713990308,25.0,10,slope,logDoK,0.1,sine
56,56,0.8485727093630477,24.57627118644068,10,slope,logDoK,0.1,sine
57,57,0.8471550581629342,24.166666666666668,10,slope,logDoK,0.1,sine
58,58,0.8336814372557064,23.770491803278688,10,slope,logDoK,0.1,sine
59,59,0.8445615152649611,23.387096774193548,10,slope,logDoK,0.1,sine
60,60,0.8576903618287006,23.015873015873016,10,slope,logDoK,0.1,sine
61,61,0.8560174040812603,22.65625,10,slope,logDoK,0.1,sine
62,62,0.8531541481106864,22.307692307692307,10,slope,logDoK,0.1,sine
63,63,0.8363452938196473,21.96969696969697,10,slope,logDoK,0.1,sine
64,64,0.8092507534697908,21.64179104477612,10,slope,logDoK,0.1,sine
65,65,0.7719635146333398,21.323529411764707,10,slope,logDoK,0.1,sine
66,66,0.7907013699164611,21.014492753623188,10,slope,logDoK,0.1,sine
67,67,0.8197967801742554,20.714285714285715,10,slope,logDoK,0.1,sine
68,68,0.9011066767613984,20.422535211267604,10,slope,logDoK,0.1,sine
69,69,1.1698645087421715,20.13888888888889,10,slope,logDoK,0.1,sine
70,70,0.938227340149369,19.863013698630137,10,slope,logDoK,0.1,sine
71,71,0.8423634969699645,19.594594594594597,10,slope,logDoK,0.1,sine
72,72,0.7929729351600865,19.33333333333333,10,slope,logDoK,0.1,sine
73,73,0.7727517807605464,19.07894736842105,10,slope,logDoK,0.1,sine
74,74,0.8020631661145645,18.83116883116883,10,slope,logDoK,0.1,sine
75,75,0.8274742303164255,18.58974358974359,10,slope,logDoK,0.1,sine
76,76,0.8487731728880248,18.354430379746837,10,slope,logDoK,0.1,sine
77,77,0.8559079636023323,18.125,10,slope,logDoK,0.1,sine
78,78,0.8636875691055361,17.901234567901234,10,slope,logDoK,0.1,sine
79,79,0.847820991608198,17.682926829268293,10,slope,logDoK,0.1,sine
80,80,0.8329204698567887,17.46987951807229,10,slope,logDoK,0.1,sine
81,81,0.8389887684245358,17.261904761904763,10,slope,logDoK,0.1,sine
82,82,0.8511315047043231,17.058823529411764,10,slope,logDoK,0.1,sine
83,83,0.8633382517952708,16.86046511627907,10,slope,logDoK,0.1,sine
84,84,0.8849226236488608,16.666666666666668,10,slope,logDoK,0.1,sine
85,85,0.8982744439333178,16.477272727272727,10,slope,logDoK,0.1,sine
86,86,0.904043152259572,16.292134831460675,10,slope,logDoK,0.1,sine
87,87,0.9131603135936814,16.11111111111111,10,slope,logDoK,0.1,sine
88,88,0.9368963736666712,15.934065934065934,10,slope,logDoK,0.1,sine
89,89,0.9565381360916628,15.76086956521739,10,slope,logDoK,0.1,sine
90,90,0.969644891967855,15.591397849462366,10,slope,logDoK,0.1,sine
91,91,0.9787542668206196,15.425531914893616,10,slope,logDoK,0.1,sine
92,92,0.9947062909746074,15.263157894736842,10,slope,logDoK,0.1,sine
93,93,0.9983147674389876,15.104166666666666,10,slope,logDoK,0.1,sine
94,94,1.0216895491022482,14.948453608247425,10,slope,logDoK,0.1,sine
95,95,1.0367084847151602,14.79591836734694,10,slope,logDoK,0.1,sine
96,96,1.0503683979559555,14.646464646464649,10,slope,logDoK,0.1,sine
0,0,-1.5639011366205882,483.3333333333333,20,elevation,logKoD,0.1,sine
1,1,-1.4820311045081622,362.5,20,elevation,logKoD,0.1,sine
2,2,-1.3483610806252289,290.0,20,elevation,logKoD,0.1,sine
3,3,-1.2888588979610511,241.66666666666663,20,elevation,logKoD,0.1,sine
4,4,-1.1855092636083469,207.14285714285717,20,elevation,logKoD,0.1,sine
5,5,-1.1010306783901516,181.25,20,elevation,logKoD,0.1,sine
6,6,-0.9300968620860124,161.11111111111111,20,elevation,logKoD,0.1,sine
7,7,-0.853207006143048,145.0,20,elevation,logKoD,0.1,sine
8,8,-0.777368642370755,131.8181818181818,20,elevation,logKoD,0.1,sine
9,9,-0.6681933130848976,120.83333333333331,20,elevation,logKoD,0.1,sine
10,10,-0.5358959814020395,111.53846153846152,20,elevation,logKoD,0.1,sine
11,11,-0.4120363714905827,103.57142857142856,20,elevation,logKoD,0.1,sine
12,12,-0.2853981848721652,96.66666666666669,20,elevation,logKoD,0.1,sine
13,13,-0.17256636078165,90.625,20,elevation,logKoD,0.1,sine
14,14,-0.0953042475925791,85.29411764705883,20,elevation,logKoD,0.1,sine
15,15,-0.0141559742108534,80.55555555555556,20,elevation,logKoD,0.1,sine
16,16,0.0452156902456575,76.3157894736842,20,elevation,logKoD,0.1,sine
17,17,0.1047311743891366,72.5,20,elevation,logKoD,0.1,sine
18,18,0.1469191284040847,69.04761904761905,20,elevation,logKoD,0.1,sine
19,19,0.1836009248303713,65.9090909090909,20,elevation,logKoD,0.1,sine
20,20,0.2262616748111292,63.04347826086956,20,elevation,logKoD,0.1,sine
21,21,0.1908966020527811,60.41666666666666,20,elevation,logKoD,0.1,sine
22,22,0.316652880129711,58.0,20,elevation,logKoD,0.1,sine
23,23,0.3791010744295309,55.76923076923077,20,elevation,logKoD,0.1,sine
24,24,0.4491069646301808,53.7037037037037,20,elevation,logKoD,0.1,sine
25,25,0.5081868150946367,51.785714285714285,20,elevation,logKoD,0.1,sine
26,26,0.5774088593519708,50.0,20,elevation,logKoD,0.1,sine
27,27,0.6343940337836935,48.333333333333336,20,elevation,logKoD,0.1,sine
28,28,0.6869092563281365,46.774193548387096,20,elevation,logKoD,0.1,sine
29,29,0.7536448652915944,45.3125,20,elevation,logKoD,0.1,sine
30,30,0.8193636682496355,43.93939393939394,20,elevation,logKoD,0.1,sine
31,31,0.9095041509152956,42.64705882352941,20,elevation,logKoD,0.1,sine
32,32,0.9886817589790045,41.42857142857143,20,elevation,logKoD,0.1,sine
33,33,1.017825832187227,40.27777777777778,20,elevation,logKoD,0.1,sine
34,34,1.1145021297223523,39.18918918918919,20,elevation,logKoD,0.1,sine
35,35,1.1528552467909343,38.1578947368421,20,elevation,logKoD,0.1,sine
36,36,1.165004531491301,37.17948717948718,20,elevation,logKoD,0.1,sine
37,37,1.179646145064065,36.25,20,elevation,logKoD,0.1,sine
38,38,1.1888013281651613,35.36585365853659,20,elevation,logKoD,0.1,sine
39,39,1.2269534087219658,34.523809523809526,20,elevation,logKoD,0.1,sine
40,40,1.2619568449538343,33.72093023255814,20,elevation,logKoD,0.1,sine
41,41,1.300065869645331,32.95454545454545,20,elevation,logKoD,0.1,sine
42,42,1.3160320649907284,32.22222222222222,20,elevation,logKoD,0.1,sine
43,43,1.323098138216584,31.52173913043478,20,elevation,logKoD,0.1,sine
44,44,1.3096208338227806,30.851063829787236,20,elevation,logKoD,0.1,sine
45,45,1.7609263566864155,30.20833333333333,20,elevation,logKoD,0.1,sine
46,46,1.282255639064865,29.59183673469388,20,elevation,logKoD,0.1,sine
47,47,1.3283661788619392,29.0,20,elevation,logKoD,0.1,sine
48,48,1.3228879339159956,28.431372549019606,20,elevation,logKoD,0.1,sine
49,49,1.3277581580111717,27.884615384615383,20,elevation,logKoD,0.1,sine
50,50,1.3511219403742405,27.358490566037737,20,elevation,logKoD,0.1,sine
51,51,1.435653209682376,26.85185185185185,20,elevation,logKoD,0.1,sine
52,52,1.402225978283892,26.363636363636363,20,elevation,logKoD,0.1,sine
53,53,1.421308894403902,25.892857142857142,20,elevation,logKoD,0.1,sine
54,54,1.4367476144716549,25.43859649122807,20,elevation,logKoD,0.1,sine
55,55,1.4223759595372634,25.0,20,elevation,logKoD,0.1,sine
56,56,1.4747314006195766,24.57627118644068,20,elevation,logKoD,0.1,sine
57,57,1.494877289110086,24.166666666666668,20,elevation,logKoD,0.1,sine
58,58,1.5006544694554644,23.770491803278688,20,elevation,logKoD,0.1,sine
59,59,1.5224942706392672,23.387096774193548,20,elevation,logKoD,0.1,sine
60,60,1.55068833173198,23.015873015873016,20,elevation,logKoD,0.1,sine
61,61,1.5611923257618523,22.65625,20,elevation,logKoD,0.1,sine
62,62,1.572519456258515,22.307692307692307,20,elevation,logKoD,0.1,sine
63,63,1.577382477091054,21.96969696969697,20,elevation,logKoD,0.1,sine
64,64,1.597753958670513,21.64179104477612,20,elevation,logKoD,0.1,sine
65,65,1.6161306276310692,21.323529411764707,20,elevation,logKoD,0.1,sine
66,66,1.6504253610457666,21.014492753623188,20,elevation,logKoD,0.1,sine
67,67,1.6556974944539835,20.714285714285715,20,elevation,logKoD,0.1,sine
68,68,1.5948338542237863,20.422535211267604,20,elevation,logKoD,0.1,sine
69,69,1.1818952001119498,20.13888888888889,20,elevation,logKoD,0.1,sine
70,70,1.7053351772854646,19.863013698630137,20,elevation,logKoD,0.1,sine
71,71,1.6358066669450295,19.594594594594597,20,elevation,logKoD,0.1,sine
72,72,1.5826796582079865,19.33333333333333,20,elevation,logKoD,0.1,sine
73,73,1.5666302979212343,19.07894736842105,20,elevation,logKoD,0.1,sine
74,74,1.541748264246906,18.83116883116883,20,elevation,logKoD,0.1,sine
75,75,1.5252441161509374,18.58974358974359,20,elevation,logKoD,0.1,sine
76,76,1.512876277913744,18.354430379746837,20,elevation,logKoD,0.1,sine
77,77,1.495295242053546,18.125,20,elevation,logKoD,0.1,sine
78,78,1.4831719873249811,17.901234567901234,20,elevation,logKoD,0.1,sine
79,79,1.4605499773030075,17.682926829268293,20,elevation,logKoD,0.1,sine
80,80,1.4422874145710416,17.46987951807229,20,elevation,logKoD,0.1,sine
81,81,1.437555034729055,17.261904761904763,20,elevation,logKoD,0.1,sine
82,82,1.427658406707892,17.058823529411764,20,elevation,logKoD,0.1,sine
83,83,1.4233115651274992,16.86046511627907,20,elevation,logKoD,0.1,sine
84,84,1.432526829987409,16.666666666666668,20,elevation,logKoD,0.1,sine
85,85,1.4631862077176303,16.477272727272727,20,elevation,logKoD,0.1,sine
86,86,1.4725447192777077,16.292134831460675,20,elevation,logKoD,0.1,sine
87,87,1.467752093966394,16.11111111111111,20,elevation,logKoD,0.1,sine
88,88,1.4951732777202602,15.934065934065934,20,elevation,logKoD,0.1,sine
89,89,1.491920186087088,15.76086956521739,20,elevation,logKoD,0.1,sine
90,90,1.4820680873258631,15.591397849462366,20,elevation,logKoD,0.1,sine
91,91,1.4978610769469436,15.425531914893616,20,elevation,logKoD,0.1,sine
92,92,1.444367192946957,15.263157894736842,20,elevation,logKoD,0.1,sine
93,93,1.239310278354689,15.104166666666666,20,elevation,logKoD,0.1,sine
94,94,1.4654110336093729,14.948453608247425,20,elevation,logKoD,0.1,sine
95,95,1.435297630444932,14.79591836734694,20,elevation,logKoD,0.1,sine
96,96,1.4420113986436334,14.646464646464649,20,elevation,logKoD,0.1,sine
0,0,1.2020720661120805,483.3333333333333,30,slope,logDoK,0.0,sine
1,1,1.2106656812208925,362.5,30,slope,logDoK,0.0,sine
2,2,1.2333949216298483,290.0,30,slope,logDoK,0.0,sine
3,3,1.262864226238894,241.66666666666663,30,slope,logDoK,0.0,sine
4,4,1.2973694095199515,207.14285714285717,30,slope,logDoK,0.0,sine
5,5,1.3212397531424411,181.25,30,slope,logDoK,0.0,sine
6,6,1.3400641089686494,161.11111111111111,30,slope,logDoK,0.0,sine
7,7,1.3506317249972104,145.0,30,slope,logDoK,0.0,sine
8,8,1.3533891011925463,131.8181818181818,30,slope,logDoK,0.0,sine
9,9,1.3574074166980128,120.83333333333331,30,slope,logDoK,0.0,sine
10,10,1.3545179261174938,111.53846153846152,30,slope,logDoK,0.0,sine
11,11,1.3460440652500218,103.57142857142856,30,slope,logDoK,0.0,sine
12,12,1.329966198869937,96.66666666666669,30,slope,logDoK,0.0,sine
13,13,1.3110025049320946,90.625,30,slope,logDoK,0.0,sine
14,14,1.3013559037941669,85.29411764705883,30,slope,logDoK,0.0,sine
15,15,1.2403821068515408,80.55555555555556,30,slope,logDoK,0.0,sine
16,16,1.281504366808687,76.3157894736842,30,slope,logDoK,0.0,sine
17,17,1.2712260272592066,72.5,30,slope,logDoK,0.0,sine
18,18,1.2568531240321423,69.04761904761905,30,slope,logDoK,0.0,sine
19,19,1.2419018929488737,65.9090909090909,30,slope,logDoK,0.0,sine
20,20,1.22605860327222,63.04347826086956,30,slope,logDoK,0.0,sine
21,21,1.175141103261908,60.41666666666666,30,slope,logDoK,0.0,sine
22,22,1.207517077823585,58.0,30,slope,logDoK,0.0,sine
23,23,1.1996622473389793,55.76923076923077,30,slope,logDoK,0.0,sine
24,24,1.1675353378612645,53.7037037037037,30,slope,logDoK,0.0,sine
25,25,1.1762206820177192,51.785714285714285,30,slope,logDoK,0.0,sine
26,26,1.1692335888831915,50.0,30,slope,logDoK,0.0,sine
27,27,1.147958108074698,48.333333333333336,30,slope,logDoK,0.0,sine
28,28,1.1383140649135588,46.774193548387096,30,slope,logDoK,0.0,sine
29,29,1.1261652508809217,45.3125,30,slope,logDoK,0.0,sine
30,30,1.1116428901860471,43.93939393939394,30,slope,logDoK,0.0,sine
31,31,1.0942333257419026,42.64705882352941,30,slope,logDoK,0.0,sine
32,32,1.097032995525463,41.42857142857143,30,slope,logDoK,0.0,sine
33,33,0.9547910072492573,40.27777777777778,30,slope,logDoK,0.0,sine
34,34,1.0898338461151518,39.18918918918919,30,slope,logDoK,0.0,sine
35,35,1.0699833834799233,38.1578947368421,30,slope,logDoK,0.0,sine
36,36,1.0738720351419702,37.17948717948718,30,slope,logDoK,0.0,sine
37,37,1.0775445070696503,36.25,30,slope,logDoK,0.0,sine
38,38,1.091178293135526,35.36585365853659,30,slope,logDoK,0.0,sine
39,39,1.0911000190457918,34.523809523809526,30,slope,logDoK,0.0,sine
40,40,1.1013938138910295,33.72093023255814,30,slope,logDoK,0.0,sine
41,41,1.0920041512896197,32.95454545454545,30,slope,logDoK,0.0,sine
42,42,1.0961905002903358,32.22222222222222,30,slope,logDoK,0.0,sine
43,43,1.097150304340993,31.52173913043478,30,slope,logDoK,0.0,sine
44,44,1.1088663087009816,30.851063829787236,30,slope,logDoK,0.0,sine
45,45,1.121859224378169,30.20833333333333,30,slope,logDoK,0.0,sine
46,46,1.1301150330722651,29.59183673469388,30,slope,logDoK,0.0,sine
47,47,1.1190830112417611,29.0,30,slope,logDoK,0.0,sine
48,48,1.110274045183062,28.431372549019606,30,slope,logDoK,0.0,sine
49,49,1.0983715438513626,27.884615384615383,30,slope,logDoK,0.0,sine
50,50,1.0968285517886027,27.358490566037737,30,slope,logDoK,0.0,sine
51,51,1.1083090176458876,26.85185185185185,30,slope,logDoK,0.0,sine
52,52,1.111553401926071,26.363636363636363,30,slope,logDoK,0.0,sine
53,53,1.1267177534034674,25.892857142857142,30,slope,logDoK,0.0,sine
54,54,1.152104076853828,25.43859649122807,30,slope,logDoK,0.0,sine
55,55,1.1851401015141547,25.0,30,slope,logDoK,0.0,sine
56,56,1.2125197641887873,24.57627118644068,30,slope,logDoK,0.0,sine
57,57,1.230470417463046,24.166666666666668,30,slope,logDoK,0.0,sine
58,58,1.2508086658080655,23.770491803278688,30,slope,logDoK,0.0,sine
59,59,1.2586375891037558,23.387096774193548,30,slope,logDoK,0.0,sine
60,60,1.270548347584529,23.015873015873016,30,slope,logDoK,0.0,sine
61,61,1.290125423892488,22.65625,30,slope,logDoK,0.0,sine
62,62,1.3146061212405764,22.307692307692307,30,slope,logDoK,0.0,sine
63,63,1.3370202189091642,21.96969696969697,30,slope,logDoK,0.0,sine
64,64,1.350230838874885,21.64179104477612,30,slope,logDoK,0.0,sine
65,65,1.3531179351891296,21.323529411764707,30,slope,logDoK,0.0,sine
66,66,1.356768986619181,21.014492753623188,30,slope,logDoK,0.0,sine
67,67,1.3636611583510336,20.714285714285715,30,slope,logDoK,0.0,sine
68,68,1.3760838805382052,20.422535211267604,30,slope,logDoK,0.0,sine
69,69,1.424405126195148,20.13888888888889,30,slope,logDoK,0.0,sine
70,70,1.3721980477665794,19.863013698630137,30,slope,logDoK,0.0,sine
71,71,1.3699752273286394,19.594594594594597,30,slope,logDoK,0.0,sine
72,72,1.358866118309631,19.33333333333333,30,slope,logDoK,0.0,sine
73,73,1.3551453875918555,19.07894736842105,30,slope,logDoK,0.0,sine
74,74,1.3500078651541672,18.83116883116883,30,slope,logDoK,0.0,sine
75,75,1.3400109644428873,18.58974358974359,30,slope,logDoK,0.0,sine
76,76,1.323361318627177,18.354430379746837,30,slope,logDoK,0.0,sine
77,77,1.2984088485039949,18.125,30,slope,logDoK,0.0,sine
78,78,1.2722969805172863,17.901234567901234,30,slope,logDoK,0.0,sine
79,79,1.260815020801557,17.682926829268293,30,slope,logDoK,0.0,sine
80,80,1.253566001075773,17.46987951807229,30,slope,logDoK,0.0,sine
81,81,1.2387950561965724,17.261904761904763,30,slope,logDoK,0.0,sine
82,82,1.2189313432415785,17.058823529411764,30,slope,logDoK,0.0,sine
83,83,1.1926006147608286,16.86046511627907,30,slope,logDoK,0.0,sine
84,84,1.1641331571089395,16.666666666666668,30,slope,logDoK,0.0,sine
85,85,1.1331152124243846,16.477272727272727,30,slope,logDoK,0.0,sine
86,86,1.1157013352313745,16.292134831460675,30,slope,logDoK,0.0,sine
87,87,1.1025565780520097,16.11111111111111,30,slope,logDoK,0.0,sine
88,88,1.0953282984020285,15.934065934065934,30,slope,logDoK,0.0,sine
89,89,1.0984096065459783,15.76086956521739,30,slope,logDoK,0.0,sine
90,90,1.1073988485768385,15.591397849462366,30,slope,logDoK,0.0,sine
91,91,1.1172958858742876,15.425531914893616,30,slope,logDoK,0.0,sine
92,92,1.127149243160093,15.263157894736842,30,slope,logDoK,0.0,sine
93,93,1.1282911649261984,15.104166666666666,30,slope,logDoK,0.0,sine
94,94,1.11321906432371,14.948453608247425,30,slope,logDoK,0.0,sine
95,95,1.1040021418948414,14.79591836734694,30,slope,logDoK,0.0,sine
96,96,1.0938062868648897,14.646464646464649,30,slope,logDoK,0.0,sine
0,0,-0.7731882329921421,483.3333333333333,30,elevation,logKoD,0.0,sine
1,1,-0.6678108443954508,362.5,30,elevation,logKoD,0.0,sine
2,2,-0.547921419098204,290.0,30,elevation,logKoD,0.0,sine
3,3,-0.4679929118322178,241.66666666666663,30,elevation,logKoD,0.0,sine
4,4,-0.3434014749934202,207.14285714285717,30,elevation,logKoD,0.0,sine
5,5,-0.1509046766375982,181.25,30,elevation,logKoD,0.0,sine
6,6,0.0205194680052602,161.11111111111111,30,elevation,logKoD,0.0,sine
7,7,0.1977376551764882,145.0,30,elevation,logKoD,0.0,sine
8,8,0.3968543337509591,131.8181818181818,30,elevation,logKoD,0.0,sine
9,9,0.6086983588524144,120.83333333333331,30,elevation,logKoD,0.0,sine
10,10,0.8009938751306869,111.53846153846152,30,elevation,logKoD,0.0,sine
11,11,0.999576530006934,103.57142857142856,30,elevation,logKoD,0.0,sine
12,12,1.2307749032614022,96.66666666666669,30,elevation,logKoD,0.0,sine
13,13,1.3965211579859125,90.625,30,elevation,logKoD,0.0,sine
14,14,1.6091902840803318,85.29411764705883,30,elevation,logKoD,0.0,sine
15,15,1.801265282295604,80.55555555555556,30,elevation,logKoD,0.0,sine
16,16,1.9492618793300045,76.3157894736842,30,elevation,logKoD,0.0,sine
17,17,2.0879240302499564,72.5,30,elevation,logKoD,0.0,sine
18,18,2.1639878643283126,69.04761904761905,30,elevation,logKoD,0.0,sine
19,19,2.282632148380076,65.9090909090909,30,elevation,logKoD,0.0,sine
20,20,2.394365556773708,63.04347826086956,30,elevation,logKoD,0.0,sine
21,21,2.065907258000004,60.41666666666666,30,elevation,logKoD,0.0,sine
22,22,2.5667474897815143,58.0,30,elevation,logKoD,0.0,sine
23,23,2.6809660237849062,55.76923076923077,30,elevation,logKoD,0.0,sine
24,24,2.7504676856009675,53.7037037037037,30,elevation,logKoD,0.0,sine
25,25,2.8429333487037445,51.785714285714285,30,elevation,logKoD,0.0,sine
26,26,2.9121724188545848,50.0,30,elevation,logKoD,0.0,sine
27,27,2.994562027212332,48.333333333333336,30,elevation,logKoD,0.0,sine
28,28,3.038052707646231,46.774193548387096,30,elevation,logKoD,0.0,sine
29,29,3.1014270123264467,45.3125,30,elevation,logKoD,0.0,sine
30,30,3.070731945704069,43.93939393939394,30,elevation,logKoD,0.0,sine
31,31,3.0514831908328937,42.64705882352941,30,elevation,logKoD,0.0,sine
32,32,2.991259003872244,41.42857142857143,30,elevation,logKoD,0.0,sine
33,33,3.5799364750912384,40.27777777777778,30,elevation,logKoD,0.0,sine
34,34,3.009356218984588,39.18918918918919,30,elevation,logKoD,0.0,sine
35,35,3.096141454656043,38.1578947368421,30,elevation,logKoD,0.0,sine
36,36,3.1481922304709142,37.17948717948718,30,elevation,logKoD,0.0,sine
37,37,3.1363464650643884,36.25,30,elevation,logKoD,0.0,sine
38,38,3.147066229552342,35.36585365853659,30,elevation,logKoD,0.0,sine
39,39,3.141183455925126,34.523809523809526,30,elevation,logKoD,0.0,sine
40,40,3.16843634527011,33.72093023255814,30,elevation,logKoD,0.0,sine
41,41,3.1222025314556348,32.95454545454545,30,elevation,logKoD,0.0,sine
42,42,3.08775063594704,32.22222222222222,30,elevation,logKoD,0.0,sine
43,43,3.0862890284737885,31.52173913043478,30,elevation,logKoD,0.0,sine
44,44,3.028241209092596,30.851063829787236,30,elevation,logKoD,0.0,sine
45,45,4.03652509996756,30.20833333333333,30,elevation,logKoD,0.0,sine
46,46,2.819105610742648,29.59183673469388,30,elevation,logKoD,0.0,sine
47,47,2.933093967762685,29.0,30,elevation,logKoD,0.0,sine
48,48,2.850771808136903,28.431372549019606,30,elevation,logKoD,0.0,sine
49,49,2.7601357737439205,27.884615384615383,30,elevation,logKoD,0.0,sine
50,50,2.67975980471424,27.358490566037737,30,elevation,logKoD,0.0,sine
51,51,2.570744973124013,26.85185185185185,30,elevation,logKoD,0.0,sine
52,52,2.4791512322213407,26.363636363636363,30,elevation,logKoD,0.0,sine
53,53,2.4083114006599446,25.892857142857142,30,elevation,logKoD,0.0,sine
54,54,2.330160584943036,25.43859649122807,30,elevation,logKoD,0.0,sine
55,55,2.26658884538236,25.0,30,elevation,logKoD,0.0,sine
56,56,2.182238967324265,24.57627118644068,30,elevation,logKoD,0.0,sine
57,57,2.142552919246812,24.166666666666668,30,elevation,logKoD,0.0,sine
58,58,2.077475697795005,23.770491803278688,30,elevation,logKoD,0.0,sine
59,59,2.0539013837103197,23.387096774193548,30,elevation,logKoD,0.0,sine
60,60,2.0524063792921154,23.015873015873016,30,elevation,logKoD,0.0,sine
61,61,2.031941582719405,22.65625,30,elevation,logKoD,0.0,sine
62,62,2.089870548267087,22.307692307692307,30,elevation,logKoD,0.0,sine
63,63,2.157926646240317,21.96969696969697,30,elevation,logKoD,0.0,sine
64,64,2.2816796806068487,21.64179104477612,30,elevation,logKoD,0.0,sine
65,65,2.40394000250238,21.323529411764707,30,elevation,logKoD,0.0,sine
66,66,2.545380648274035,21.014492753623188,30,elevation,logKoD,0.0,sine
67,67,2.647717073136688,20.714285714285715,30,elevation,logKoD,0.0,sine
68,68,2.7257153106541043,20.422535211267604,30,elevation,logKoD,0.0,sine
69,69,2.663540021781918,20.13888888888889,30,elevation,logKoD,0.0,sine
70,70,2.852861081722658,19.863013698630137,30,elevation,logKoD,0.0,sine
71,71,2.855984023496821,19.594594594594597,30,elevation,logKoD,0.0,sine
72,72,2.901800048078352,19.33333333333333,30,elevation,logKoD,0.0,sine
73,73,2.899837486430801,19.07894736842105,30,elevation,logKoD,0.0,sine
74,74,2.87121892397405,18.83116883116883,30,elevation,logKoD,0.0,sine
75,75,2.8612316003278666,18.58974358974359,30,elevation,logKoD,0.0,sine
76,76,2.8440665528849545,18.354430379746837,30,elevation,logKoD,0.0,sine
77,77,2.809914902459909,18.125,30,elevation,logKoD,0.0,sine
78,78,2.782395492397357,17.901234567901234,30,elevation,logKoD,0.0,sine
79,79,2.724818177034771,17.682926829268293,30,elevation,logKoD,0.0,sine
80,80,2.6659524599232505,17.46987951807229,30,elevation,logKoD,0.0,sine
81,81,2.620593842519169,17.261904761904763,30,elevation,logKoD,0.0,sine
82,82,2.5857755628791743,17.058823529411764,30,elevation,logKoD,0.0,sine
83,83,2.559185046275764,16.86046511627907,30,elevation,logKoD,0.0,sine
84,84,2.552617635277005,16.666666666666668,30,elevation,logKoD,0.0,sine
85,85,2.544885260257228,16.477272727272727,30,elevation,logKoD,0.0,sine
86,86,2.528173690939417,16.292134831460675,30,elevation,logKoD,0.0,sine
87,87,2.460957755326484,16.11111111111111,30,elevation,logKoD,0.0,sine
88,88,2.4573341867990504,15.934065934065934,30,elevation,logKoD,0.0,sine
89,89,2.417032914608192,15.76086956521739,30,elevation,logKoD,0.0,sine
90,90,2.3204198093316544,15.591397849462366,30,elevation,logKoD,0.0,sine
91,91,2.2764481474062226,15.425531914893616,30,elevation,logKoD,0.0,sine
92,92,2.0868500892749875,15.263157894736842,30,elevation,logKoD,0.0,sine
93,93,1.6631905247015957,15.104166666666666,30,elevation,logKoD,0.0,sine
94,94,2.009910731365208,14.948453608247425,30,elevation,logKoD,0.0,sine
95,95,1.959466937960442,14.79591836734694,30,elevation,logKoD,0.0,sine
96,96,1.922188744129916,14.646464646464649,30,elevation,logKoD,0.0,sine
0,0,8.044627401473493,483.3333333333333,30,elevation,DoK,0.1,sine
1,1,3.847948191712291,362.5,30,elevation,DoK,0.1,sine
2,2,-1.489926174252286,290.0,30,elevation,DoK,0.1,sine
3,3,-4.99954274281319,241.66666666666663,30,elevation,DoK,0.1,sine
4,4,-6.65692219102009,207.14285714285717,30,elevation,DoK,0.1,sine
5,5,-8.193348097335345,181.25,30,elevation,DoK,0.1,sine
6,6,-12.72861783947259,161.11111111111111,30,elevation,DoK,0.1,sine
7,7,-14.376173403760747,145.0,30,elevation,DoK,0.1,sine
8,8,-17.02779821249865,131.8181818181818,30,elevation,DoK,0.1,sine
9,9,-21.015157386824345,120.83333333333331,30,elevation,DoK,0.1,sine
10,10,-25.679778395443385,111.53846153846152,30,elevation,DoK,0.1,sine
11,11,-29.06461756125915,103.57142857142856,30,elevation,DoK,0.1,sine
12,12,-33.97541490084251,96.66666666666669,30,elevation,DoK,0.1,sine
13,13,-38.70575462363533,90.625,30,elevation,DoK,0.1,sine
14,14,-44.79410264379504,85.29411764705883,30,elevation,DoK,0.1,sine
15,15,-46.17075716668775,80.55555555555556,30,elevation,DoK,0.1,sine
16,16,-52.58671567701411,76.3157894736842,30,elevation,DoK,0.1,sine
17,17,-55.373024849658336,72.5,30,elevation,DoK,0.1,sine
18,18,-60.47795985862098,69.04761904761905,30,elevation,DoK,0.1,sine
19,19,-63.21601961501598,65.9090909090909,30,elevation,DoK,0.1,sine
20,20,-67.339881621777,63.04347826086956,30,elevation,DoK,0.1,sine
21,21,-77.83810351741285,60.41666666666666,30,elevation,DoK,0.1,sine
22,22,-74.54888164224518,58.0,30,elevation,DoK,0.1,sine
23,23,-77.66624439521503,55.76923076923077,30,elevation,DoK,0.1,sine
24,24,-79.12409307638747,53.7037037037037,30,elevation,DoK,0.1,sine
25,25,-81.36457553538472,51.785714285714285,30,elevation,DoK,0.1,sine
26,26,-82.56448784038497,50.0,30,elevation,DoK,0.1,sine
27,27,-82.90564915187436,48.333333333333336,30,elevation,DoK,0.1,sine
28,28,-84.02634269080404,46.774193548387096,30,elevation,DoK,0.1,sine
29,29,-85.53013308704676,45.3125,30,elevation,DoK,0.1,sine
30,30,-86.37323786656445,43.93939393939394,30,elevation,DoK,0.1,sine
31,31,-87.14964085120613,42.64705882352941,30,elevation,DoK,0.1,sine
32,32,-87.69970450421764,41.42857142857143,30,elevation,DoK,0.1,sine
33,33,-87.21748726586688,40.27777777777778,30,elevation,DoK,0.1,sine
34,34,-87.73876003896997,39.18918918918919,30,elevation,DoK,0.1,sine
35,35,-87.0891975419274,38.1578947368421,30,elevation,DoK,0.1,sine
36,36,-85.5776255773093,37.17948717948718,30,elevation,DoK,0.1,sine
37,37,-83.21484418663309,36.25,30,elevation,DoK,0.1,sine
38,38,-82.15806473955524,35.36585365853659,30,elevation,DoK,0.1,sine
39,39,-81.22396268714971,34.523809523809526,30,elevation,DoK,0.1,sine
40,40,-80.48875678395441,33.72093023255814,30,elevation,DoK,0.1,sine
41,41,-79.02046806264846,32.95454545454545,30,elevation,DoK,0.1,sine
42,42,-77.64554893104233,32.22222222222222,30,elevation,DoK,0.1,sine
43,43,-75.70112607169331,31.52173913043478,30,elevation,DoK,0.1,sine
44,44,-72.31411305136697,30.851063829787236,30,elevation,DoK,0.1,sine
45,45,-86.67694057251732,30.20833333333333,30,elevation,DoK,0.1,sine
46,46,-67.00448033243023,29.59183673469388,30,elevation,DoK,0.1,sine
47,47,-67.3048322562713,29.0,30,elevation,DoK,0.1,sine
48,48,-64.53284929254592,28.431372549019606,30,elevation,DoK,0.1,sine
49,49,-62.22590503959528,27.884615384615383,30,elevation,DoK,0.1,sine
50,50,-60.312396145239305,27.358490566037737,30,elevation,DoK,0.1,sine
51,51,-61.07729754720515,26.85185185185185,30,elevation,DoK,0.1,sine
52,52,-57.21270115249538,26.363636363636363,30,elevation,DoK,0.1,sine
53,53,-56.97813717386349,25.892857142857142,30,elevation,DoK,0.1,sine
54,54,-57.015817318713175,25.43859649122807,30,elevation,DoK,0.1,sine
55,55,-57.4375035551404,25.0,30,elevation,DoK,0.1,sine
56,56,-58.491906070003935,24.57627118644068,30,elevation,DoK,0.1,sine
57,57,-58.81198422352254,24.166666666666668,30,elevation,DoK,0.1,sine
58,58,-59.61704885680662,23.770491803278688,30,elevation,DoK,0.1,sine
59,59,-60.56885559265696,23.387096774193548,30,elevation,DoK,0.1,sine
60,60,-61.26303979969546,23.015873015873016,30,elevation,DoK,0.1,sine
61,61,-62.02530119151261,22.65625,30,elevation,DoK,0.1,sine
62,62,-62.23779431606916,22.307692307692307,30,elevation,DoK,0.1,sine
63,63,-63.82786504398999,21.96969696969697,30,elevation,DoK,0.1,sine
64,64,-65.17563637892712,21.64179104477612,30,elevation,DoK,0.1,sine
65,65,-66.3538747544548,21.323529411764707,30,elevation,DoK,0.1,sine
66,66,-67.89998839031922,21.014492753623188,30,elevation,DoK,0.1,sine
67,67,-69.26028592725562,20.714285714285715,30,elevation,DoK,0.1,sine
68,68,-70.15271089636956,20.422535211267604,30,elevation,DoK,0.1,sine
69,69,-65.23667045970765,20.13888888888889,30,elevation,DoK,0.1,sine
70,70,-72.09670913870166,19.863013698630137,30,elevation,DoK,0.1,sine
71,71,-69.75118012203917,19.594594594594597,30,elevation,DoK,0.1,sine
72,72,-70.96280631822371,19.33333333333333,30,elevation,DoK,0.1,sine
73,73,-69.73952161568319,19.07894736842105,30,elevation,DoK,0.1,sine
74,74,-68.68112677778008,18.83116883116883,30,elevation,DoK,0.1,sine
75,75,-69.3077414942993,18.58974358974359,30,elevation,DoK,0.1,sine
76,76,-69.30275685975279,18.354430379746837,30,elevation,DoK,0.1,sine
77,77,-69.80479263582825,18.125,30,elevation,DoK,0.1,sine
78,78,-68.5994341560457,17.901234567901234,30,elevation,DoK,0.1,sine
79,79,-67.48327294223144,17.682926829268293,30,elevation,DoK,0.1,sine
80,80,-66.77966408357817,17.46987951807229,30,elevation,DoK,0.1,sine
81,81,-67.0311850504729,17.261904761904763,30,elevation,DoK,0.1,sine
82,82,-66.82281809562429,17.058823529411764,30,elevation,DoK,0.1,sine
83,83,-66.02809196362185,16.86046511627907,30,elevation,DoK,0.1,sine
84,84,-65.28671988287644,16.666666666666668,30,elevation,DoK,0.1,sine
85,85,-64.56541557158307,16.477272727272727,30,elevation,DoK,0.1,sine
86,86,-64.27651907639427,16.292134831460675,30,elevation,DoK,0.1,sine
87,87,-64.50946766420093,16.11111111111111,30,elevation,DoK,0.1,sine
88,88,-63.61989501374416,15.934065934065934,30,elevation,DoK,0.1,sine
89,89,-62.44525665205562,15.76086956521739,30,elevation,DoK,0.1,sine
90,90,-61.80386341718649,15.591397849462366,30,elevation,DoK,0.1,sine
91,91,-61.57658254347531,15.425531914893616,30,elevation,DoK,0.1,sine
92,92,-60.03181660509938,15.263157894736842,30,elevation,DoK,0.1,sine
93,93,-52.47424755235743,15.104166666666666,30,elevation,DoK,0.1,sine
94,94,-58.16547250743854,14.948453608247425,30,elevation,DoK,0.1,sine
95,95,-57.73690009069337,14.79591836734694,30,elevation,DoK,0.1,sine
96,96,-57.39643570496003,14.646464646464649,30,elevation,DoK,0.1,sine
0,0,0.0505170338519,483.3333333333333,20,slope,KoD,0.1,sine
1,1,0.0500620812636485,362.5,20,slope,KoD,0.1,sine
2,2,0.0496261720376818,290.0,20,slope,KoD,0.1,sine
3,3,0.0489513698372805,241.66666666666663,20,slope,KoD,0.1,sine
4,4,0.0481722047488506,207.14285714285717,20,slope,KoD,0.1,sine
5,5,0.0469273282303168,181.25,20,slope,KoD,0.1,sine
6,6,0.0449476334235569,161.11111111111111,20,slope,KoD,0.1,sine
7,7,0.0445004093761391,145.0,20,slope,KoD,0.1,sine
8,8,0.0429355559882627,131.8181818181818,20,slope,KoD,0.1,sine
9,9,0.0397341660413509,120.83333333333331,20,slope,KoD,0.1,sine
10,10,0.0401156741490277,111.53846153846152,20,slope,KoD,0.1,sine
11,11,0.0388521574595211,103.57142857142856,20,slope,KoD,0.1,sine
12,12,0.0380967891467389,96.66666666666669,20,slope,KoD,0.1,sine
13,13,0.0385585577902231,90.625,20,slope,KoD,0.1,sine
14,14,0.0396981207380559,85.29411764705883,20,slope,KoD,0.1,sine
15,15,0.0416913627728998,80.55555555555556,20,slope,KoD,0.1,sine
16,16,0.0440827456180714,76.3157894736842,20,slope,KoD,0.1,sine
17,17,0.0461012571378817,72.5,20,slope,KoD,0.1,sine
18,18,0.0482894612706258,69.04761904761905,20,slope,KoD,0.1,sine
19,19,0.0497107912837783,65.9090909090909,20,slope,KoD,0.1,sine
20,20,0.0513525396210366,63.04347826086956,20,slope,KoD,0.1,sine
21,21,0.0539701382569689,60.41666666666666,20,slope,KoD,0.1,sine
22,22,0.0538804133356264,58.0,20,slope,KoD,0.1,sine
23,23,0.0541981111130263,55.76923076923077,20,slope,KoD,0.1,sine
24,24,0.0567762182209754,53.7037037037037,20,slope,KoD,0.1,sine
25,25,0.0510880291438715,51.785714285714285,20,slope,KoD,0.1,sine
26,26,0.0493378393201547,50.0,20,slope,KoD,0.1,sine
27,27,0.0507401938769275,48.333333333333336,20,slope,KoD,0.1,sine
28,28,0.0483394782139124,46.774193548387096,20,slope,KoD,0.1,sine
29,29,0.0493652181323007,45.3125,20,slope,KoD,0.1,sine
30,30,0.0509824566819069,43.93939393939394,20,slope,KoD,0.1,sine
31,31,0.0545925043662115,42.64705882352941,20,slope,KoD,0.1,sine
32,32,0.057543775643738,41.42857142857143,20,slope,KoD,0.1,sine
33,33,0.050331438524796,40.27777777777778,20,slope,KoD,0.1,sine
34,34,0.0634734848049834,39.18918918918919,20,slope,KoD,0.1,sine
35,35,0.0658409095979825,38.1578947368421,20,slope,KoD,0.1,sine
36,36,0.0666769119290507,37.17948717948718,20,slope,KoD,0.1,sine
37,37,0.0659383715483967,36.25,20,slope,KoD,0.1,sine
38,38,0.0657587179879963,35.36585365853659,20,slope,KoD,0.1,sine
39,39,0.0652490502166434,34.523809523809526,20,slope,KoD,0.1,sine
40,40,0.0658779607574981,33.72093023255814,20,slope,KoD,0.1,sine
41,41,0.0659097110122903,32.95454545454545,20,slope,KoD,0.1,sine
42,42,0.0664881122920459,32.22222222222222,20,slope,KoD,0.1,sine
43,43,0.0675646415833923,31.52173913043478,20,slope,KoD,0.1,sine
44,44,0.0684987637033312,30.851063829787236,20,slope,KoD,0.1,sine
45,45,0.070277185407128,30.20833333333333,20,slope,KoD,0.1,sine
46,46,0.0691491961720099,29.59183673469388,20,slope,KoD,0.1,sine
47,47,0.0707310260361821,29.0,20,slope,KoD,0.1,sine
48,48,0.0706690279447498,28.431372549019606,20,slope,KoD,0.1,sine
49,49,0.070573946945136,27.884615384615383,20,slope,KoD,0.1,sine
50,50,0.0698186083411873,27.358490566037737,20,slope,KoD,0.1,sine
51,51,0.064800531712908,26.85185185185185,20,slope,KoD,0.1,sine
52,52,0.0675408405636255,26.363636363636363,20,slope,KoD,0.1,sine
53,53,0.0663665013041008,25.892857142857142,20,slope,KoD,0.1,sine
54,54,0.0645103485594646,25.43859649122807,20,slope,KoD,0.1,sine
55,55,0.0618979659458742,25.0,20,slope,KoD,0.1,sine
56,56,0.0624814601685185,24.57627118644068,20,slope,KoD,0.1,sine
57,57,0.061518210659375,24.166666666666668,20,slope,KoD,0.1,sine
58,58,0.0601709193034676,23.770491803278688,20,slope,KoD,0.1,sine
59,59,0.0590123257257073,23.387096774193548,20,slope,KoD,0.1,sine
60,60,0.0567059992708969,23.015873015873016,20,slope,KoD,0.1,sine
61,61,0.0557723822011277,22.65625,20,slope,KoD,0.1,sine
62,62,0.053604057522126,22.307692307692307,20,slope,KoD,0.1,sine
63,63,0.0508439328794521,21.96969696969697,20,slope,KoD,0.1,sine
64,64,0.0490018621219033,21.64179104477612,20,slope,KoD,0.1,sine
65,65,0.0479620699252611,21.323529411764707,20,slope,KoD,0.1,sine
66,66,0.0469473265193933,21.014492753623188,20,slope,KoD,0.1,sine
67,67,0.0467951324094013,20.714285714285715,20,slope,KoD,0.1,sine
68,68,0.0452441190938251,20.422535211267604,20,slope,KoD,0.1,sine
69,69,0.0446059648616274,20.13888888888889,20,slope,KoD,0.1,sine
70,70,0.0454547547234654,19.863013698630137,20,slope,KoD,0.1,sine
71,71,0.0462868991502954,19.594594594594597,20,slope,KoD,0.1,sine
72,72,0.0470844412743155,19.33333333333333,20,slope,KoD,0.1,sine
73,73,0.0475450512732926,19.07894736842105,20,slope,KoD,0.1,sine
74,74,0.0484040906826942,18.83116883116883,20,slope,KoD,0.1,sine
75,75,0.0503174753730427,18.58974358974359,20,slope,KoD,0.1,sine
76,76,0.052576221008915,18.354430379746837,20,slope,KoD,0.1,sine
77,77,0.0550377082129501,18.125,20,slope,KoD,0.1,sine
78,78,0.0569560245696625,17.901234567901234,20,slope,KoD,0.1,sine
79,79,0.0579891874523113,17.682926829268293,20,slope,KoD,0.1,sine
80,80,0.059884912363193,17.46987951807229,20,slope,KoD,0.1,sine
81,81,0.0608105250243887,17.261904761904763,20,slope,KoD,0.1,sine
82,82,0.0622552825748294,17.058823529411764,20,slope,KoD,0.1,sine
83,83,0.0628907120825817,16.86046511627907,20,slope,KoD,0.1,sine
84,84,0.062871392852557,16.666666666666668,20,slope,KoD,0.1,sine
85,85,0.0663147739808275,16.477272727272727,20,slope,KoD,0.1,sine
86,86,0.0670719715089306,16.292134831460675,20,slope,KoD,0.1,sine
87,87,0.0670827006419495,16.11111111111111,20,slope,KoD,0.1,sine
88,88,0.06897100683269,15.934065934065934,20,slope,KoD,0.1,sine
89,89,0.0700879274052632,15.76086956521739,20,slope,KoD,0.1,sine
90,90,0.0709317728683801,15.591397849462366,20,slope,KoD,0.1,sine
91,91,0.0707682257398653,15.425531914893616,20,slope,KoD,0.1,sine
92,92,0.0698778562434597,15.263157894736842,20,slope,KoD,0.1,sine
93,93,0.0680103929214914,15.104166666666666,20,slope,KoD,0.1,sine
94,94,0.068530085302097,14.948453608247425,20,slope,KoD,0.1,sine
95,95,0.0679282989262439,14.79591836734694,20,slope,KoD,0.1,sine
96,96,0.0669957683509577,14.646464646464649,20,slope,KoD,0.1,sine
0,0,1.270568831862653,483.3333333333333,10,curvature,logDoK,0.0,sine
1,1,1.2708941041911044,362.5,10,curvature,logDoK,0.0,sine
2,2,1.2719795253659012,290.0,10,curvature,logDoK,0.0,sine
3,3,1.274562877284348,241.66666666666663,10,curvature,logDoK,0.0,sine
4,4,1.2778076606089106,207.14285714285717,10,curvature,logDoK,0.0,sine
5,5,1.2825447880558167,181.25,10,curvature,logDoK,0.0,sine
6,6,1.2858773611437675,161.11111111111111,10,curvature,logDoK,0.0,sine
7,7,1.290100130618001,145.0,10,curvature,logDoK,0.0,sine
8,8,1.2945070744210216,131.8181818181818,10,curvature,logDoK,0.0,sine
9,9,1.2993341403318186,120.83333333333331,10,curvature,logDoK,0.0,sine
10,10,1.3053887895354213,111.53846153846152,10,curvature,logDoK,0.0,sine
11,11,1.3099159582475108,103.57142857142856,10,curvature,logDoK,0.0,sine
12,12,1.3154162017938371,96.66666666666669,10,curvature,logDoK,0.0,sine
13,13,1.3237559223585096,90.625,10,curvature,logDoK,0.0,sine
14,14,1.332227429887336,85.29411764705883,10,curvature,logDoK,0.0,sine
15,15,1.3389312322084683,80.55555555555556,10,curvature,logDoK,0.0,sine
16,16,1.350478962623389,76.3157894736842,10,curvature,logDoK,0.0,sine
17,17,1.3593756468221263,72.5,10,curvature,logDoK,0.0,sine
18,18,1.367995394221812,69.04761904761905,10,curvature,logDoK,0.0,sine
19,19,1.38037360761286,65.9090909090909,10,curvature,logDoK,0.0,sine
20,20,1.389174500696814,63.04347826086956,10,curvature,logDoK,0.0,sine
21,21,1.3916295240357257,60.41666666666666,10,curvature,logDoK,0.0,sine
22,22,1.4027223643223574,58.0,10,curvature,logDoK,0.0,sine
23,23,1.4081069259263914,55.76923076923077,10,curvature,logDoK,0.0,sine
24,24,1.39877996956798,53.7037037037037,10,curvature,logDoK,0.0,sine
25,25,1.40362575986887,51.785714285714285,10,curvature,logDoK,0.0,sine
26,26,1.396485648562842,50.0,10,curvature,logDoK,0.0,sine
27,27,1.382186619705435,48.333333333333336,10,curvature,logDoK,0.0,sine
28,28,1.3658979146465184,46.774193548387096,10,curvature,logDoK,0.0,sine
29,29,1.3406702471485004,45.3125,10,curvature,logDoK,0.0,sine
30,30,1.3171290230515529,43.93939393939394,10,curvature,logDoK,0.0,sine
31,31,1.2847332088219023,42.64705882352941,10,curvature,logDoK,0.0,sine
32,32,1.2523693999978325,41.42857142857143,10,curvature,logDoK,0.0,sine
33,33,1.251653146033181,40.27777777777778,10,curvature,logDoK,0.0,sine
34,34,1.1791367397451658,39.18918918918919,10,curvature,logDoK,0.0,sine
35,35,1.1553694518915396,38.1578947368421,10,curvature,logDoK,0.0,sine
36,36,1.1436440955684113,37.17948717948718,10,curvature,logDoK,0.0,sine
37,37,1.1396784641528852,36.25,10,curvature,logDoK,0.0,sine
38,38,1.1281312351014152,35.36585365853659,10,curvature,logDoK,0.0,sine
39,39,1.1090030376762914,34.523809523809526,10,curvature,logDoK,0.0,sine
40,40,1.0786987429360169,33.72093023255814,10,curvature,logDoK,0.0,sine
41,41,1.0522672966771889,32.95454545454545,10,curvature,logDoK,0.0,sine
42,42,1.0108532943513375,32.22222222222222,10,curvature,logDoK,0.0,sine
43,43,0.9784782099655828,31.52173913043478,10,curvature,logDoK,0.0,sine
44,44,0.9515579803860156,30.851063829787236,10,curvature,logDoK,0.0,sine
45,45,0.989856592085184,30.20833333333333,10,curvature,logDoK,0.0,sine
46,46,0.8572364334996845,29.59183673469388,10,curvature,logDoK,0.0,sine
47,47,0.835930205810191,29.0,10,curvature,logDoK,0.0,sine
48,48,0.7965353782741773,28.431372549019606,10,curvature,logDoK,0.0,sine
49,49,0.7604819641938965,27.884615384615383,10,curvature,logDoK,0.0,sine
50,50,0.7272863013181402,27.358490566037737,10,curvature,logDoK,0.0,sine
51,51,0.6930689620491617,26.85185185185185,10,curvature,logDoK,0.0,sine
52,52,0.6588748696732388,26.363636363636363,10,curvature,logDoK,0.0,sine
53,53,0.6307316406952714,25.892857142857142,10,curvature,logDoK,0.0,sine
54,54,0.6018771713871587,25.43859649122807,10,curvature,logDoK,0.0,sine
55,55,0.5518530908138833,25.0,10,curvature,logDoK,0.0,sine
56,56,0.5477009010352035,24.57627118644068,10,curvature,logDoK,0.0,sine
57,57,0.502379486845537,24.166666666666668,10,curvature,logDoK,0.0,sine
58,58,0.4819105975099645,23.770491803278688,10,curvature,logDoK,0.0,sine
59,59,0.4497966927862435,23.387096774193548,10,curvature,logDoK,0.0,sine
60,60,0.4161158738008348,23.015873015873016,10,curvature,logDoK,0.0,sine
61,61,0.3843319685466708,22.65625,10,curvature,logDoK,0.0,sine
62,62,0.3697172034982811,22.307692307692307,10,curvature,logDoK,0.0,sine
63,63,0.3583048616788329,21.96969696969697,10,curvature,logDoK,0.0,sine
64,64,0.3516041903212897,21.64179104477612,10,curvature,logDoK,0.0,sine
65,65,0.3347676280256755,21.323529411764707,10,curvature,logDoK,0.0,sine
66,66,0.3235460908108503,21.014492753623188,10,curvature,logDoK,0.0,sine
67,67,0.320969451023497,20.714285714285715,10,curvature,logDoK,0.0,sine
68,68,0.3041802829218238,20.422535211267604,10,curvature,logDoK,0.0,sine
69,69,0.243387774910167,20.13888888888889,10,curvature,logDoK,0.0,sine
70,70,0.3265875047488038,19.863013698630137,10,curvature,logDoK,0.0,sine
71,71,0.3087095798706015,19.594594594594597,10,curvature,logDoK,0.0,sine
72,72,0.2975435405201839,19.33333333333333,10,curvature,logDoK,0.0,sine
73,73,0.2960600776932507,19.07894736842105,10,curvature,logDoK,0.0,sine
74,74,0.3038797922725014,18.83116883116883,10,curvature,logDoK,0.0,sine
75,75,0.3068387779664157,18.58974358974359,10,curvature,logDoK,0.0,sine
76,76,0.3068370590060136,18.354430379746837,10,curvature,logDoK,0.0,sine
77,77,0.3061220533340354,18.125,10,curvature,logDoK,0.0,sine
78,78,0.3082012587231504,17.901234567901234,10,curvature,logDoK,0.0,sine
79,79,0.308755746235684,17.682926829268293,10,curvature,logDoK,0.0,sine
80,80,0.3068326388221228,17.46987951807229,10,curvature,logDoK,0.0,sine
81,81,0.3050887944219139,17.261904761904763,10,curvature,logDoK,0.0,sine
82,82,0.3000278475773723,17.058823529411764,10,curvature,logDoK,0.0,sine
83,83,0.2920931263617016,16.86046511627907,10,curvature,logDoK,0.0,sine
84,84,0.2842900283996704,16.666666666666668,10,curvature,logDoK,0.0,sine
85,85,0.2793667620978038,16.477272727272727,10,curvature,logDoK,0.0,sine
86,86,0.2739037422297068,16.292134831460675,10,curvature,logDoK,0.0,sine
87,87,0.2711455474817984,16.11111111111111,10,curvature,logDoK,0.0,sine
88,88,0.2751418848506962,15.934065934065934,10,curvature,logDoK,0.0,sine
89,89,0.2760373813648854,15.76086956521739,10,curvature,logDoK,0.0,sine
90,90,0.2766509683731452,15.591397849462366,10,curvature,logDoK,0.0,sine
91,91,0.2768720594229463,15.425531914893616,10,curvature,logDoK,0.0,sine
92,92,0.2859577474106475,15.263157894736842,10,curvature,logDoK,0.0,sine
93,93,0.304123720939072,15.104166666666666,10,curvature,logDoK,0.0,sine
94,94,0.3006360321386543,14.948453608247425,10,curvature,logDoK,0.0,sine
95,95,0.3100107510396646,14.79591836734694,10,curvature,logDoK,0.0,sine
96,96,0.3160118055135903,14.646464646464649,10,curvature,logDoK,0.0,sine
0,0,31.426960749176715,483.3333333333333,20,elevation,DoK,0.0,sine
1,1,22.234850124482566,362.5,20,elevation,DoK,0.0,sine
2,2,12.604527238293535,290.0,20,elevation,DoK,0.0,sine
3,3,10.050331265629191,241.66666666666663,20,elevation,DoK,0.0,sine
4,4,4.516558454285804,207.14285714285717,20,elevation,DoK,0.0,sine
5,5,0.6251073409567489,181.25,20,elevation,DoK,0.0,sine
6,6,-7.44615368651548,161.11111111111111,20,elevation,DoK,0.0,sine
7,7,-16.67723763410746,145.0,20,elevation,DoK,0.0,sine
8,8,-24.07949378210457,131.8181818181818,20,elevation,DoK,0.0,sine
9,9,-36.117233903635466,120.83333333333331,20,elevation,DoK,0.0,sine
10,10,-42.33670088938004,111.53846153846152,20,elevation,DoK,0.0,sine
11,11,-48.26542521899266,103.57142857142856,20,elevation,DoK,0.0,sine
12,12,-54.80221034764583,96.66666666666669,20,elevation,DoK,0.0,sine
13,13,-60.26465442324944,90.625,20,elevation,DoK,0.0,sine
14,14,-67.6209319329574,85.29411764705883,20,elevation,DoK,0.0,sine
15,15,-70.75994092298569,80.55555555555556,20,elevation,DoK,0.0,sine
16,16,-75.47121441863814,76.3157894736842,20,elevation,DoK,0.0,sine
17,17,-79.56021167598776,72.5,20,elevation,DoK,0.0,sine
18,18,-83.9232161405197,69.04761904761905,20,elevation,DoK,0.0,sine
19,19,-87.02125881921948,65.9090909090909,20,elevation,DoK,0.0,sine
20,20,-91.1560870219828,63.04347826086956,20,elevation,DoK,0.0,sine
21,21,-96.38638097438768,60.41666666666666,20,elevation,DoK,0.0,sine
22,22,-95.16183165160108,58.0,20,elevation,DoK,0.0,sine
23,23,-98.01446415612796,55.76923076923077,20,elevation,DoK,0.0,sine
24,24,-99.23427807609538,53.7037037037037,20,elevation,DoK,0.0,sine
25,25,-99.09897294057193,51.785714285714285,20,elevation,DoK,0.0,sine
26,26,-100.6913513696717,50.0,20,elevation,DoK,0.0,sine
27,27,-100.91087836742165,48.333333333333336,20,elevation,DoK,0.0,sine
28,28,-101.0672758917206,46.774193548387096,20,elevation,DoK,0.0,sine
29,29,-101.60458257261492,45.3125,20,elevation,DoK,0.0,sine
30,30,-104.3164822284455,43.93939393939394,20,elevation,DoK,0.0,sine
31,31,-106.83457190846418,42.64705882352941,20,elevation,DoK,0.0,sine
32,32,-106.27874823331004,41.42857142857143,20,elevation,DoK,0.0,sine
33,33,-91.19609332962088,40.27777777777778,20,elevation,DoK,0.0,sine
34,34,-109.77089088854406,39.18918918918919,20,elevation,DoK,0.0,sine
35,35,-109.95044850187482,38.1578947368421,20,elevation,DoK,0.0,sine
36,36,-107.89776676481948,37.17948717948718,20,elevation,DoK,0.0,sine
37,37,-107.64895042370644,36.25,20,elevation,DoK,0.0,sine
38,38,-106.91445529247429,35.36585365853659,20,elevation,DoK,0.0,sine
39,39,-107.45892507782804,34.523809523809526,20,elevation,DoK,0.0,sine
40,40,-108.1428353992179,33.72093023255814,20,elevation,DoK,0.0,sine
41,41,-107.33070920032628,32.95454545454545,20,elevation,DoK,0.0,sine
42,42,-106.51820453844132,32.22222222222222,20,elevation,DoK,0.0,sine
43,43,-107.0782282297411,31.52173913043478,20,elevation,DoK,0.0,sine
44,44,-106.45822276939838,30.851063829787236,20,elevation,DoK,0.0,sine
45,45,-128.11388447944535,30.20833333333333,20,elevation,DoK,0.0,sine
46,46,-103.98945327897592,29.59183673469388,20,elevation,DoK,0.0,sine
47,47,-108.12191839573202,29.0,20,elevation,DoK,0.0,sine
48,48,-108.3565192975828,28.431372549019606,20,elevation,DoK,0.0,sine
49,49,-109.56066854194758,27.884615384615383,20,elevation,DoK,0.0,sine
50,50,-112.04979195676825,27.358490566037737,20,elevation,DoK,0.0,sine
51,51,-114.52725686523291,26.85185185185185,20,elevation,DoK,0.0,sine
52,52,-114.92006452910692,26.363636363636363,20,elevation,DoK,0.0,sine
53,53,-116.26581431781128,25.892857142857142,20,elevation,DoK,0.0,sine
54,54,-117.65194887714708,25.43859649122807,20,elevation,DoK,0.0,sine
55,55,-118.3048252330826,25.0,20,elevation,DoK,0.0,sine
56,56,-121.3197075920982,24.57627118644068,20,elevation,DoK,0.0,sine
57,57,-122.00763331353942,24.166666666666668,20,elevation,DoK,0.0,sine
58,58,-122.6412080568143,23.770491803278688,20,elevation,DoK,0.0,sine
59,59,-122.89524903339644,23.387096774193548,20,elevation,DoK,0.0,sine
60,60,-123.54454383710228,23.015873015873016,20,elevation,DoK,0.0,sine
61,61,-124.96361390766384,22.65625,20,elevation,DoK,0.0,sine
62,62,-124.87917050612415,22.307692307692307,20,elevation,DoK,0.0,sine
63,63,-125.12882685046633,21.96969696969697,20,elevation,DoK,0.0,sine
64,64,-124.4062671497316,21.64179104477612,20,elevation,DoK,0.0,sine
65,65,-123.50034674412323,21.323529411764707,20,elevation,DoK,0.0,sine
66,66,-123.41963258768872,21.014492753623188,20,elevation,DoK,0.0,sine
67,67,-122.88668284662022,20.714285714285715,20,elevation,DoK,0.0,sine
68,68,-123.2615458261268,20.422535211267604,20,elevation,DoK,0.0,sine
69,69,-123.58861169881524,20.13888888888889,20,elevation,DoK,0.0,sine
70,70,-119.5220545277296,19.863013698630137,20,elevation,DoK,0.0,sine
71,71,-119.9483884743312,19.594594594594597,20,elevation,DoK,0.0,sine
72,72,-119.73820305095356,19.33333333333333,20,elevation,DoK,0.0,sine
73,73,-119.56586392691057,19.07894736842105,20,elevation,DoK,0.0,sine
74,74,-118.53642612340074,18.83116883116883,20,elevation,DoK,0.0,sine
75,75,-119.77274472219992,18.58974358974359,20,elevation,DoK,0.0,sine
76,76,-118.77613166025934,18.354430379746837,20,elevation,DoK,0.0,sine
77,77,-118.38936094266944,18.125,20,elevation,DoK,0.0,sine
78,78,-119.15278541588076,17.901234567901234,20,elevation,DoK,0.0,sine
79,79,-118.31427757711153,17.682926829268293,20,elevation,DoK,0.0,sine
80,80,-117.48426207868076,17.46987951807229,20,elevation,DoK,0.0,sine
81,81,-116.90585985519192,17.261904761904763,20,elevation,DoK,0.0,sine
82,82,-116.24116806922024,17.058823529411764,20,elevation,DoK,0.0,sine
83,83,-114.40875179429214,16.86046511627907,20,elevation,DoK,0.0,sine
84,84,-114.25248350125922,16.666666666666668,20,elevation,DoK,0.0,sine
85,85,-114.40922256533264,16.477272727272727,20,elevation,DoK,0.0,sine
86,86,-114.33860690925714,16.292134831460675,20,elevation,DoK,0.0,sine
87,87,-114.61056487779256,16.11111111111111,20,elevation,DoK,0.0,sine
88,88,-113.60813640888104,15.934065934065934,20,elevation,DoK,0.0,sine
89,89,-112.221134153902,15.76086956521739,20,elevation,DoK,0.0,sine
90,90,-111.26897664747244,15.591397849462366,20,elevation,DoK,0.0,sine
91,91,-111.11243143029805,15.425531914893616,20,elevation,DoK,0.0,sine
92,92,-106.56758011286584,15.263157894736842,20,elevation,DoK,0.0,sine
93,93,-101.10915605271596,15.104166666666666,20,elevation,DoK,0.0,sine
94,94,-108.83597652532352,14.948453608247425,20,elevation,DoK,0.0,sine
95,95,-104.77565937822573,14.79591836734694,20,elevation,DoK,0.0,sine
96,96,-105.2707351275455,14.646464646464649,20,elevation,DoK,0.0,sine
0,0,18.39418918837183,483.3333333333333,0,curvature,DoK,0.0,sine
1,1,18.43336912264084,362.5,0,curvature,DoK,0.0,sine
2,2,18.65669365902772,290.0,0,curvature,DoK,0.0,sine
3,3,18.993371053039677,241.66666666666663,0,curvature,DoK,0.0,sine
4,4,19.359988255655605,207.14285714285717,0,curvature,DoK,0.0,sine
5,5,19.69584755157071,181.25,0,curvature,DoK,0.0,sine
6,6,20.10770680310573,161.11111111111111,0,curvature,DoK,0.0,sine
7,7,20.377005146032417,145.0,0,curvature,DoK,0.0,sine
8,8,20.71398057604585,131.8181818181818,0,curvature,DoK,0.0,sine
9,9,21.13878350714655,120.83333333333331,0,curvature,DoK,0.0,sine
10,10,21.651813171638462,111.53846153846152,0,curvature,DoK,0.0,sine
11,11,22.373646811889756,103.57142857142856,0,curvature,DoK,0.0,sine
12,12,22.86807178947708,96.66666666666669,0,curvature,DoK,0.0,sine
13,13,23.29257976752084,90.625,0,curvature,DoK,0.0,sine
14,14,24.15859800050684,85.29411764705883,0,curvature,DoK,0.0,sine
15,15,24.561748204139537,80.55555555555556,0,curvature,DoK,0.0,sine
16,16,25.427442493572546,76.3157894736842,0,curvature,DoK,0.0,sine
17,17,25.7648041750708,72.5,0,curvature,DoK,0.0,sine
18,18,26.06489705945452,69.04761904761905,0,curvature,DoK,0.0,sine
19,19,26.38672214276558,65.9090909090909,0,curvature,DoK,0.0,sine
20,20,26.47652748799452,63.04347826086956,0,curvature,DoK,0.0,sine
21,21,25.64673641350342,60.41666666666666,0,curvature,DoK,0.0,sine
22,22,25.77699633732442,58.0,0,curvature,DoK,0.0,sine
23,23,25.19401909624833,55.76923076923077,0,curvature,DoK,0.0,sine
24,24,24.71195647387657,53.7037037037037,0,curvature,DoK,0.0,sine
25,25,24.07853980813244,51.785714285714285,0,curvature,DoK,0.0,sine
26,26,24.13036443043313,50.0,0,curvature,DoK,0.0,sine
27,27,24.024041137090656,48.333333333333336,0,curvature,DoK,0.0,sine
28,28,23.752782402012464,46.774193548387096,0,curvature,DoK,0.0,sine
29,29,23.706716648003813,45.3125,0,curvature,DoK,0.0,sine
30,30,23.285778683683866,43.93939393939394,0,curvature,DoK,0.0,sine
31,31,22.63513474017632,42.64705882352941,0,curvature,DoK,0.0,sine
32,32,22.05072730129458,41.42857142857143,0,curvature,DoK,0.0,sine
33,33,18.40420699130525,40.27777777777778,0,curvature,DoK,0.0,sine
34,34,20.53845336282411,39.18918918918919,0,curvature,DoK,0.0,sine
35,35,19.187212182817465,38.1578947368421,0,curvature,DoK,0.0,sine
36,36,18.688632026997222,37.17948717948718,0,curvature,DoK,0.0,sine
37,37,18.01584556447537,36.25,0,curvature,DoK,0.0,sine
38,38,16.866309150245065,35.36585365853659,0,curvature,DoK,0.0,sine
39,39,14.239575350654505,34.523809523809526,0,curvature,DoK,0.0,sine
40,40,13.158441290722095,33.72093023255814,0,curvature,DoK,0.0,sine
41,41,11.761814767976276,32.95454545454545,0,curvature,DoK,0.0,sine
42,42,10.64015603302849,32.22222222222222,0,curvature,DoK,0.0,sine
43,43,9.171150193581184,31.52173913043478,0,curvature,DoK,0.0,sine
44,44,8.118421915922962,30.851063829787236,0,curvature,DoK,0.0,sine
45,45,7.330631579813819,30.20833333333333,0,curvature,DoK,0.0,sine
46,46,5.962821321689388,29.59183673469388,0,curvature,DoK,0.0,sine
47,47,5.149432810252883,29.0,0,curvature,DoK,0.0,sine
48,48,4.590610277416724,28.431372549019606,0,curvature,DoK,0.0,sine
49,49,4.178039460646307,27.884615384615383,0,curvature,DoK,0.0,sine
50,50,3.716848841587451,27.358490566037737,0,curvature,DoK,0.0,sine
51,51,3.9199934686681246,26.85185185185185,0,curvature,DoK,0.0,sine
52,52,3.2534139831320754,26.363636363636363,0,curvature,DoK,0.0,sine
53,53,3.0760129165530365,25.892857142857142,0,curvature,DoK,0.0,sine
54,54,2.757729000701053,25.43859649122807,0,curvature,DoK,0.0,sine
55,55,2.3516209010822493,25.0,0,curvature,DoK,0.0,sine
56,56,2.20527687696935,24.57627118644068,0,curvature,DoK,0.0,sine
57,57,1.8259438802791688,24.166666666666668,0,curvature,DoK,0.0,sine
58,58,1.4528232151626843,23.770491803278688,0,curvature,DoK,0.0,sine
59,59,1.2975022334637174,23.387096774193548,0,curvature,DoK,0.0,sine
60,60,1.1027784079849852,23.015873015873016,0,curvature,DoK,0.0,sine
61,61,1.0059472665167777,22.65625,0,curvature,DoK,0.0,sine
62,62,0.9765379226923976,22.307692307692307,0,curvature,DoK,0.0,sine
63,63,0.6914756730123948,21.96969696969697,0,curvature,DoK,0.0,sine
64,64,0.4929591406460822,21.64179104477612,0,curvature,DoK,0.0,sine
65,65,0.3585863163989167,21.323529411764707,0,curvature,DoK,0.0,sine
66,66,0.1972826193935546,21.014492753623188,0,curvature,DoK,0.0,sine
67,67,0.4395416276066299,20.714285714285715,0,curvature,DoK,0.0,sine
68,68,0.0443235698512332,20.422535211267604,0,curvature,DoK,0.0,sine
69,69,-3.5693633987762112,20.13888888888889,0,curvature,DoK,0.0,sine
70,70,0.7604574766531904,19.863013698630137,0,curvature,DoK,0.0,sine
71,71,-0.2699957153753374,19.594594594594597,0,curvature,DoK,0.0,sine
72,72,-0.5019069915020573,19.33333333333333,0,curvature,DoK,0.0,sine
73,73,-0.6454033123601484,19.07894736842105,0,curvature,DoK,0.0,sine
74,74,-0.693408112284402,18.83116883116883,0,curvature,DoK,0.0,sine
75,75,-0.6498964065555377,18.58974358974359,0,curvature,DoK,0.0,sine
76,76,-0.6446994635005723,18.354430379746837,0,curvature,DoK,0.0,sine
77,77,-0.3349805805742143,18.125,0,curvature,DoK,0.0,sine
78,78,0.1342558386450072,17.901234567901234,0,curvature,DoK,0.0,sine
79,79,0.46418441464591,17.682926829268293,0,curvature,DoK,0.0,sine
80,80,0.8267819623864376,17.46987951807229,0,curvature,DoK,0.0,sine
81,81,1.487216039682977,17.261904761904763,0,curvature,DoK,0.0,sine
82,82,2.344708182200744,17.058823529411764,0,curvature,DoK,0.0,sine
83,83,3.0010310898470056,16.86046511627907,0,curvature,DoK,0.0,sine
84,84,3.4618870922349174,16.666666666666668,0,curvature,DoK,0.0,sine
85,85,3.291581052930521,16.477272727272727,0,curvature,DoK,0.0,sine
86,86,3.3277727305197957,16.292134831460675,0,curvature,DoK,0.0,sine
87,87,3.5586674642771907,16.11111111111111,0,curvature,DoK,0.0,sine
88,88,4.217743459429924,15.934065934065934,0,curvature,DoK,0.0,sine
89,89,5.096764146245997,15.76086956521739,0,curvature,DoK,0.0,sine
90,90,6.1947222131608015,15.591397849462366,0,curvature,DoK,0.0,sine
91,91,7.965219403906259,15.425531914893616,0,curvature,DoK,0.0,sine
92,92,9.260130535638648,15.263157894736842,0,curvature,DoK,0.0,sine
93,93,10.9478424081415,15.104166666666666,0,curvature,DoK,0.0,sine
94,94,12.505177240988516,14.948453608247425,0,curvature,DoK,0.0,sine
95,95,12.54778375092994,14.79591836734694,0,curvature,DoK,0.0,sine
96,96,13.264594391102625,14.646464646464649,0,curvature,DoK,0.0,sine
0,0,-0.5984867518013977,483.3333333333333,0,elevation,logDoK,0.1,sine
1,1,-0.9443301249494712,362.5,0,elevation,logDoK,0.1,sine
2,2,-0.899068751590989,290.0,0,elevation,logDoK,0.1,sine
3,3,-0.8357710634315481,241.66666666666663,0,elevation,logDoK,0.1,sine
4,4,-0.7931310228308717,207.14285714285717,0,elevation,logDoK,0.1,sine
5,5,-0.6922997524383203,181.25,0,elevation,logDoK,0.1,sine
6,6,-0.8474760377956239,161.11111111111111,0,elevation,logDoK,0.1,sine
7,7,-0.9471256456946804,145.0,0,elevation,logDoK,0.1,sine
8,8,-1.0210486373752212,131.8181818181818,0,elevation,logDoK,0.1,sine
9,9,-1.0307463571212947,120.83333333333331,0,elevation,logDoK,0.1,sine
10,10,-1.0794924724909338,111.53846153846152,0,elevation,logDoK,0.1,sine
11,11,-1.0338535826860678,103.57142857142856,0,elevation,logDoK,0.1,sine
12,12,-1.1272880846135196,96.66666666666669,0,elevation,logDoK,0.1,sine
13,13,-1.251005102666867,90.625,0,elevation,logDoK,0.1,sine
14,14,-1.3875909131317072,85.29411764705883,0,elevation,logDoK,0.1,sine
15,15,-1.4488250302561656,80.55555555555556,0,elevation,logDoK,0.1,sine
16,16,-1.310105908077176,76.3157894736842,0,elevation,logDoK,0.1,sine
17,17,-1.3839491727371664,72.5,0,elevation,logDoK,0.1,sine
18,18,-1.337277105875436,69.04761904761905,0,elevation,logDoK,0.1,sine
19,19,-1.3445253889039048,65.9090909090909,0,elevation,logDoK,0.1,sine
20,20,-1.288975464552602,63.04347826086956,0,elevation,logDoK,0.1,sine
21,21,-1.2283164624655012,60.41666666666666,0,elevation,logDoK,0.1,sine
22,22,-1.3010147357872397,58.0,0,elevation,logDoK,0.1,sine
23,23,-1.3019493591143887,55.76923076923077,0,elevation,logDoK,0.1,sine
24,24,-1.2943238870605651,53.7037037037037,0,elevation,logDoK,0.1,sine
25,25,-1.2930420337322104,51.785714285714285,0,elevation,logDoK,0.1,sine
26,26,-1.2615136805911449,50.0,0,elevation,logDoK,0.1,sine
27,27,-1.282486962021821,48.333333333333336,0,elevation,logDoK,0.1,sine
28,28,-1.2914257198227792,46.774193548387096,0,elevation,logDoK,0.1,sine
29,29,-1.2590316654811595,45.3125,0,elevation,logDoK,0.1,sine
30,30,-1.2851148432002055,43.93939393939394,0,elevation,logDoK,0.1,sine
31,31,-1.3520673685953457,42.64705882352941,0,elevation,logDoK,0.1,sine
32,32,-1.3001922541625073,41.42857142857143,0,elevation,logDoK,0.1,sine
33,33,-1.567372397683359,40.27777777777778,0,elevation,logDoK,0.1,sine
34,34,-1.3392555474428904,39.18918918918919,0,elevation,logDoK,0.1,sine
35,35,-1.401401368422471,38.1578947368421,0,elevation,logDoK,0.1,sine
36,36,-1.3289874602643794,37.17948717948718,0,elevation,logDoK,0.1,sine
37,37,-1.3658653818870092,36.25,0,elevation,logDoK,0.1,sine
38,38,-1.3859055133851668,35.36585365853659,0,elevation,logDoK,0.1,sine
39,39,-1.4138675966788654,34.523809523809526,0,elevation,logDoK,0.1,sine
40,40,-1.3699635471959115,33.72093023255814,0,elevation,logDoK,0.1,sine
41,41,-1.4362001665112436,32.95454545454545,0,elevation,logDoK,0.1,sine
42,42,-1.4694415864757964,32.22222222222222,0,elevation,logDoK,0.1,sine
43,43,-1.524384963370962,31.52173913043478,0,elevation,logDoK,0.1,sine
44,44,-1.5027918739324762,30.851063829787236,0,elevation,logDoK,0.1,sine
45,45,-1.498841375507632,30.20833333333333,0,elevation,logDoK,0.1,sine
46,46,-1.4999352891653672,29.59183673469388,0,elevation,logDoK,0.1,sine
47,47,-1.5575183343959595,29.0,0,elevation,logDoK,0.1,sine
48,48,-1.601194498842761,28.431372549019606,0,elevation,logDoK,0.1,sine
49,49,-1.6372813712594383,27.884615384615383,0,elevation,logDoK,0.1,sine
50,50,-1.6004343909240444,27.358490566037737,0,elevation,logDoK,0.1,sine
51,51,-1.6240113243769627,26.85185185185185,0,elevation,logDoK,0.1,sine
52,52,-1.6147345043636097,26.363636363636363,0,elevation,logDoK,0.1,sine
53,53,-1.62342835123491,25.892857142857142,0,elevation,logDoK,0.1,sine
54,54,-1.5881361296555043,25.43859649122807,0,elevation,logDoK,0.1,sine
55,55,-1.6052219412094095,25.0,0,elevation,logDoK,0.1,sine
56,56,-1.6096139668917984,24.57627118644068,0,elevation,logDoK,0.1,sine
57,57,-1.6091202159801357,24.166666666666668,0,elevation,logDoK,0.1,sine
58,58,-1.5820796591724278,23.770491803278688,0,elevation,logDoK,0.1,sine
59,59,-1.5946981382072851,23.387096774193548,0,elevation,logDoK,0.1,sine
60,60,-1.612753607138438,23.015873015873016,0,elevation,logDoK,0.1,sine
61,61,-1.6463705790232008,22.65625,0,elevation,logDoK,0.1,sine
62,62,-1.6094443627988,22.307692307692307,0,elevation,logDoK,0.1,sine
63,63,-1.736493217242783,21.96969696969697,0,elevation,logDoK,0.1,sine
64,64,-1.6727921463756708,21.64179104477612,0,elevation,logDoK,0.1,sine
65,65,-1.66082589003049,21.323529411764707,0,elevation,logDoK,0.1,sine
66,66,-1.5738422372154892,21.014492753623188,0,elevation,logDoK,0.1,sine
67,67,-1.814482941813447,20.714285714285715,0,elevation,logDoK,0.1,sine
68,68,-1.432877006777875,20.422535211267604,0,elevation,logDoK,0.1,sine
69,69,-2.4272939622345806,20.13888888888889,0,elevation,logDoK,0.1,sine
70,70,-1.6924717873209498,19.863013698630137,0,elevation,logDoK,0.1,sine
71,71,-2.005392976007701,19.594594594594597,0,elevation,logDoK,0.1,sine
72,72,-1.6568339728454828,19.33333333333333,0,elevation,logDoK,0.1,sine
73,73,-1.7684924018234842,19.07894736842105,0,elevation,logDoK,0.1,sine
74,74,-1.7765669318185184,18.83116883116883,0,elevation,logDoK,0.1,sine
75,75,-1.7605504773451768,18.58974358974359,0,elevation,logDoK,0.1,sine
76,76,-1.7884919331140512,18.354430379746837,0,elevation,logDoK,0.1,sine
77,77,-1.85667015913108,18.125,0,elevation,logDoK,0.1,sine
78,78,-1.841536759172827,17.901234567901234,0,elevation,logDoK,0.1,sine
79,79,-1.8661136364481707,17.682926829268293,0,elevation,logDoK,0.1,sine
80,80,-1.8305439255467264,17.46987951807229,0,elevation,logDoK,0.1,sine
81,81,-1.847239778655148,17.261904761904763,0,elevation,logDoK,0.1,sine
82,82,-1.8072420257581296,17.058823529411764,0,elevation,logDoK,0.1,sine
83,83,-1.826022241136872,16.86046511627907,0,elevation,logDoK,0.1,sine
84,84,-1.8396668576764712,16.666666666666668,0,elevation,logDoK,0.1,sine
85,85,-1.8597046972274256,16.477272727272727,0,elevation,logDoK,0.1,sine
86,86,-1.8337955437852684,16.292134831460675,0,elevation,logDoK,0.1,sine
87,87,-1.8439302068944807,16.11111111111111,0,elevation,logDoK,0.1,sine
88,88,-1.8049314155568013,15.934065934065934,0,elevation,logDoK,0.1,sine
89,89,-1.7994277954811142,15.76086956521739,0,elevation,logDoK,0.1,sine
90,90,-1.760811104484224,15.591397849462366,0,elevation,logDoK,0.1,sine
91,91,-1.738087757653789,15.425531914893616,0,elevation,logDoK,0.1,sine
92,92,-1.7680991691677106,15.263157894736842,0,elevation,logDoK,0.1,sine
93,93,-1.533740364431264,15.104166666666666,0,elevation,logDoK,0.1,sine
94,94,-1.6261821257989275,14.948453608247425,0,elevation,logDoK,0.1,sine
95,95,-1.79231424620606,14.79591836734694,0,elevation,logDoK,0.1,sine
96,96,-1.731441438187052,14.646464646464649,0,elevation,logDoK,0.1,sine
0,0,0.0302846816085039,483.3333333333333,30,elevation,KoD,0.1,sine
1,1,0.0347570833592069,362.5,30,elevation,KoD,0.1,sine
2,2,0.0475218062331245,290.0,30,elevation,KoD,0.1,sine
3,3,0.072797835631054,241.66666666666663,30,elevation,KoD,0.1,sine
4,4,0.1386993664551303,207.14285714285717,30,elevation,KoD,0.1,sine
5,5,0.201501209157664,181.25,30,elevation,KoD,0.1,sine
6,6,0.2816112824557834,161.11111111111111,30,elevation,KoD,0.1,sine
7,7,0.3572059186357897,145.0,30,elevation,KoD,0.1,sine
8,8,0.4829997915047991,131.8181818181818,30,elevation,KoD,0.1,sine
9,9,0.6621782821925764,120.83333333333331,30,elevation,KoD,0.1,sine
10,10,0.756182599726717,111.53846153846152,30,elevation,KoD,0.1,sine
11,11,0.8723765298975886,103.57142857142856,30,elevation,KoD,0.1,sine
12,12,1.0013735073376158,96.66666666666669,30,elevation,KoD,0.1,sine
13,13,1.1222528091543214,90.625,30,elevation,KoD,0.1,sine
14,14,1.2547797392634892,85.29411764705883,30,elevation,KoD,0.1,sine
15,15,1.392554030289788,80.55555555555556,30,elevation,KoD,0.1,sine
16,16,1.4815745976307193,76.3157894736842,30,elevation,KoD,0.1,sine
17,17,1.56650003145367,72.5,30,elevation,KoD,0.1,sine
18,18,1.6493597676409455,69.04761904761905,30,elevation,KoD,0.1,sine
19,19,1.717987648408105,65.9090909090909,30,elevation,KoD,0.1,sine
20,20,1.7790512187732817,63.04347826086956,30,elevation,KoD,0.1,sine
21,21,1.930992311362531,60.41666666666666,30,elevation,KoD,0.1,sine
22,22,1.860663387670531,58.0,30,elevation,KoD,0.1,sine
23,23,1.9106587029262685,55.76923076923077,30,elevation,KoD,0.1,sine
24,24,1.9579671173257156,53.7037037037037,30,elevation,KoD,0.1,sine
25,25,1.9871859418315851,51.785714285714285,30,elevation,KoD,0.1,sine
26,26,2.005224466484464,50.0,30,elevation,KoD,0.1,sine
27,27,2.0299981704370387,48.333333333333336,30,elevation,KoD,0.1,sine
28,28,2.0351910708182124,46.774193548387096,30,elevation,KoD,0.1,sine
29,29,2.117482027143673,45.3125,30,elevation,KoD,0.1,sine
30,30,2.0560529871968005,43.93939393939394,30,elevation,KoD,0.1,sine
31,31,2.0617037091907195,42.64705882352941,30,elevation,KoD,0.1,sine
32,32,2.059019252947015,41.42857142857143,30,elevation,KoD,0.1,sine
33,33,2.114150155999952,40.27777777777778,30,elevation,KoD,0.1,sine
34,34,2.07156799260126,39.18918918918919,30,elevation,KoD,0.1,sine
35,35,2.039893690563962,38.1578947368421,30,elevation,KoD,0.1,sine
36,36,2.017853878354066,37.17948717948718,30,elevation,KoD,0.1,sine
37,37,1.951423704302257,36.25,30,elevation,KoD,0.1,sine
38,38,1.9175848336313392,35.36585365853659,30,elevation,KoD,0.1,sine
39,39,1.855873305118904,34.523809523809526,30,elevation,KoD,0.1,sine
40,40,1.8094528283356337,33.72093023255814,30,elevation,KoD,0.1,sine
41,41,1.7765005371627884,32.95454545454545,30,elevation,KoD,0.1,sine
42,42,1.716377191960779,32.22222222222222,30,elevation,KoD,0.1,sine
43,43,1.677691197777881,31.52173913043478,30,elevation,KoD,0.1,sine
44,44,1.6149809092120109,30.851063829787236,30,elevation,KoD,0.1,sine
45,45,2.0515451215871154,30.20833333333333,30,elevation,KoD,0.1,sine
46,46,1.4090497327769032,29.59183673469388,30,elevation,KoD,0.1,sine
47,47,1.4069153143651834,29.0,30,elevation,KoD,0.1,sine
48,48,1.321622645407002,28.431372549019606,30,elevation,KoD,0.1,sine
49,49,1.2401052731533886,27.884615384615383,30,elevation,KoD,0.1,sine
50,50,1.1710933844924178,27.358490566037737,30,elevation,KoD,0.1,sine
51,51,1.0671636682330723,26.85185185185185,30,elevation,KoD,0.1,sine
52,52,0.9957386074196044,26.363636363636363,30,elevation,KoD,0.1,sine
53,53,0.9138700258243831,25.892857142857142,30,elevation,KoD,0.1,sine
54,54,0.843103788103003,25.43859649122807,30,elevation,KoD,0.1,sine
55,55,0.8015912785227571,25.0,30,elevation,KoD,0.1,sine
56,56,0.7524699122667279,24.57627118644068,30,elevation,KoD,0.1,sine
57,57,0.7150909709467969,24.166666666666668,30,elevation,KoD,0.1,sine
58,58,0.6842320830189409,23.770491803278688,30,elevation,KoD,0.1,sine
59,59,0.6520904525421732,23.387096774193548,30,elevation,KoD,0.1,sine
60,60,0.6426932259474839,23.015873015873016,30,elevation,KoD,0.1,sine
61,61,0.6533672193714287,22.65625,30,elevation,KoD,0.1,sine
62,62,0.6845369805332137,22.307692307692307,30,elevation,KoD,0.1,sine
63,63,0.729359495555712,21.96969696969697,30,elevation,KoD,0.1,sine
64,64,0.7756540747907729,21.64179104477612,30,elevation,KoD,0.1,sine
65,65,0.8606775647408078,21.323529411764707,30,elevation,KoD,0.1,sine
66,66,0.9467529171621312,21.014492753623188,30,elevation,KoD,0.1,sine
67,67,1.0328040950812096,20.714285714285715,30,elevation,KoD,0.1,sine
68,68,1.1214119303304373,20.422535211267604,30,elevation,KoD,0.1,sine
69,69,1.0005140902016163,20.13888888888889,30,elevation,KoD,0.1,sine
70,70,1.2139976935052998,19.863013698630137,30,elevation,KoD,0.1,sine
71,71,1.2369583097894812,19.594594594594597,30,elevation,KoD,0.1,sine
72,72,1.2571716568676643,19.33333333333333,30,elevation,KoD,0.1,sine
73,73,1.2478280759380698,19.07894736842105,30,elevation,KoD,0.1,sine
74,74,1.2603454430641192,18.83116883116883,30,elevation,KoD,0.1,sine
75,75,1.263718329374571,18.58974358974359,30,elevation,KoD,0.1,sine
76,76,1.2510828059735029,18.354430379746837,30,elevation,KoD,0.1,sine
77,77,1.230286554605227,18.125,30,elevation,KoD,0.1,sine
78,78,1.2060414302185989,17.901234567901234,30,elevation,KoD,0.1,sine
79,79,1.1626008003665795,17.682926829268293,30,elevation,KoD,0.1,sine
80,80,1.1468563409085064,17.46987951807229,30,elevation,KoD,0.1,sine
81,81,1.124163613420273,17.261904761904763,30,elevation,KoD,0.1,sine
82,82,1.0867526205130953,17.058823529411764,30,elevation,KoD,0.1,sine
83,83,1.0596653623709271,16.86046511627907,30,elevation,KoD,0.1,sine
84,84,1.0395707827209102,16.666666666666668,30,elevation,KoD,0.1,sine
85,85,1.0299842344625698,16.477272727272727,30,elevation,KoD,0.1,sine
86,86,1.0162366839582204,16.292134831460675,30,elevation,KoD,0.1,sine
87,87,0.9919890470531008,16.11111111111111,30,elevation,KoD,0.1,sine
88,88,1.0032567418060627,15.934065934065934,30,elevation,KoD,0.1,sine
89,89,0.9650260567174184,15.76086956521739,30,elevation,KoD,0.1,sine
90,90,0.9054331245407954,15.591397849462366,30,elevation,KoD,0.1,sine
91,91,0.9065140507395024,15.425531914893616,30,elevation,KoD,0.1,sine
92,92,0.8220146585656718,15.263157894736842,30,elevation,KoD,0.1,sine
93,93,0.5848876451011893,15.104166666666666,30,elevation,KoD,0.1,sine
94,94,0.7933861400935597,14.948453608247425,30,elevation,KoD,0.1,sine
95,95,0.7429973101172851,14.79591836734694,30,elevation,KoD,0.1,sine
96,96,0.7290825073684695,14.646464646464649,30,elevation,KoD,0.1,sine
0,0,4.679906774535704,483.3333333333333,10,elevation,DoK,0.0,sine
1,1,0.045812037111645,362.5,10,elevation,DoK,0.0,sine
2,2,-7.218425118775585,290.0,10,elevation,DoK,0.0,sine
3,3,-6.353334870126169,241.66666666666663,10,elevation,DoK,0.0,sine
4,4,-8.75224101505746,207.14285714285717,10,elevation,DoK,0.0,sine
5,5,-7.390623473046709,181.25,10,elevation,DoK,0.0,sine
6,6,-9.742844823128102,161.11111111111111,10,elevation,DoK,0.0,sine
7,7,-13.49165923428822,145.0,10,elevation,DoK,0.0,sine
8,8,-13.42637436793608,131.8181818181818,10,elevation,DoK,0.0,sine
9,9,-17.214682777072536,120.83333333333331,10,elevation,DoK,0.0,sine
10,10,-19.802774264653117,111.53846153846152,10,elevation,DoK,0.0,sine
11,11,-17.830723606789856,103.57142857142856,10,elevation,DoK,0.0,sine
12,12,-21.049652904047097,96.66666666666669,10,elevation,DoK,0.0,sine
13,13,-20.821204333539374,90.625,10,elevation,DoK,0.0,sine
14,14,-21.63105052366621,85.29411764705883,10,elevation,DoK,0.0,sine
15,15,-21.24455211481543,80.55555555555556,10,elevation,DoK,0.0,sine
16,16,-21.98143340906663,76.3157894736842,10,elevation,DoK,0.0,sine
17,17,-22.941012482487636,72.5,10,elevation,DoK,0.0,sine
18,18,-22.43161975505372,69.04761904761905,10,elevation,DoK,0.0,sine
19,19,-22.638671320230333,65.9090909090909,10,elevation,DoK,0.0,sine
20,20,-24.114086222776844,63.04347826086956,10,elevation,DoK,0.0,sine
21,21,-20.3306193707138,60.41666666666666,10,elevation,DoK,0.0,sine
22,22,-22.97248491116598,58.0,10,elevation,DoK,0.0,sine
23,23,-22.539634016435063,55.76923076923077,10,elevation,DoK,0.0,sine
24,24,-21.775055692634258,53.7037037037037,10,elevation,DoK,0.0,sine
25,25,-21.49418076674344,51.785714285714285,10,elevation,DoK,0.0,sine
26,26,-19.8351513121936,50.0,10,elevation,DoK,0.0,sine
27,27,-19.333323229224245,48.333333333333336,10,elevation,DoK,0.0,sine
28,28,-18.86058602731657,46.774193548387096,10,elevation,DoK,0.0,sine
29,29,-17.971650302385203,45.3125,10,elevation,DoK,0.0,sine
30,30,-17.781135723856853,43.93939393939394,10,elevation,DoK,0.0,sine
31,31,-18.27253299749741,42.64705882352941,10,elevation,DoK,0.0,sine
32,32,-15.509831607913714,41.42857142857143,10,elevation,DoK,0.0,sine
33,33,-14.273374547043812,40.27777777777778,10,elevation,DoK,0.0,sine
34,34,-16.48878614043308,39.18918918918919,10,elevation,DoK,0.0,sine
35,35,-15.666741441874382,38.1578947368421,10,elevation,DoK,0.0,sine
36,36,-13.76630567469709,37.17948717948718,10,elevation,DoK,0.0,sine
37,37,-13.992282697242173,36.25,10,elevation,DoK,0.0,sine
38,38,-14.613017391157443,35.36585365853659,10,elevation,DoK,0.0,sine
39,39,-14.804602743032827,34.523809523809526,10,elevation,DoK,0.0,sine
40,40,-15.287576907370262,33.72093023255814,10,elevation,DoK,0.0,sine
41,41,-15.136279402676774,32.95454545454545,10,elevation,DoK,0.0,sine
42,42,-16.053736006478633,32.22222222222222,10,elevation,DoK,0.0,sine
43,43,-16.089595375098146,31.52173913043478,10,elevation,DoK,0.0,sine
44,44,-17.025151279246412,30.851063829787236,10,elevation,DoK,0.0,sine
45,45,-14.69033922685892,30.20833333333333,10,elevation,DoK,0.0,sine
46,46,-18.137186323352733,29.59183673469388,10,elevation,DoK,0.0,sine
47,47,-16.153680236837236,29.0,10,elevation,DoK,0.0,sine
48,48,-16.208945064670427,28.431372549019606,10,elevation,DoK,0.0,sine
49,49,-16.224309739119786,27.884615384615383,10,elevation,DoK,0.0,sine
50,50,-15.910951611434246,27.358490566037737,10,elevation,DoK,0.0,sine
51,51,-16.046339824200142,26.85185185185185,10,elevation,DoK,0.0,sine
52,52,-15.162854889453415,26.363636363636363,10,elevation,DoK,0.0,sine
53,53,-14.99581886271957,25.892857142857142,10,elevation,DoK,0.0,sine
54,54,-14.65973449382386,25.43859649122807,10,elevation,DoK,0.0,sine
55,55,-13.815365094060116,25.0,10,elevation,DoK,0.0,sine
56,56,-14.483707663296872,24.57627118644068,10,elevation,DoK,0.0,sine
57,57,-14.223269739046724,24.166666666666668,10,elevation,DoK,0.0,sine
58,58,-13.623572049078636,23.770491803278688,10,elevation,DoK,0.0,sine
59,59,-12.779881113461505,23.387096774193548,10,elevation,DoK,0.0,sine
60,60,-12.75889026353789,23.015873015873016,10,elevation,DoK,0.0,sine
61,61,-12.609390458062794,22.65625,10,elevation,DoK,0.0,sine
62,62,-11.896700795270398,22.307692307692307,10,elevation,DoK,0.0,sine
63,63,-11.489423845004463,21.96969696969697,10,elevation,DoK,0.0,sine
64,64,-11.653732168944805,21.64179104477612,10,elevation,DoK,0.0,sine
65,65,-11.038399803489416,21.323529411764707,10,elevation,DoK,0.0,sine
66,66,-9.92884092274809,21.014492753623188,10,elevation,DoK,0.0,sine
67,67,-8.46441529321568,20.714285714285715,10,elevation,DoK,0.0,sine
68,68,-11.524883981320016,20.422535211267604,10,elevation,DoK,0.0,sine
69,69,-14.721963963815082,20.13888888888889,10,elevation,DoK,0.0,sine
70,70,-6.507397000832025,19.863013698630137,10,elevation,DoK,0.0,sine
71,71,-9.573311863718647,19.594594594594597,10,elevation,DoK,0.0,sine
72,72,-12.683248434294685,19.33333333333333,10,elevation,DoK,0.0,sine
73,73,-13.350187921214644,19.07894736842105,10,elevation,DoK,0.0,sine
74,74,-13.47178531173521,18.83116883116883,10,elevation,DoK,0.0,sine
75,75,-13.819837418944896,18.58974358974359,10,elevation,DoK,0.0,sine
76,76,-13.98635421291348,18.354430379746837,10,elevation,DoK,0.0,sine
77,77,-15.24831829491418,18.125,10,elevation,DoK,0.0,sine
78,78,-15.943570967598529,17.901234567901234,10,elevation,DoK,0.0,sine
79,79,-16.35173869051953,17.682926829268293,10,elevation,DoK,0.0,sine
80,80,-16.441722882589833,17.46987951807229,10,elevation,DoK,0.0,sine
81,81,-17.660927569446006,17.261904761904763,10,elevation,DoK,0.0,sine
82,82,-18.161313339178523,17.058823529411764,10,elevation,DoK,0.0,sine
83,83,-16.96074333934227,16.86046511627907,10,elevation,DoK,0.0,sine
84,84,-17.492843846376925,16.666666666666668,10,elevation,DoK,0.0,sine
85,85,-17.456654476488833,16.477272727272727,10,elevation,DoK,0.0,sine
86,86,-17.469981450797196,16.292134831460675,10,elevation,DoK,0.0,sine
87,87,-17.112183921508855,16.11111111111111,10,elevation,DoK,0.0,sine
88,88,-16.777105710327152,15.934065934065934,10,elevation,DoK,0.0,sine
89,89,-16.69498385617349,15.76086956521739,10,elevation,DoK,0.0,sine
90,90,-16.504718509372463,15.591397849462366,10,elevation,DoK,0.0,sine
91,91,-16.549349450173114,15.425531914893616,10,elevation,DoK,0.0,sine
92,92,-18.357004091451227,15.263157894736842,10,elevation,DoK,0.0,sine
93,93,-16.26026833888999,15.104166666666666,10,elevation,DoK,0.0,sine
94,94,-15.462717580644531,14.948453608247425,10,elevation,DoK,0.0,sine
95,95,-17.679098408528954,14.79591836734694,10,elevation,DoK,0.0,sine
96,96,-17.66514373949992,14.646464646464649,10,elevation,DoK,0.0,sine
0,0,0.1055702883896594,483.3333333333333,10,elevation,logDoK,0.1,sine
1,1,-0.1664570778990839,362.5,10,elevation,logDoK,0.1,sine
2,2,0.0116977789807242,290.0,10,elevation,logDoK,0.1,sine
3,3,-0.2519118382193839,241.66666666666663,10,elevation,logDoK,0.1,sine
4,4,-0.1888827990141997,207.14285714285717,10,elevation,logDoK,0.1,sine
5,5,-0.1918399838924547,181.25,10,elevation,logDoK,0.1,sine
6,6,-0.1808169456764328,161.11111111111111,10,elevation,logDoK,0.1,sine
7,7,-0.3068919681250497,145.0,10,elevation,logDoK,0.1,sine
8,8,-0.3820716017147159,131.8181818181818,10,elevation,logDoK,0.1,sine
9,9,-0.3956923165192014,120.83333333333331,10,elevation,logDoK,0.1,sine
10,10,-0.4692340264115253,111.53846153846152,10,elevation,logDoK,0.1,sine
11,11,-0.5493690135638958,103.57142857142856,10,elevation,logDoK,0.1,sine
12,12,-0.6802064567339052,96.66666666666669,10,elevation,logDoK,0.1,sine
13,13,-0.6685483035769699,90.625,10,elevation,logDoK,0.1,sine
14,14,-0.7242003832893065,85.29411764705883,10,elevation,logDoK,0.1,sine
15,15,-0.7211854904546982,80.55555555555556,10,elevation,logDoK,0.1,sine
16,16,-0.7306183265883479,76.3157894736842,10,elevation,logDoK,0.1,sine
17,17,-0.7595723318892627,72.5,10,elevation,logDoK,0.1,sine
18,18,-0.7605526304499508,69.04761904761905,10,elevation,logDoK,0.1,sine
19,19,-0.7491541221689759,65.9090909090909,10,elevation,logDoK,0.1,sine
20,20,-0.8046932416263235,63.04347826086956,10,elevation,logDoK,0.1,sine
21,21,-0.7191787269682393,60.41666666666666,10,elevation,logDoK,0.1,sine
22,22,-0.8109856189607609,58.0,10,elevation,logDoK,0.1,sine
23,23,-0.8040351253581259,55.76923076923077,10,elevation,logDoK,0.1,sine
24,24,-0.7788585764682532,53.7037037037037,10,elevation,logDoK,0.1,sine
25,25,-0.7923913787264645,51.785714285714285,10,elevation,logDoK,0.1,sine
26,26,-0.7850514178098889,50.0,10,elevation,logDoK,0.1,sine
27,27,-0.696514315923016,48.333333333333336,10,elevation,logDoK,0.1,sine
28,28,-0.7111618230743011,46.774193548387096,10,elevation,logDoK,0.1,sine
29,29,-0.6604646057931252,45.3125,10,elevation,logDoK,0.1,sine
30,30,-0.6440688340577403,43.93939393939394,10,elevation,logDoK,0.1,sine
31,31,-0.6749867106903209,42.64705882352941,10,elevation,logDoK,0.1,sine
32,32,-0.6760717839802743,41.42857142857143,10,elevation,logDoK,0.1,sine
33,33,-0.6457656935402942,40.27777777777778,10,elevation,logDoK,0.1,sine
34,34,-0.7109853431396951,39.18918918918919,10,elevation,logDoK,0.1,sine
35,35,-0.650657200002352,38.1578947368421,10,elevation,logDoK,0.1,sine
36,36,-0.6681455757113566,37.17948717948718,10,elevation,logDoK,0.1,sine
37,37,-0.6198933749638944,36.25,10,elevation,logDoK,0.1,sine
38,38,-0.6403113503294644,35.36585365853659,10,elevation,logDoK,0.1,sine
39,39,-0.6275854771971101,34.523809523809526,10,elevation,logDoK,0.1,sine
40,40,-0.5707284880982229,33.72093023255814,10,elevation,logDoK,0.1,sine
41,41,-0.6578272294049008,32.95454545454545,10,elevation,logDoK,0.1,sine
42,42,-0.682463697307514,32.22222222222222,10,elevation,logDoK,0.1,sine
43,43,-0.7124271416406938,31.52173913043478,10,elevation,logDoK,0.1,sine
44,44,-0.6557482695815575,30.851063829787236,10,elevation,logDoK,0.1,sine
45,45,-0.6316639972442752,30.20833333333333,10,elevation,logDoK,0.1,sine
46,46,-0.7901351204159428,29.59183673469388,10,elevation,logDoK,0.1,sine
47,47,-0.6704383414666066,29.0,10,elevation,logDoK,0.1,sine
48,48,-0.6515358343335502,28.431372549019606,10,elevation,logDoK,0.1,sine
49,49,-0.6267372930216049,27.884615384615383,10,elevation,logDoK,0.1,sine
50,50,-0.609426215799779,27.358490566037737,10,elevation,logDoK,0.1,sine
51,51,-0.6009977436724458,26.85185185185185,10,elevation,logDoK,0.1,sine
52,52,-0.5817917172455489,26.363636363636363,10,elevation,logDoK,0.1,sine
53,53,-0.5467154298347381,25.892857142857142,10,elevation,logDoK,0.1,sine
54,54,-0.529570355074592,25.43859649122807,10,elevation,logDoK,0.1,sine
55,55,-0.5620264557011985,25.0,10,elevation,logDoK,0.1,sine
56,56,-0.4999117397193684,24.57627118644068,10,elevation,logDoK,0.1,sine
57,57,-0.4938714765772254,24.166666666666668,10,elevation,logDoK,0.1,sine
58,58,-0.4591468393515112,23.770491803278688,10,elevation,logDoK,0.1,sine
59,59,-0.4586728974121004,23.387096774193548,10,elevation,logDoK,0.1,sine
60,60,-0.4437472460967189,23.015873015873016,10,elevation,logDoK,0.1,sine
61,61,-0.3927720483619608,22.65625,10,elevation,logDoK,0.1,sine
62,62,-0.3500172466906359,22.307692307692307,10,elevation,logDoK,0.1,sine
63,63,-0.3809891477929941,21.96969696969697,10,elevation,logDoK,0.1,sine
64,64,-0.3819648624592768,21.64179104477612,10,elevation,logDoK,0.1,sine
65,65,-0.4075068132174622,21.323529411764707,10,elevation,logDoK,0.1,sine
66,66,-0.4259415994106581,21.014492753623188,10,elevation,logDoK,0.1,sine
67,67,-0.4855274790753623,20.714285714285715,10,elevation,logDoK,0.1,sine
68,68,-0.1605926398494892,20.422535211267604,10,elevation,logDoK,0.1,sine
69,69,-0.524772163605786,20.13888888888889,10,elevation,logDoK,0.1,sine
70,70,-0.4608230713092411,19.863013698630137,10,elevation,logDoK,0.1,sine
71,71,-0.5450621173490351,19.594594594594597,10,elevation,logDoK,0.1,sine
72,72,-0.4152082469500031,19.33333333333333,10,elevation,logDoK,0.1,sine
73,73,-0.468099185125171,19.07894736842105,10,elevation,logDoK,0.1,sine
74,74,-0.4603655004212779,18.83116883116883,10,elevation,logDoK,0.1,sine
75,75,-0.4702228379189663,18.58974358974359,10,elevation,logDoK,0.1,sine
76,76,-0.487233178925698,18.354430379746837,10,elevation,logDoK,0.1,sine
77,77,-0.527208667192747,18.125,10,elevation,logDoK,0.1,sine
78,78,-0.5540876417226659,17.901234567901234,10,elevation,logDoK,0.1,sine
79,79,-0.5557236008938344,17.682926829268293,10,elevation,logDoK,0.1,sine
80,80,-0.5761540182585048,17.46987951807229,10,elevation,logDoK,0.1,sine
81,81,-0.5944856668275802,17.261904761904763,10,elevation,logDoK,0.1,sine
82,82,-0.584063528054946,17.058823529411764,10,elevation,logDoK,0.1,sine
83,83,-0.6286597455931082,16.86046511627907,10,elevation,logDoK,0.1,sine
84,84,-0.6289850383853739,16.666666666666668,10,elevation,logDoK,0.1,sine
85,85,-0.6020279739400494,16.477272727272727,10,elevation,logDoK,0.1,sine
86,86,-0.6053837120657988,16.292134831460675,10,elevation,logDoK,0.1,sine
87,87,-0.6142371766887142,16.11111111111111,10,elevation,logDoK,0.1,sine
88,88,-0.6094833507693316,15.934065934065934,10,elevation,logDoK,0.1,sine
89,89,-0.6284294048992389,15.76086956521739,10,elevation,logDoK,0.1,sine
90,90,-0.6330193565936304,15.591397849462366,10,elevation,logDoK,0.1,sine
91,91,-0.6197730477357537,15.425531914893616,10,elevation,logDoK,0.1,sine
92,92,-0.6341492865645506,15.263157894736842,10,elevation,logDoK,0.1,sine
93,93,-0.6840800112169452,15.104166666666666,10,elevation,logDoK,0.1,sine
94,94,-0.6431230784156066,14.948453608247425,10,elevation,logDoK,0.1,sine
95,95,-0.626657074869511,14.79591836734694,10,elevation,logDoK,0.1,sine
96,96,-0.6208833324449368,14.646464646464649,10,elevation,logDoK,0.1,sine
0,0,0.0581211371143205,483.3333333333333,0,slope,KoD,0.0,sine
1,1,0.0573067203728624,362.5,0,slope,KoD,0.0,sine
2,2,0.0562560844519862,290.0,0,slope,KoD,0.0,sine
3,3,0.0551157915156727,241.66666666666663,0,slope,KoD,0.0,sine
4,4,0.0542857649042606,207.14285714285717,0,slope,KoD,0.0,sine
5,5,0.0533582933189105,181.25,0,slope,KoD,0.0,sine
6,6,0.052288529153368,161.11111111111111,0,slope,KoD,0.0,sine
7,7,0.0509448792516261,145.0,0,slope,KoD,0.0,sine
8,8,0.0497203235752184,131.8181818181818,0,slope,KoD,0.0,sine
9,9,0.0485321187786791,120.83333333333331,0,slope,KoD,0.0,sine
10,10,0.0475749426039304,111.53846153846152,0,slope,KoD,0.0,sine
11,11,0.0462857744587408,103.57142857142856,0,slope,KoD,0.0,sine
12,12,0.0452172877730396,96.66666666666669,0,slope,KoD,0.0,sine
13,13,0.0447538808995928,90.625,0,slope,KoD,0.0,sine
14,14,0.044576098995704,85.29411764705883,0,slope,KoD,0.0,sine
15,15,0.0439239900999911,80.55555555555556,0,slope,KoD,0.0,sine
16,16,0.0448517036001284,76.3157894736842,0,slope,KoD,0.0,sine
17,17,0.0448917511077102,72.5,0,slope,KoD,0.0,sine
18,18,0.0450262302646875,69.04761904761905,0,slope,KoD,0.0,sine
19,19,0.0458025602815759,65.9090909090909,0,slope,KoD,0.0,sine
20,20,0.0469649183929548,63.04347826086956,0,slope,KoD,0.0,sine
21,21,0.0487603675024763,60.41666666666666,0,slope,KoD,0.0,sine
22,22,0.0489980042176651,58.0,0,slope,KoD,0.0,sine
23,23,0.0499771564409787,55.76923076923077,0,slope,KoD,0.0,sine
24,24,0.0518141554762341,53.7037037037037,0,slope,KoD,0.0,sine
25,25,0.0516056249296545,51.785714285714285,0,slope,KoD,0.0,sine
26,26,0.0539519182537844,50.0,0,slope,KoD,0.0,sine
27,27,0.055973604374662,48.333333333333336,0,slope,KoD,0.0,sine
28,28,0.0566634180242279,46.774193548387096,0,slope,KoD,0.0,sine
29,29,0.05733028796608,45.3125,0,slope,KoD,0.0,sine
30,30,0.0574206282846882,43.93939393939394,0,slope,KoD,0.0,sine
31,31,0.0569064490147597,42.64705882352941,0,slope,KoD,0.0,sine
32,32,0.0568948540814496,41.42857142857143,0,slope,KoD,0.0,sine
33,33,0.0474776928594699,40.27777777777778,0,slope,KoD,0.0,sine
34,34,0.0571352706946319,39.18918918918919,0,slope,KoD,0.0,sine
35,35,0.0533859437546773,38.1578947368421,0,slope,KoD,0.0,sine
36,36,0.053084742868118,37.17948717948718,0,slope,KoD,0.0,sine
37,37,0.0536100969035682,36.25,0,slope,KoD,0.0,sine
38,38,0.0544035646732773,35.36585365853659,0,slope,KoD,0.0,sine
39,39,0.0550493455874509,34.523809523809526,0,slope,KoD,0.0,sine
40,40,0.0578601789648203,33.72093023255814,0,slope,KoD,0.0,sine
41,41,0.059030902234894,32.95454545454545,0,slope,KoD,0.0,sine
42,42,0.0599704483390095,32.22222222222222,0,slope,KoD,0.0,sine
43,43,0.0601628554772271,31.52173913043478,0,slope,KoD,0.0,sine
44,44,0.0593176985813164,30.851063829787236,0,slope,KoD,0.0,sine
45,45,0.0683532413485235,30.20833333333333,0,slope,KoD,0.0,sine
46,46,0.0609786133603126,29.59183673469388,0,slope,KoD,0.0,sine
47,47,0.0611633598636018,29.0,0,slope,KoD,0.0,sine
48,48,0.0603990958772406,28.431372549019606,0,slope,KoD,0.0,sine
49,49,0.0582052682867234,27.884615384615383,0,slope,KoD,0.0,sine
50,50,0.0551626211255347,27.358490566037737,0,slope,KoD,0.0,sine
51,51,0.0531762715400668,26.85185185185185,0,slope,KoD,0.0,sine
52,52,0.0519826342711129,26.363636363636363,0,slope,KoD,0.0,sine
53,53,0.0546028854814664,25.892857142857142,0,slope,KoD,0.0,sine
54,54,0.055747948807619,25.43859649122807,0,slope,KoD,0.0,sine
55,55,0.0551295849026631,25.0,0,slope,KoD,0.0,sine
56,56,0.0549913115032337,24.57627118644068,0,slope,KoD,0.0,sine
57,57,0.0536980308066614,24.166666666666668,0,slope,KoD,0.0,sine
58,58,0.0507656840560857,23.770491803278688,0,slope,KoD,0.0,sine
59,59,0.0472714880901428,23.387096774193548,0,slope,KoD,0.0,sine
60,60,0.0439800846217915,23.015873015873016,0,slope,KoD,0.0,sine
61,61,0.0397826338811755,22.65625,0,slope,KoD,0.0,sine
62,62,0.036871940626115,22.307692307692307,0,slope,KoD,0.0,sine
63,63,0.0325360806742593,21.96969696969697,0,slope,KoD,0.0,sine
64,64,0.029168575906793,21.64179104477612,0,slope,KoD,0.0,sine
65,65,0.029344766266029,21.323529411764707,0,slope,KoD,0.0,sine
66,66,0.0312771688539479,21.014492753623188,0,slope,KoD,0.0,sine
67,67,0.0311511142733324,20.714285714285715,0,slope,KoD,0.0,sine
68,68,0.033357593582809,20.422535211267604,0,slope,KoD,0.0,sine
69,69,0.0357919778424379,20.13888888888889,0,slope,KoD,0.0,sine
70,70,0.0342811987756827,19.863013698630137,0,slope,KoD,0.0,sine
71,71,0.0310583166097804,19.594594594594597,0,slope,KoD,0.0,sine
72,72,0.0313351774734507,19.33333333333333,0,slope,KoD,0.0,sine
73,73,0.0298659653089059,19.07894736842105,0,slope,KoD,0.0,sine
74,74,0.028598013514967,18.83116883116883,0,slope,KoD,0.0,sine
75,75,0.0315768121488072,18.58974358974359,0,slope,KoD,0.0,sine
76,76,0.0355454072565984,18.354430379746837,0,slope,KoD,0.0,sine
77,77,0.038161299756663,18.125,0,slope,KoD,0.0,sine
78,78,0.0425149255909623,17.901234567901234,0,slope,KoD,0.0,sine
79,79,0.0464073812025668,17.682926829268293,0,slope,KoD,0.0,sine
80,80,0.049716397765075,17.46987951807229,0,slope,KoD,0.0,sine
81,81,0.0520698296974872,17.261904761904763,0,slope,KoD,0.0,sine
82,82,0.0548819787517696,17.058823529411764,0,slope,KoD,0.0,sine
83,83,0.0553405685500674,16.86046511627907,0,slope,KoD,0.0,sine
84,84,0.0557869140648369,16.666666666666668,0,slope,KoD,0.0,sine
85,85,0.0551726075377157,16.477272727272727,0,slope,KoD,0.0,sine
86,86,0.0527399166815974,16.292134831460675,0,slope,KoD,0.0,sine
87,87,0.0518368997103515,16.11111111111111,0,slope,KoD,0.0,sine
88,88,0.0542004284020406,15.934065934065934,0,slope,KoD,0.0,sine
89,89,0.057307501290772,15.76086956521739,0,slope,KoD,0.0,sine
90,90,0.0600198244203158,15.591397849462366,0,slope,KoD,0.0,sine
91,91,0.0613754894231561,15.425531914893616,0,slope,KoD,0.0,sine
92,92,0.0618325173856348,15.263157894736842,0,slope,KoD,0.0,sine
93,93,0.0590716203132895,15.104166666666666,0,slope,KoD,0.0,sine
94,94,0.0616320336888194,14.948453608247425,0,slope,KoD,0.0,sine
95,95,0.0596731690184744,14.79591836734694,0,slope,KoD,0.0,sine
96,96,0.0590473948816154,14.646464646464649,0,slope,KoD,0.0,sine
0,0,51.21201488363474,483.3333333333333,30,curvature,DoK,0.0,sine
1,1,51.26007968378964,362.5,30,curvature,DoK,0.0,sine
2,2,51.3656708589331,290.0,30,curvature,DoK,0.0,sine
3,3,51.553559273519824,241.66666666666663,30,curvature,DoK,0.0,sine
4,4,51.80038637621659,207.14285714285717,30,curvature,DoK,0.0,sine
5,5,52.14059691482025,181.25,30,curvature,DoK,0.0,sine
6,6,52.58724786260122,161.11111111111111,30,curvature,DoK,0.0,sine
7,7,53.18723170751549,145.0,30,curvature,DoK,0.0,sine
8,8,53.81904798249204,131.8181818181818,30,curvature,DoK,0.0,sine
9,9,54.58358938307397,120.83333333333331,30,curvature,DoK,0.0,sine
10,10,55.47073894729285,111.53846153846152,30,curvature,DoK,0.0,sine
11,11,56.37745320210677,103.57142857142856,30,curvature,DoK,0.0,sine
12,12,57.19431480381756,96.66666666666669,30,curvature,DoK,0.0,sine
13,13,57.86991047785972,90.625,30,curvature,DoK,0.0,sine
14,14,58.61502103451501,85.29411764705883,30,curvature,DoK,0.0,sine
15,15,59.15627849982768,80.55555555555556,30,curvature,DoK,0.0,sine
16,16,59.89377364259248,76.3157894736842,30,curvature,DoK,0.0,sine
17,17,59.90150905694428,72.5,30,curvature,DoK,0.0,sine
18,18,59.1345399547221,69.04761904761905,30,curvature,DoK,0.0,sine
19,19,57.777288583341885,65.9090909090909,30,curvature,DoK,0.0,sine
20,20,55.83900190142767,63.04347826086956,30,curvature,DoK,0.0,sine
21,21,52.735402278289,60.41666666666666,30,curvature,DoK,0.0,sine
22,22,50.40017945509166,58.0,30,curvature,DoK,0.0,sine
23,23,47.32738995039298,55.76923076923077,30,curvature,DoK,0.0,sine
24,24,44.03126112559674,53.7037037037037,30,curvature,DoK,0.0,sine
25,25,41.17304398421683,51.785714285714285,30,curvature,DoK,0.0,sine
26,26,37.17442092043675,50.0,30,curvature,DoK,0.0,sine
27,27,33.92571997027004,48.333333333333336,30,curvature,DoK,0.0,sine
28,28,30.73619193988304,46.774193548387096,30,curvature,DoK,0.0,sine
29,29,26.509252998413025,45.3125,30,curvature,DoK,0.0,sine
30,30,23.84811815311673,43.93939393939394,30,curvature,DoK,0.0,sine
31,31,20.972866715484493,42.64705882352941,30,curvature,DoK,0.0,sine
32,32,18.54539584536031,41.42857142857143,30,curvature,DoK,0.0,sine
33,33,13.233912927003358,40.27777777777778,30,curvature,DoK,0.0,sine
34,34,14.561391780086147,39.18918918918919,30,curvature,DoK,0.0,sine
35,35,12.947360479287056,38.1578947368421,30,curvature,DoK,0.0,sine
36,36,11.844915664355105,37.17948717948718,30,curvature,DoK,0.0,sine
37,37,11.156788595986022,36.25,30,curvature,DoK,0.0,sine
38,38,10.098141064803826,35.36585365853659,30,curvature,DoK,0.0,sine
39,39,9.3960275965145,34.523809523809526,30,curvature,DoK,0.0,sine
40,40,8.58067176982295,33.72093023255814,30,curvature,DoK,0.0,sine
41,41,8.103097626244228,32.95454545454545,30,curvature,DoK,0.0,sine
42,42,7.2130553585975505,32.22222222222222,30,curvature,DoK,0.0,sine
43,43,6.230282734477635,31.52173913043478,30,curvature,DoK,0.0,sine
44,44,6.204418019664105,30.851063829787236,30,curvature,DoK,0.0,sine
45,45,7.500138000659714,30.20833333333333,30,curvature,DoK,0.0,sine
46,46,5.381722549372947,29.59183673469388,30,curvature,DoK,0.0,sine
47,47,5.309918427190311,29.0,30,curvature,DoK,0.0,sine
48,48,5.371333278665372,28.431372549019606,30,curvature,DoK,0.0,sine
49,49,5.442262782101189,27.884615384615383,30,curvature,DoK,0.0,sine
50,50,5.544286251222008,27.358490566037737,30,curvature,DoK,0.0,sine
51,51,5.497270301252929,26.85185185185185,30,curvature,DoK,0.0,sine
52,52,5.655269370170052,26.363636363636363,30,curvature,DoK,0.0,sine
53,53,5.726363874240164,25.892857142857142,30,curvature,DoK,0.0,sine
54,54,5.756675529225506,25.43859649122807,30,curvature,DoK,0.0,sine
55,55,5.887921418375209,25.0,30,curvature,DoK,0.0,sine
56,56,5.953213207830883,24.57627118644068,30,curvature,DoK,0.0,sine
57,57,6.0698571177708605,24.166666666666668,30,curvature,DoK,0.0,sine
58,58,6.074475981680502,23.770491803278688,30,curvature,DoK,0.0,sine
59,59,6.053485131756888,23.387096774193548,30,curvature,DoK,0.0,sine
60,60,5.90131762371894,23.015873015873016,30,curvature,DoK,0.0,sine
61,61,6.102486858590444,22.65625,30,curvature,DoK,0.0,sine
62,62,6.1213050078540885,22.307692307692307,30,curvature,DoK,0.0,sine
63,63,6.192567974110263,21.96969696969697,30,curvature,DoK,0.0,sine
64,64,6.22052231234132,21.64179104477612,30,curvature,DoK,0.0,sine
65,65,6.198597997290825,21.323529411764707,30,curvature,DoK,0.0,sine
66,66,6.177556377941276,21.014492753623188,30,curvature,DoK,0.0,sine
67,67,6.077134453438639,20.714285714285715,30,curvature,DoK,0.0,sine
68,68,6.176109449302082,20.422535211267604,30,curvature,DoK,0.0,sine
69,69,5.907712263685776,20.13888888888889,30,curvature,DoK,0.0,sine
70,70,6.132814667484038,19.863013698630137,30,curvature,DoK,0.0,sine
71,71,5.825865025972405,19.594594594594597,30,curvature,DoK,0.0,sine
72,72,5.545726256757666,19.33333333333333,30,curvature,DoK,0.0,sine
73,73,5.438764307113919,19.07894736842105,30,curvature,DoK,0.0,sine
74,74,5.273799442188174,18.83116883116883,30,curvature,DoK,0.0,sine
75,75,5.135899296689006,18.58974358974359,30,curvature,DoK,0.0,sine
76,76,4.948654730731208,18.354430379746837,30,curvature,DoK,0.0,sine
77,77,4.773841751024348,18.125,30,curvature,DoK,0.0,sine
78,78,4.7172684566226994,17.901234567901234,30,curvature,DoK,0.0,sine
79,79,4.6437012507393565,17.682926829268293,30,curvature,DoK,0.0,sine
80,80,4.562709016312782,17.46987951807229,30,curvature,DoK,0.0,sine
81,81,4.604569561848116,17.261904761904763,30,curvature,DoK,0.0,sine
82,82,4.687635265783966,17.058823529411764,30,curvature,DoK,0.0,sine
83,83,4.709432657269618,16.86046511627907,30,curvature,DoK,0.0,sine
84,84,4.691694512157715,16.666666666666668,30,curvature,DoK,0.0,sine
85,85,4.657487457582327,16.477272727272727,30,curvature,DoK,0.0,sine
86,86,4.638115460035738,16.292134831460675,30,curvature,DoK,0.0,sine
87,87,4.627706573868142,16.11111111111111,30,curvature,DoK,0.0,sine
88,88,4.701793012516745,15.934065934065934,30,curvature,DoK,0.0,sine
89,89,4.7405554692193554,15.76086956521739,30,curvature,DoK,0.0,sine
90,90,4.8388681548444445,15.591397849462366,30,curvature,DoK,0.0,sine
91,91,4.941938166449912,15.425531914893616,30,curvature,DoK,0.0,sine
92,92,5.285659872397323,15.263157894736842,30,curvature,DoK,0.0,sine
93,93,6.1903179654608,15.104166666666666,30,curvature,DoK,0.0,sine
94,94,6.594181825683085,14.948453608247425,30,curvature,DoK,0.0,sine
95,95,7.004698788404246,14.79591836734694,30,curvature,DoK,0.0,sine
96,96,7.385797176496316,14.646464646464649,30,curvature,DoK,0.0,sine
0,0,0.0839968361337148,483.3333333333333,30,curvature,KoD,0.0,sine
1,1,0.0840161447534418,362.5,30,curvature,KoD,0.0,sine
2,2,0.0839791413402657,290.0,30,curvature,KoD,0.0,sine
3,3,0.0838330545176212,241.66666666666663,30,curvature,KoD,0.0,sine
4,4,0.0836639953394591,207.14285714285717,30,curvature,KoD,0.0,sine
5,5,0.0833876830281791,181.25,30,curvature,KoD,0.0,sine
6,6,0.0831350953425226,161.11111111111111,30,curvature,KoD,0.0,sine
7,7,0.0824247348514899,145.0,30,curvature,KoD,0.0,sine
8,8,0.0811820610307555,131.8181818181818,30,curvature,KoD,0.0,sine
9,9,0.0793058505793758,120.83333333333331,30,curvature,KoD,0.0,sine
10,10,0.0764868281742532,111.53846153846152,30,curvature,KoD,0.0,sine
11,11,0.0732808354802057,103.57142857142856,30,curvature,KoD,0.0,sine
12,12,0.0698326563753221,96.66666666666669,30,curvature,KoD,0.0,sine
13,13,0.0663730796886655,90.625,30,curvature,KoD,0.0,sine
14,14,0.0616745767384167,85.29411764705883,30,curvature,KoD,0.0,sine
15,15,0.0568644237476894,80.55555555555556,30,curvature,KoD,0.0,sine
16,16,0.05598479611666,76.3157894736842,30,curvature,KoD,0.0,sine
17,17,0.0531518381465581,72.5,30,curvature,KoD,0.0,sine
18,18,0.0508009357091139,69.04761904761905,30,curvature,KoD,0.0,sine
19,19,0.048942219516557,65.9090909090909,30,curvature,KoD,0.0,sine
20,20,0.047206591265383,63.04347826086956,30,curvature,KoD,0.0,sine
21,21,0.0436403810869932,60.41666666666666,30,curvature,KoD,0.0,sine
22,22,0.0440187994759841,58.0,30,curvature,KoD,0.0,sine
23,23,0.0423470367286349,55.76923076923077,30,curvature,KoD,0.0,sine
24,24,0.0405399926858034,53.7037037037037,30,curvature,KoD,0.0,sine
25,25,0.0393361992399054,51.785714285714285,30,curvature,KoD,0.0,sine
26,26,0.0397124276634542,50.0,30,curvature,KoD,0.0,sine
27,27,0.0402479421199674,48.333333333333336,30,curvature,KoD,0.0,sine
28,28,0.0419150320922162,46.774193548387096,30,curvature,KoD,0.0,sine
29,29,0.0442222880091039,45.3125,30,curvature,KoD,0.0,sine
30,30,0.0474019353339998,43.93939393939394,30,curvature,KoD,0.0,sine
31,31,0.0510394721775464,42.64705882352941,30,curvature,KoD,0.0,sine
32,32,0.052780295230467,41.42857142857143,30,curvature,KoD,0.0,sine
33,33,0.0498057237392245,40.27777777777778,30,curvature,KoD,0.0,sine
34,34,0.0635481558359705,39.18918918918919,30,curvature,KoD,0.0,sine
35,35,0.0709776730161649,38.1578947368421,30,curvature,KoD,0.0,sine
36,36,0.0763925535572634,37.17948717948718,30,curvature,KoD,0.0,sine
37,37,0.0847248107799342,36.25,30,curvature,KoD,0.0,sine
38,38,0.0910105951653056,35.36585365853659,30,curvature,KoD,0.0,sine
39,39,0.1023263492616314,34.523809523809526,30,curvature,KoD,0.0,sine
40,40,0.1171969955318064,33.72093023255814,30,curvature,KoD,0.0,sine
41,41,0.1303168323368798,32.95454545454545,30,curvature,KoD,0.0,sine
42,42,0.1486403792944081,32.22222222222222,30,curvature,KoD,0.0,sine
43,43,0.1764326238118313,31.52173913043478,30,curvature,KoD,0.0,sine
44,44,0.1963988952540049,30.851063829787236,30,curvature,KoD,0.0,sine
45,45,0.1247245348861327,30.20833333333333,30,curvature,KoD,0.0,sine
46,46,0.2595212028995747,29.59183673469388,30,curvature,KoD,0.0,sine
47,47,0.2790191952196046,29.0,30,curvature,KoD,0.0,sine
48,48,0.3023826802627621,28.431372549019606,30,curvature,KoD,0.0,sine
49,49,0.317618541467489,27.884615384615383,30,curvature,KoD,0.0,sine
50,50,0.3317203740556556,27.358490566037737,30,curvature,KoD,0.0,sine
51,51,0.3537715944576231,26.85185185185185,30,curvature,KoD,0.0,sine
52,52,0.3570105363701013,26.363636363636363,30,curvature,KoD,0.0,sine
53,53,0.366421785534211,25.892857142857142,30,curvature,KoD,0.0,sine
54,54,0.3734679399266933,25.43859649122807,30,curvature,KoD,0.0,sine
55,55,0.3741369828575113,25.0,30,curvature,KoD,0.0,sine
56,56,0.3815048754287518,24.57627118644068,30,curvature,KoD,0.0,sine
57,57,0.3877386375245742,24.166666666666668,30,curvature,KoD,0.0,sine
58,58,0.3974304738889012,23.770491803278688,30,curvature,KoD,0.0,sine
59,59,0.405436376392291,23.387096774193548,30,curvature,KoD,0.0,sine
60,60,0.4117234446236823,23.015873015873016,30,curvature,KoD,0.0,sine
61,61,0.4168135015114559,22.65625,30,curvature,KoD,0.0,sine
62,62,0.4256363460071528,22.307692307692307,30,curvature,KoD,0.0,sine
63,63,0.4281962967737036,21.96969696969697,30,curvature,KoD,0.0,sine
64,64,0.4317589800891429,21.64179104477612,30,curvature,KoD,0.0,sine
65,65,0.4360399041637054,21.323529411764707,30,curvature,KoD,0.0,sine
66,66,0.4414854145121606,21.014492753623188,30,curvature,KoD,0.0,sine
67,67,0.4437173458037238,20.714285714285715,30,curvature,KoD,0.0,sine
68,68,0.435576174737209,20.422535211267604,30,curvature,KoD,0.0,sine
69,69,0.3990997028971633,20.13888888888889,30,curvature,KoD,0.0,sine
70,70,0.4611432912859445,19.863013698630137,30,curvature,KoD,0.0,sine
71,71,0.4690799976719526,19.594594594594597,30,curvature,KoD,0.0,sine
72,72,0.4756530176700706,19.33333333333333,30,curvature,KoD,0.0,sine
73,73,0.4834564247642039,19.07894736842105,30,curvature,KoD,0.0,sine
74,74,0.4900915107596594,18.83116883116883,30,curvature,KoD,0.0,sine
75,75,0.4960070997367457,18.58974358974359,30,curvature,KoD,0.0,sine
76,76,0.4999065284359887,18.354430379746837,30,curvature,KoD,0.0,sine
77,77,0.501409218211789,18.125,30,curvature,KoD,0.0,sine
78,78,0.5016135810334379,17.901234567901234,30,curvature,KoD,0.0,sine
79,79,0.5026636100452866,17.682926829268293,30,curvature,KoD,0.0,sine
80,80,0.5016812153150004,17.46987951807229,30,curvature,KoD,0.0,sine
81,81,0.4996401675229074,17.261904761904763,30,curvature,KoD,0.0,sine
82,82,0.4953590057776768,17.058823529411764,30,curvature,KoD,0.0,sine
83,83,0.4906649761289319,16.86046511627907,30,curvature,KoD,0.0,sine
84,84,0.484431587515588,16.666666666666668,30,curvature,KoD,0.0,sine
85,85,0.4775630410181125,16.477272727272727,30,curvature,KoD,0.0,sine
86,86,0.469409952465238,16.292134831460675,30,curvature,KoD,0.0,sine
87,87,0.4588721782870907,16.11111111111111,30,curvature,KoD,0.0,sine
88,88,0.4473251865461099,15.934065934065934,30,curvature,KoD,0.0,sine
89,89,0.4366162894869008,15.76086956521739,30,curvature,KoD,0.0,sine
90,90,0.4255109917061845,15.591397849462366,30,curvature,KoD,0.0,sine
91,91,0.4160808986533864,15.425531914893616,30,curvature,KoD,0.0,sine
92,92,0.4075909289048978,15.263157894736842,30,curvature,KoD,0.0,sine
93,93,0.4023765023517811,15.104166666666666,30,curvature,KoD,0.0,sine
94,94,0.3843060619234661,14.948453608247425,30,curvature,KoD,0.0,sine
95,95,0.3788355622019034,14.79591836734694,30,curvature,KoD,0.0,sine
96,96,0.3714288614058506,14.646464646464649,30,curvature,KoD,0.0,sine
0,0,-0.5112076581939659,483.3333333333333,0,elevation,logKoD,0.1,sine
1,1,-0.4272224862344971,362.5,0,elevation,logKoD,0.1,sine
2,2,-0.4491661617397354,290.0,0,elevation,logKoD,0.1,sine
3,3,-0.4344020927021427,241.66666666666663,0,elevation,logKoD,0.1,sine
4,4,-0.4096100998107764,207.14285714285717,0,elevation,logKoD,0.1,sine
5,5,-0.4063513601648547,181.25,0,elevation,logKoD,0.1,sine
6,6,-0.3889704604086046,161.11111111111111,0,elevation,logKoD,0.1,sine
7,7,-0.3450832731086423,145.0,0,elevation,logKoD,0.1,sine
8,8,-0.319687515839885,131.8181818181818,0,elevation,logKoD,0.1,sine
9,9,-0.3166939872274159,120.83333333333331,0,elevation,logKoD,0.1,sine
10,10,-0.2878503228132587,111.53846153846152,0,elevation,logKoD,0.1,sine
11,11,-0.2719140864920106,103.57142857142856,0,elevation,logKoD,0.1,sine
12,12,-0.2409812303473553,96.66666666666669,0,elevation,logKoD,0.1,sine
13,13,-0.228037704086004,90.625,0,elevation,logKoD,0.1,sine
14,14,-0.1793619023823325,85.29411764705883,0,elevation,logKoD,0.1,sine
15,15,-0.1972859936256173,80.55555555555556,0,elevation,logKoD,0.1,sine
16,16,-0.1882373860694453,76.3157894736842,0,elevation,logKoD,0.1,sine
17,17,-0.1771299550832105,72.5,0,elevation,logKoD,0.1,sine
18,18,-0.1672916080052013,69.04761904761905,0,elevation,logKoD,0.1,sine
19,19,-0.1720829236323994,65.9090909090909,0,elevation,logKoD,0.1,sine
20,20,-0.1616628312411963,63.04347826086956,0,elevation,logKoD,0.1,sine
21,21,-0.1835190853317039,60.41666666666666,0,elevation,logKoD,0.1,sine
22,22,-0.1448721078896356,58.0,0,elevation,logKoD,0.1,sine
23,23,-0.1406659754964356,55.76923076923077,0,elevation,logKoD,0.1,sine
24,24,-0.13610786549711,53.7037037037037,0,elevation,logKoD,0.1,sine
25,25,-0.1289472494491438,51.785714285714285,0,elevation,logKoD,0.1,sine
26,26,-0.1255724390484579,50.0,0,elevation,logKoD,0.1,sine
27,27,-0.1159814585578234,48.333333333333336,0,elevation,logKoD,0.1,sine
28,28,-0.0994688793703593,46.774193548387096,0,elevation,logKoD,0.1,sine
29,29,-0.0937606211515755,45.3125,0,elevation,logKoD,0.1,sine
30,30,-0.0825308984110264,43.93939393939394,0,elevation,logKoD,0.1,sine
31,31,-0.0739342955853255,42.64705882352941,0,elevation,logKoD,0.1,sine
32,32,-0.0576620434331134,41.42857142857143,0,elevation,logKoD,0.1,sine
33,33,0.0321284261525951,40.27777777777778,0,elevation,logKoD,0.1,sine
34,34,-0.032114935793722,39.18918918918919,0,elevation,logKoD,0.1,sine
35,35,-0.0031669877818429,38.1578947368421,0,elevation,logKoD,0.1,sine
36,36,-0.0032129085811536,37.17948717948718,0,elevation,logKoD,0.1,sine
37,37,0.0119293317448809,36.25,0,elevation,logKoD,0.1,sine
38,38,0.0223247857036552,35.36585365853659,0,elevation,logKoD,0.1,sine
39,39,0.0431429514218641,34.523809523809526,0,elevation,logKoD,0.1,sine
40,40,0.0477535306410796,33.72093023255814,0,elevation,logKoD,0.1,sine
41,41,0.0629475853449463,32.95454545454545,0,elevation,logKoD,0.1,sine
42,42,0.0782312715554891,32.22222222222222,0,elevation,logKoD,0.1,sine
43,43,0.0889777208573019,31.52173913043478,0,elevation,logKoD,0.1,sine
44,44,0.10268994983938,30.851063829787236,0,elevation,logKoD,0.1,sine
45,45,0.1401883343118779,30.20833333333333,0,elevation,logKoD,0.1,sine
46,46,0.1426562703176184,29.59183673469388,0,elevation,logKoD,0.1,sine
47,47,0.15322165579042,29.0,0,elevation,logKoD,0.1,sine
48,48,0.1642203829950419,28.431372549019606,0,elevation,logKoD,0.1,sine
49,49,0.1689203481551617,27.884615384615383,0,elevation,logKoD,0.1,sine
50,50,0.1725629071022749,27.358490566037737,0,elevation,logKoD,0.1,sine
51,51,0.1715474926362312,26.85185185185185,0,elevation,logKoD,0.1,sine
52,52,0.1742347188761137,26.363636363636363,0,elevation,logKoD,0.1,sine
53,53,0.1648595906988172,25.892857142857142,0,elevation,logKoD,0.1,sine
54,54,0.1638472048772916,25.43859649122807,0,elevation,logKoD,0.1,sine
55,55,0.163810615577306,25.0,0,elevation,logKoD,0.1,sine
56,56,0.1639481324094667,24.57627118644068,0,elevation,logKoD,0.1,sine
57,57,0.1504465170042632,24.166666666666668,0,elevation,logKoD,0.1,sine
58,58,0.1479922508264815,23.770491803278688,0,elevation,logKoD,0.1,sine
59,59,0.1497081007287148,23.387096774193548,0,elevation,logKoD,0.1,sine
60,60,0.1433510577410588,23.015873015873016,0,elevation,logKoD,0.1,sine
61,61,0.1483981710471271,22.65625,0,elevation,logKoD,0.1,sine
62,62,0.1421171715934457,22.307692307692307,0,elevation,logKoD,0.1,sine
63,63,0.1511353289939252,21.96969696969697,0,elevation,logKoD,0.1,sine
64,64,0.1462190203889239,21.64179104477612,0,elevation,logKoD,0.1,sine
65,65,0.1587114423276341,21.323529411764707,0,elevation,logKoD,0.1,sine
66,66,0.1323834355341875,21.014492753623188,0,elevation,logKoD,0.1,sine
67,67,0.160201699140918,20.714285714285715,0,elevation,logKoD,0.1,sine
68,68,0.1437760502366412,20.422535211267604,0,elevation,logKoD,0.1,sine
69,69,0.3489989672905891,20.13888888888889,0,elevation,logKoD,0.1,sine
70,70,0.1486251556754494,19.863013698630137,0,elevation,logKoD,0.1,sine
71,71,0.1834601337879211,19.594594594594597,0,elevation,logKoD,0.1,sine
72,72,0.1906023324030088,19.33333333333333,0,elevation,logKoD,0.1,sine
73,73,0.2107393805257362,19.07894736842105,0,elevation,logKoD,0.1,sine
74,74,0.2021766657765318,18.83116883116883,0,elevation,logKoD,0.1,sine
75,75,0.2186308821655851,18.58974358974359,0,elevation,logKoD,0.1,sine
76,76,0.2307017495295169,18.354430379746837,0,elevation,logKoD,0.1,sine
77,77,0.2430703244640251,18.125,0,elevation,logKoD,0.1,sine
78,78,0.241055293596585,17.901234567901234,0,elevation,logKoD,0.1,sine
79,79,0.2491540527477618,17.682926829268293,0,elevation,logKoD,0.1,sine
80,80,0.2465996775903773,17.46987951807229,0,elevation,logKoD,0.1,sine
81,81,0.2510452366109998,17.261904761904763,0,elevation,logKoD,0.1,sine
82,82,0.2481539452148218,17.058823529411764,0,elevation,logKoD,0.1,sine
83,83,0.2523458347932623,16.86046511627907,0,elevation,logKoD,0.1,sine
84,84,0.254774316565014,16.666666666666668,0,elevation,logKoD,0.1,sine
85,85,0.2556776711838979,16.477272727272727,0,elevation,logKoD,0.1,sine
86,86,0.252873555636679,16.292134831460675,0,elevation,logKoD,0.1,sine
87,87,0.2498483490396585,16.11111111111111,0,elevation,logKoD,0.1,sine
88,88,0.2309795662725844,15.934065934065934,0,elevation,logKoD,0.1,sine
89,89,0.2215256114825672,15.76086956521739,0,elevation,logKoD,0.1,sine
90,90,0.2067862627326604,15.591397849462366,0,elevation,logKoD,0.1,sine
91,91,0.1945667462215834,15.425531914893616,0,elevation,logKoD,0.1,sine
92,92,0.1739781026446711,15.263157894736842,0,elevation,logKoD,0.1,sine
93,93,0.0623615017031187,15.104166666666666,0,elevation,logKoD,0.1,sine
94,94,0.1525131985390206,14.948453608247425,0,elevation,logKoD,0.1,sine
95,95,0.1764307317173081,14.79591836734694,0,elevation,logKoD,0.1,sine
96,96,0.1655804080940595,14.646464646464649,0,elevation,logKoD,0.1,sine
0,0,-1.3742773145471374,483.3333333333333,10,slope,logKoD,0.0,sine
1,1,-1.3715434922020715,362.5,10,slope,logKoD,0.0,sine
2,2,-1.371608874088791,290.0,10,slope,logKoD,0.0,sine
3,3,-1.3781213397461285,241.66666666666663,10,slope,logKoD,0.0,sine
4,4,-1.3876075864351265,207.14285714285717,10,slope,logKoD,0.0,sine
5,5,-1.3962376885248524,181.25,10,slope,logKoD,0.0,sine
6,6,-1.3994177857323822,161.11111111111111,10,slope,logKoD,0.0,sine
7,7,-1.4123623761120776,145.0,10,slope,logKoD,0.0,sine
8,8,-1.4240642399763783,131.8181818181818,10,slope,logKoD,0.0,sine
9,9,-1.4388775449512,120.83333333333331,10,slope,logKoD,0.0,sine
10,10,-1.4483968202364936,111.53846153846152,10,slope,logKoD,0.0,sine
11,11,-1.4574070376770207,103.57142857142856,10,slope,logKoD,0.0,sine
12,12,-1.46622571381561,96.66666666666669,10,slope,logKoD,0.0,sine
13,13,-1.4714305212747485,90.625,10,slope,logKoD,0.0,sine
14,14,-1.468732080864624,85.29411764705883,10,slope,logKoD,0.0,sine
15,15,-1.4789406183434943,80.55555555555556,10,slope,logKoD,0.0,sine
16,16,-1.4613516834509723,76.3157894736842,10,slope,logKoD,0.0,sine
17,17,-1.4618114235032524,72.5,10,slope,logKoD,0.0,sine
18,18,-1.4579399972569007,69.04761904761905,10,slope,logKoD,0.0,sine
19,19,-1.4522956679940202,65.9090909090909,10,slope,logKoD,0.0,sine
20,20,-1.439807522992501,63.04347826086956,10,slope,logKoD,0.0,sine
21,21,-1.4139832329882855,60.41666666666666,10,slope,logKoD,0.0,sine
22,22,-1.416311564852806,58.0,10,slope,logKoD,0.0,sine
23,23,-1.4021043571302068,55.76923076923077,10,slope,logKoD,0.0,sine
24,24,-1.3804901490353534,53.7037037037037,10,slope,logKoD,0.0,sine
25,25,-1.3553444595774595,51.785714285714285,10,slope,logKoD,0.0,sine
26,26,-1.3279676209092015,50.0,10,slope,logKoD,0.0,sine
27,27,-1.298094524316199,48.333333333333336,10,slope,logKoD,0.0,sine
28,28,-1.2705881087757327,46.774193548387096,10,slope,logKoD,0.0,sine
29,29,-1.2393475894148394,45.3125,10,slope,logKoD,0.0,sine
30,30,-1.2262297216874771,43.93939393939394,10,slope,logKoD,0.0,sine
31,31,-1.2083580587364535,42.64705882352941,10,slope,logKoD,0.0,sine
32,32,-1.1938510510182645,41.42857142857143,10,slope,logKoD,0.0,sine
33,33,-1.1215907902939628,40.27777777777778,10,slope,logKoD,0.0,sine
34,34,-1.167401985415316,39.18918918918919,10,slope,logKoD,0.0,sine
35,35,-1.1490947808724334,38.1578947368421,10,slope,logKoD,0.0,sine
36,36,-1.1365935032180807,37.17948717948718,10,slope,logKoD,0.0,sine
37,37,-1.1257319910043584,36.25,10,slope,logKoD,0.0,sine
38,38,-1.1164208020148725,35.36585365853659,10,slope,logKoD,0.0,sine
39,39,-1.1055718443512288,34.523809523809526,10,slope,logKoD,0.0,sine
40,40,-1.0990113654695672,33.72093023255814,10,slope,logKoD,0.0,sine
41,41,-1.0908672431580198,32.95454545454545,10,slope,logKoD,0.0,sine
42,42,-1.084756471943673,32.22222222222222,10,slope,logKoD,0.0,sine
43,43,-1.0735146755526812,31.52173913043478,10,slope,logKoD,0.0,sine
44,44,-1.0686543150160026,30.851063829787236,10,slope,logKoD,0.0,sine
45,45,-1.070386935014063,30.20833333333333,10,slope,logKoD,0.0,sine
46,46,-1.0488272936800658,29.59183673469388,10,slope,logKoD,0.0,sine
47,47,-1.0405296978771497,29.0,10,slope,logKoD,0.0,sine
48,48,-1.0273458394645925,28.431372549019606,10,slope,logKoD,0.0,sine
49,49,-1.016804171552576,27.884615384615383,10,slope,logKoD,0.0,sine
50,50,-1.003493135650038,27.358490566037737,10,slope,logKoD,0.0,sine
51,51,-0.9888717812534406,26.85185185185185,10,slope,logKoD,0.0,sine
52,52,-0.9839598519047016,26.363636363636363,10,slope,logKoD,0.0,sine
53,53,-0.9668522668523708,25.892857142857142,10,slope,logKoD,0.0,sine
54,54,-0.9542625394766184,25.43859649122807,10,slope,logKoD,0.0,sine
55,55,-0.9473682395080776,25.0,10,slope,logKoD,0.0,sine
56,56,-0.9289630644541876,24.57627118644068,10,slope,logKoD,0.0,sine
57,57,-0.92398855676129,24.166666666666668,10,slope,logKoD,0.0,sine
58,58,-0.9119787124916294,23.770491803278688,10,slope,logKoD,0.0,sine
59,59,-0.9108535301256292,23.387096774193548,10,slope,logKoD,0.0,sine
60,60,-0.906682022506241,23.015873015873016,10,slope,logKoD,0.0,sine
61,61,-0.9002187109308751,22.65625,10,slope,logKoD,0.0,sine
62,62,-0.882354742374032,22.307692307692307,10,slope,logKoD,0.0,sine
63,63,-0.8761055436877877,21.96969696969697,10,slope,logKoD,0.0,sine
64,64,-0.8579697133578412,21.64179104477612,10,slope,logKoD,0.0,sine
65,65,-0.8283193858474129,21.323529411764707,10,slope,logKoD,0.0,sine
66,66,-0.8356870138409354,21.014492753623188,10,slope,logKoD,0.0,sine
67,67,-0.8618732064012162,20.714285714285715,10,slope,logKoD,0.0,sine
68,68,-0.8949572187060992,20.422535211267604,10,slope,logKoD,0.0,sine
69,69,-1.0862656373213793,20.13888888888889,10,slope,logKoD,0.0,sine
70,70,-0.9005563843307982,19.863013698630137,10,slope,logKoD,0.0,sine
71,71,-0.8729155624579463,19.594594594594597,10,slope,logKoD,0.0,sine
72,72,-0.844389987573418,19.33333333333333,10,slope,logKoD,0.0,sine
73,73,-0.8221400096955931,19.07894736842105,10,slope,logKoD,0.0,sine
74,74,-0.849183820249776,18.83116883116883,10,slope,logKoD,0.0,sine
75,75,-0.8723713682440105,18.58974358974359,10,slope,logKoD,0.0,sine
76,76,-0.8821362911562768,18.354430379746837,10,slope,logKoD,0.0,sine
77,77,-0.8966049241066815,18.125,10,slope,logKoD,0.0,sine
78,78,-0.907503890216544,17.901234567901234,10,slope,logKoD,0.0,sine
79,79,-0.9109090279900368,17.682926829268293,10,slope,logKoD,0.0,sine
80,80,-0.911023441175842,17.46987951807229,10,slope,logKoD,0.0,sine
81,81,-0.9191055632459848,17.261904761904763,10,slope,logKoD,0.0,sine
82,82,-0.9286672190907136,17.058823529411764,10,slope,logKoD,0.0,sine
83,83,-0.940992513057957,16.86046511627907,10,slope,logKoD,0.0,sine
84,84,-0.9512665756702464,16.666666666666668,10,slope,logKoD,0.0,sine
85,85,-0.9631400286175336,16.477272727272727,10,slope,logKoD,0.0,sine
86,86,-0.9771663771492642,16.292134831460675,10,slope,logKoD,0.0,sine
87,87,-0.9882576417221944,16.11111111111111,10,slope,logKoD,0.0,sine
88,88,-0.9993994314526552,15.934065934065934,10,slope,logKoD,0.0,sine
89,89,-1.0132418102937424,15.76086956521739,10,slope,logKoD,0.0,sine
90,90,-1.0266031053242248,15.591397849462366,10,slope,logKoD,0.0,sine
91,91,-1.0330367597167025,15.425531914893616,10,slope,logKoD,0.0,sine
92,92,-1.047248346695564,15.263157894736842,10,slope,logKoD,0.0,sine
93,93,-1.0493964128198308,15.104166666666666,10,slope,logKoD,0.0,sine
94,94,-1.0664179986925255,14.948453608247425,10,slope,logKoD,0.0,sine
95,95,-1.0737435735476415,14.79591836734694,10,slope,logKoD,0.0,sine
96,96,-1.076500704177206,14.646464646464649,10,slope,logKoD,0.0,sine
0,0,-1.366962626441234,483.3333333333333,30,curvature,logKoD,0.1,sine
1,1,-1.3665788071400429,362.5,30,curvature,logKoD,0.1,sine
2,2,-1.366223575787442,290.0,30,curvature,logKoD,0.1,sine
3,3,-1.3683895477492296,241.66666666666663,30,curvature,logKoD,0.1,sine
4,4,-1.3709851984200765,207.14285714285717,30,curvature,logKoD,0.1,sine
5,5,-1.3744371983283383,181.25,30,curvature,logKoD,0.1,sine
6,6,-1.3759474073605742,161.11111111111111,30,curvature,logKoD,0.1,sine
7,7,-1.3802781234552914,145.0,30,curvature,logKoD,0.1,sine
8,8,-1.385180659913262,131.8181818181818,30,curvature,logKoD,0.1,sine
9,9,-1.3902245399366695,120.83333333333331,30,curvature,logKoD,0.1,sine
10,10,-1.3983012595598348,111.53846153846152,30,curvature,logKoD,0.1,sine
11,11,-1.4058261928939553,103.57142857142856,30,curvature,logKoD,0.1,sine
12,12,-1.412680567960778,96.66666666666669,30,curvature,logKoD,0.1,sine
13,13,-1.4183981576788869,90.625,30,curvature,logKoD,0.1,sine
14,14,-1.4223951498898426,85.29411764705883,30,curvature,logKoD,0.1,sine
15,15,-1.4286057538222987,80.55555555555556,30,curvature,logKoD,0.1,sine
16,16,-1.4295811410675527,76.3157894736842,30,curvature,logKoD,0.1,sine
17,17,-1.427384637094815,72.5,30,curvature,logKoD,0.1,sine
18,18,-1.4235274536632223,69.04761904761905,30,curvature,logKoD,0.1,sine
19,19,-1.41829831472887,65.9090909090909,30,curvature,logKoD,0.1,sine
20,20,-1.4121798184246217,63.04347826086956,30,curvature,logKoD,0.1,sine
21,21,-1.4083703770718137,60.41666666666666,30,curvature,logKoD,0.1,sine
22,22,-1.4007214330229767,58.0,30,curvature,logKoD,0.1,sine
23,23,-1.395242778800747,55.76923076923077,30,curvature,logKoD,0.1,sine
24,24,-1.39347130825122,53.7037037037037,30,curvature,logKoD,0.1,sine
25,25,-1.3867059507766442,51.785714285714285,30,curvature,logKoD,0.1,sine
26,26,-1.3806117040923525,50.0,30,curvature,logKoD,0.1,sine
27,27,-1.3685015666687603,48.333333333333336,30,curvature,logKoD,0.1,sine
28,28,-1.3565582911870493,46.774193548387096,30,curvature,logKoD,0.1,sine
29,29,-1.3394808084055678,45.3125,30,curvature,logKoD,0.1,sine
30,30,-1.316171030048462,43.93939393939394,30,curvature,logKoD,0.1,sine
31,31,-1.2982534053704988,42.64705882352941,30,curvature,logKoD,0.1,sine
32,32,-1.282390808085044,41.42857142857143,30,curvature,logKoD,0.1,sine
33,33,-1.2747995310649318,40.27777777777778,30,curvature,logKoD,0.1,sine
34,34,-1.2337197539862923,39.18918918918919,30,curvature,logKoD,0.1,sine
35,35,-1.199381606589537,38.1578947368421,30,curvature,logKoD,0.1,sine
36,36,-1.174650565169092,37.17948717948718,30,curvature,logKoD,0.1,sine
37,37,-1.1404608980930135,36.25,30,curvature,logKoD,0.1,sine
38,38,-1.1065218001912491,35.36585365853659,30,curvature,logKoD,0.1,sine
39,39,-1.062291588203922,34.523809523809526,30,curvature,logKoD,0.1,sine
40,40,-1.003603251434838,33.72093023255814,30,curvature,logKoD,0.1,sine
41,41,-0.9501533237079888,32.95454545454545,30,curvature,logKoD,0.1,sine
42,42,-0.8836164388452918,32.22222222222222,30,curvature,logKoD,0.1,sine
43,43,-0.8017705131061226,31.52173913043478,30,curvature,logKoD,0.1,sine
44,44,-0.7833058497440346,30.851063829787236,30,curvature,logKoD,0.1,sine
45,45,-0.997458888869302,30.20833333333333,30,curvature,logKoD,0.1,sine
46,46,-0.6760748283833633,29.59183673469388,30,curvature,logKoD,0.1,sine
47,47,-0.6326141888288709,29.0,30,curvature,logKoD,0.1,sine
48,48,-0.5963168665458336,28.431372549019606,30,curvature,logKoD,0.1,sine
49,49,-0.5731377496430946,27.884615384615383,30,curvature,logKoD,0.1,sine
50,50,-0.5502725476518653,27.358490566037737,30,curvature,logKoD,0.1,sine
51,51,-0.5136744891537337,26.85185185185185,30,curvature,logKoD,0.1,sine
52,52,-0.5260364338124056,26.363636363636363,30,curvature,logKoD,0.1,sine
53,53,-0.5137217196371603,25.892857142857142,30,curvature,logKoD,0.1,sine
54,54,-0.5065168198950281,25.43859649122807,30,curvature,logKoD,0.1,sine
55,55,-0.5069754549013353,25.0,30,curvature,logKoD,0.1,sine
56,56,-0.4966042300987036,24.57627118644068,30,curvature,logKoD,0.1,sine
57,57,-0.490753216311296,24.166666666666668,30,curvature,logKoD,0.1,sine
58,58,-0.4809343507845096,23.770491803278688,30,curvature,logKoD,0.1,sine
59,59,-0.4738776909132363,23.387096774193548,30,curvature,logKoD,0.1,sine
60,60,-0.4738334890743275,23.015873015873016,30,curvature,logKoD,0.1,sine
61,61,-0.4675950543544102,22.65625,30,curvature,logKoD,0.1,sine
62,62,-0.4633832739484607,22.307692307692307,30,curvature,logKoD,0.1,sine
63,63,-0.4652628343651709,21.96969696969697,30,curvature,logKoD,0.1,sine
64,64,-0.4666808948415706,21.64179104477612,30,curvature,logKoD,0.1,sine
65,65,-0.4568793007740616,21.323529411764707,30,curvature,logKoD,0.1,sine
66,66,-0.4447761824387778,21.014492753623188,30,curvature,logKoD,0.1,sine
67,67,-0.4433133471366687,20.714285714285715,30,curvature,logKoD,0.1,sine
68,68,-0.4352543696405099,20.422535211267604,30,curvature,logKoD,0.1,sine
69,69,-0.4627032204713232,20.13888888888889,30,curvature,logKoD,0.1,sine
70,70,-0.4258352851900764,19.863013698630137,30,curvature,logKoD,0.1,sine
71,71,-0.3938180924527826,19.594594594594597,30,curvature,logKoD,0.1,sine
72,72,-0.3708397664960497,19.33333333333333,30,curvature,logKoD,0.1,sine
73,73,-0.350218380816242,19.07894736842105,30,curvature,logKoD,0.1,sine
74,74,-0.3318442493686599,18.83116883116883,30,curvature,logKoD,0.1,sine
75,75,-0.3183161128601112,18.58974358974359,30,curvature,logKoD,0.1,sine
76,76,-0.3097792643721941,18.354430379746837,30,curvature,logKoD,0.1,sine
77,77,-0.3040344987086821,18.125,30,curvature,logKoD,0.1,sine
78,78,-0.3048954523043166,17.901234567901234,30,curvature,logKoD,0.1,sine
79,79,-0.3001416263849338,17.682926829268293,30,curvature,logKoD,0.1,sine
80,80,-0.3058048642122363,17.46987951807229,30,curvature,logKoD,0.1,sine
81,81,-0.3107156066597453,17.261904761904763,30,curvature,logKoD,0.1,sine
82,82,-0.3167773977345419,17.058823529411764,30,curvature,logKoD,0.1,sine
83,83,-0.3301072808100591,16.86046511627907,30,curvature,logKoD,0.1,sine
84,84,-0.3458139949900104,16.666666666666668,30,curvature,logKoD,0.1,sine
85,85,-0.362849792981743,16.477272727272727,30,curvature,logKoD,0.1,sine
86,86,-0.3844063749755005,16.292134831460675,30,curvature,logKoD,0.1,sine
87,87,-0.4131850463154105,16.11111111111111,30,curvature,logKoD,0.1,sine
88,88,-0.453242389839698,15.934065934065934,30,curvature,logKoD,0.1,sine
89,89,-0.5006015497306883,15.76086956521739,30,curvature,logKoD,0.1,sine
90,90,-0.5629591302607451,15.591397849462366,30,curvature,logKoD,0.1,sine
91,91,-0.617076833176146,15.425531914893616,30,curvature,logKoD,0.1,sine
92,92,-0.6824497976723545,15.263157894736842,30,curvature,logKoD,0.1,sine
93,93,-0.7492473710655417,15.104166666666666,30,curvature,logKoD,0.1,sine
94,94,-0.807757938679718,14.948453608247425,30,curvature,logKoD,0.1,sine
95,95,-0.8640504539246887,14.79591836734694,30,curvature,logKoD,0.1,sine
96,96,-0.9006897265448397,14.646464646464649,30,curvature,logKoD,0.1,sine
0,0,0.938092774901893,483.3333333333333,0,elevation,DoK,0.1,sine
1,1,0.8572401563966423,362.5,0,elevation,DoK,0.1,sine
2,2,-7.216599727143045,290.0,0,elevation,DoK,0.1,sine
3,3,-8.321095511497777,241.66666666666663,0,elevation,DoK,0.1,sine
4,4,-10.403119669043292,207.14285714285717,0,elevation,DoK,0.1,sine
5,5,-11.377126490235014,181.25,0,elevation,DoK,0.1,sine
6,6,-18.98275572772952,161.11111111111111,0,elevation,DoK,0.1,sine
7,7,-22.0176366251618,145.0,0,elevation,DoK,0.1,sine
8,8,-26.06865373650847,131.8181818181818,0,elevation,DoK,0.1,sine
9,9,-30.884364556714896,120.83333333333331,0,elevation,DoK,0.1,sine
10,10,-41.54758708664478,111.53846153846152,0,elevation,DoK,0.1,sine
11,11,-35.87130680439847,103.57142857142856,0,elevation,DoK,0.1,sine
12,12,-39.94849786251666,96.66666666666669,0,elevation,DoK,0.1,sine
13,13,-44.787073386004,90.625,0,elevation,DoK,0.1,sine
14,14,-49.435702025453,85.29411764705883,0,elevation,DoK,0.1,sine
15,15,-50.29268070445845,80.55555555555556,0,elevation,DoK,0.1,sine
16,16,-51.469640613533,76.3157894736842,0,elevation,DoK,0.1,sine
17,17,-53.73463085905056,72.5,0,elevation,DoK,0.1,sine
18,18,-54.123884663109,69.04761904761905,0,elevation,DoK,0.1,sine
19,19,-53.76891406776485,65.9090909090909,0,elevation,DoK,0.1,sine
20,20,-48.38194566691956,63.04347826086956,0,elevation,DoK,0.1,sine
21,21,-60.98863566791037,60.41666666666666,0,elevation,DoK,0.1,sine
22,22,-46.86443829486923,58.0,0,elevation,DoK,0.1,sine
23,23,-49.357263262380926,55.76923076923077,0,elevation,DoK,0.1,sine
24,24,-44.82018428251939,53.7037037037037,0,elevation,DoK,0.1,sine
25,25,-40.5321062598652,51.785714285714285,0,elevation,DoK,0.1,sine
26,26,-39.44975748372472,50.0,0,elevation,DoK,0.1,sine
27,27,-34.67587605508771,48.333333333333336,0,elevation,DoK,0.1,sine
28,28,-30.41768276270076,46.774193548387096,0,elevation,DoK,0.1,sine
29,29,-25.92699780734058,45.3125,0,elevation,DoK,0.1,sine
30,30,-26.14154017054403,43.93939393939394,0,elevation,DoK,0.1,sine
31,31,-26.662909867096623,42.64705882352941,0,elevation,DoK,0.1,sine
32,32,-16.87722763367653,41.42857142857143,0,elevation,DoK,0.1,sine
33,33,-14.564098741566337,40.27777777777778,0,elevation,DoK,0.1,sine
34,34,-14.597361946359538,39.18918918918919,0,elevation,DoK,0.1,sine
35,35,-17.67295300028945,38.1578947368421,0,elevation,DoK,0.1,sine
36,36,-14.19572501777493,37.17948717948718,0,elevation,DoK,0.1,sine
37,37,-9.288093844209069,36.25,0,elevation,DoK,0.1,sine
38,38,-11.82894438095562,35.36585365853659,0,elevation,DoK,0.1,sine
39,39,-13.724875515431624,34.523809523809526,0,elevation,DoK,0.1,sine
40,40,-14.104790052818904,33.72093023255814,0,elevation,DoK,0.1,sine
41,41,-15.796365017095294,32.95454545454545,0,elevation,DoK,0.1,sine
42,42,-18.88047379607666,32.22222222222222,0,elevation,DoK,0.1,sine
43,43,-21.45972217273955,31.52173913043478,0,elevation,DoK,0.1,sine
44,44,-23.537359390343894,30.851063829787236,0,elevation,DoK,0.1,sine
45,45,-18.191864995086476,30.20833333333333,0,elevation,DoK,0.1,sine
46,46,-23.858983703652395,29.59183673469388,0,elevation,DoK,0.1,sine
47,47,-22.84031824924588,29.0,0,elevation,DoK,0.1,sine
48,48,-22.046515197715014,28.431372549019606,0,elevation,DoK,0.1,sine
49,49,-23.503870030835163,27.884615384615383,0,elevation,DoK,0.1,sine
50,50,-22.70190694793558,27.358490566037737,0,elevation,DoK,0.1,sine
51,51,-25.602433482730124,26.85185185185185,0,elevation,DoK,0.1,sine
52,52,-19.73549554448237,26.363636363636363,0,elevation,DoK,0.1,sine
53,53,-19.73082937269856,25.892857142857142,0,elevation,DoK,0.1,sine
54,54,-17.901115415850978,25.43859649122807,0,elevation,DoK,0.1,sine
55,55,-15.723100120066388,25.0,0,elevation,DoK,0.1,sine
56,56,-13.288659992381817,24.57627118644068,0,elevation,DoK,0.1,sine
57,57,-13.413280471446791,24.166666666666668,0,elevation,DoK,0.1,sine
58,58,-9.8969900310764,23.770491803278688,0,elevation,DoK,0.1,sine
59,59,-9.75643949077322,23.387096774193548,0,elevation,DoK,0.1,sine
60,60,-9.14508560215032,23.015873015873016,0,elevation,DoK,0.1,sine
61,61,-7.623968985456138,22.65625,0,elevation,DoK,0.1,sine
62,62,-6.345255608298707,22.307692307692307,0,elevation,DoK,0.1,sine
63,63,-7.7523279404309875,21.96969696969697,0,elevation,DoK,0.1,sine
64,64,-8.234499024758154,21.64179104477612,0,elevation,DoK,0.1,sine
65,65,-6.986632689259583,21.323529411764707,0,elevation,DoK,0.1,sine
66,66,-4.167625698610998,21.014492753623188,0,elevation,DoK,0.1,sine
67,67,-5.4622345214889485,20.714285714285715,0,elevation,DoK,0.1,sine
68,68,4.363539404512828,20.422535211267604,0,elevation,DoK,0.1,sine
69,69,-11.67658302601864,20.13888888888889,0,elevation,DoK,0.1,sine
70,70,-2.058262205198613,19.863013698630137,0,elevation,DoK,0.1,sine
71,71,-5.273856874252292,19.594594594594597,0,elevation,DoK,0.1,sine
72,72,-4.166737233657109,19.33333333333333,0,elevation,DoK,0.1,sine
73,73,-4.575851114061475,19.07894736842105,0,elevation,DoK,0.1,sine
74,74,-7.395225029197512,18.83116883116883,0,elevation,DoK,0.1,sine
75,75,-5.762314136590884,18.58974358974359,0,elevation,DoK,0.1,sine
76,76,-8.977288034027431,18.354430379746837,0,elevation,DoK,0.1,sine
77,77,-6.772916483078195,18.125,0,elevation,DoK,0.1,sine
78,78,-7.410672780889318,17.901234567901234,0,elevation,DoK,0.1,sine
79,79,-7.955428721189264,17.682926829268293,0,elevation,DoK,0.1,sine
80,80,-5.984827299666382,17.46987951807229,0,elevation,DoK,0.1,sine
81,81,-7.450522164847207,17.261904761904763,0,elevation,DoK,0.1,sine
82,82,-6.586786536789827,17.058823529411764,0,elevation,DoK,0.1,sine
83,83,-6.00942970193503,16.86046511627907,0,elevation,DoK,0.1,sine
84,84,-6.947037152431374,16.666666666666668,0,elevation,DoK,0.1,sine
85,85,-5.072440715354642,16.477272727272727,0,elevation,DoK,0.1,sine
86,86,-6.206098919507607,16.292134831460675,0,elevation,DoK,0.1,sine
87,87,-3.464002993750647,16.11111111111111,0,elevation,DoK,0.1,sine
88,88,-3.788491164222204,15.934065934065934,0,elevation,DoK,0.1,sine
89,89,-3.324864766568979,15.76086956521739,0,elevation,DoK,0.1,sine
90,90,-2.2596575947856543,15.591397849462366,0,elevation,DoK,0.1,sine
91,91,-0.7705314856844865,15.425531914893616,0,elevation,DoK,0.1,sine
92,92,1.316036535482354,15.263157894736842,0,elevation,DoK,0.1,sine
93,93,-9.364227213803389,15.104166666666666,0,elevation,DoK,0.1,sine
94,94,-4.088233854952019,14.948453608247425,0,elevation,DoK,0.1,sine
95,95,2.1275581166650994,14.79591836734694,0,elevation,DoK,0.1,sine
96,96,-0.1280974775836618,14.646464646464649,0,elevation,DoK,0.1,sine
0,0,22.926735572684198,483.3333333333333,0,slope,DoK,0.1,sine
1,1,23.160738203004325,362.5,0,slope,DoK,0.1,sine
2,2,23.50491048760692,290.0,0,slope,DoK,0.1,sine
3,3,23.973766713056914,241.66666666666663,0,slope,DoK,0.1,sine
4,4,24.38351117280843,207.14285714285717,0,slope,DoK,0.1,sine
5,5,24.75184278105332,181.25,0,slope,DoK,0.1,sine
6,6,25.14273620679939,161.11111111111111,0,slope,DoK,0.1,sine
7,7,25.540803121660183,145.0,0,slope,DoK,0.1,sine
8,8,25.96841149623785,131.8181818181818,0,slope,DoK,0.1,sine
9,9,26.248352957001792,120.83333333333331,0,slope,DoK,0.1,sine
10,10,26.52994384718338,111.53846153846152,0,slope,DoK,0.1,sine
11,11,26.678185378590666,103.57142857142856,0,slope,DoK,0.1,sine
12,12,26.855149712721584,96.66666666666669,0,slope,DoK,0.1,sine
13,13,27.096356409197064,90.625,0,slope,DoK,0.1,sine
14,14,27.23749079789851,85.29411764705883,0,slope,DoK,0.1,sine
15,15,26.91886534227205,80.55555555555556,0,slope,DoK,0.1,sine
16,16,27.20789453027864,76.3157894736842,0,slope,DoK,0.1,sine
17,17,26.943052358328487,72.5,0,slope,DoK,0.1,sine
18,18,26.768413610060637,69.04761904761905,0,slope,DoK,0.1,sine
19,19,26.43581213916923,65.9090909090909,0,slope,DoK,0.1,sine
20,20,26.14543352289825,63.04347826086956,0,slope,DoK,0.1,sine
21,21,26.80783203082336,60.41666666666666,0,slope,DoK,0.1,sine
22,22,25.686633682260773,58.0,0,slope,DoK,0.1,sine
23,23,25.6521514343198,55.76923076923077,0,slope,DoK,0.1,sine
24,24,25.022387282616627,53.7037037037037,0,slope,DoK,0.1,sine
25,25,25.848829305771797,51.785714285714285,0,slope,DoK,0.1,sine
26,26,25.94446332725343,50.0,0,slope,DoK,0.1,sine
27,27,25.52923057717311,48.333333333333336,0,slope,DoK,0.1,sine
28,28,25.834083095238384,46.774193548387096,0,slope,DoK,0.1,sine
29,29,25.935300022797165,45.3125,0,slope,DoK,0.1,sine
30,30,26.598146801676283,43.93939393939394,0,slope,DoK,0.1,sine
31,31,26.962826472805503,42.64705882352941,0,slope,DoK,0.1,sine
32,32,27.264917826410183,41.42857142857143,0,slope,DoK,0.1,sine
33,33,27.52253920137144,40.27777777777778,0,slope,DoK,0.1,sine
34,34,27.72629825389101,39.18918918918919,0,slope,DoK,0.1,sine
35,35,28.130234229775134,38.1578947368421,0,slope,DoK,0.1,sine
36,36,28.574795554138568,37.17948717948718,0,slope,DoK,0.1,sine
37,37,29.18210173489361,36.25,0,slope,DoK,0.1,sine
38,38,29.531621540053106,35.36585365853659,0,slope,DoK,0.1,sine
39,39,29.23408501165036,34.523809523809526,0,slope,DoK,0.1,sine
40,40,28.723001893102875,33.72093023255814,0,slope,DoK,0.1,sine
41,41,28.37255323821886,32.95454545454545,0,slope,DoK,0.1,sine
42,42,27.588914456530624,32.22222222222222,0,slope,DoK,0.1,sine
43,43,28.18863291580932,31.52173913043478,0,slope,DoK,0.1,sine
44,44,28.597663718971248,30.851063829787236,0,slope,DoK,0.1,sine
45,45,27.015635329659013,30.20833333333333,0,slope,DoK,0.1,sine
46,46,28.948283143742504,29.59183673469388,0,slope,DoK,0.1,sine
47,47,28.04262639299384,29.0,0,slope,DoK,0.1,sine
48,48,27.060408194082164,28.431372549019606,0,slope,DoK,0.1,sine
49,49,26.186785220323628,27.884615384615383,0,slope,DoK,0.1,sine
50,50,25.897692570534613,27.358490566037737,0,slope,DoK,0.1,sine
51,51,25.985117521997477,26.85185185185185,0,slope,DoK,0.1,sine
52,52,25.47168458672454,26.363636363636363,0,slope,DoK,0.1,sine
53,53,25.43789291836136,25.892857142857142,0,slope,DoK,0.1,sine
54,54,25.56179281773321,25.43859649122807,0,slope,DoK,0.1,sine
55,55,26.024271134049915,25.0,0,slope,DoK,0.1,sine
56,56,25.89917699931796,24.57627118644068,0,slope,DoK,0.1,sine
57,57,26.07390286330532,24.166666666666668,0,slope,DoK,0.1,sine
58,58,25.379277885341644,23.770491803278688,0,slope,DoK,0.1,sine
59,59,25.1855527175481,23.387096774193548,0,slope,DoK,0.1,sine
60,60,25.777902110037157,23.015873015873016,0,slope,DoK,0.1,sine
61,61,26.88133865955076,22.65625,0,slope,DoK,0.1,sine
62,62,27.99723506465473,22.307692307692307,0,slope,DoK,0.1,sine
63,63,28.327445757124764,21.96969696969697,0,slope,DoK,0.1,sine
64,64,29.35093199929408,21.64179104477612,0,slope,DoK,0.1,sine
65,65,30.246080055799155,21.323529411764707,0,slope,DoK,0.1,sine
66,66,30.565591668678334,21.014492753623188,0,slope,DoK,0.1,sine
67,67,30.99629178591048,20.714285714285715,0,slope,DoK,0.1,sine
68,68,31.473734390522004,20.422535211267604,0,slope,DoK,0.1,sine
69,69,32.9621012659353,20.13888888888889,0,slope,DoK,0.1,sine
70,70,31.23810310009484,19.863013698630137,0,slope,DoK,0.1,sine
71,71,31.41477493310133,19.594594594594597,0,slope,DoK,0.1,sine
72,72,30.587079828206008,19.33333333333333,0,slope,DoK,0.1,sine
73,73,30.55084199659316,19.07894736842105,0,slope,DoK,0.1,sine
74,74,29.93180923229734,18.83116883116883,0,slope,DoK,0.1,sine
75,75,29.009692225964613,18.58974358974359,0,slope,DoK,0.1,sine
76,76,28.19532409537765,18.354430379746837,0,slope,DoK,0.1,sine
77,77,27.21843495541344,18.125,0,slope,DoK,0.1,sine
78,78,26.209506846131447,17.901234567901234,0,slope,DoK,0.1,sine
79,79,25.088011957967364,17.682926829268293,0,slope,DoK,0.1,sine
80,80,25.29377236433437,17.46987951807229,0,slope,DoK,0.1,sine
81,81,25.763494554651757,17.261904761904763,0,slope,DoK,0.1,sine
82,82,25.93368405504661,17.058823529411764,0,slope,DoK,0.1,sine
83,83,25.78178250956954,16.86046511627907,0,slope,DoK,0.1,sine
84,84,25.824284596032616,16.666666666666668,0,slope,DoK,0.1,sine
85,85,25.44768507138889,16.477272727272727,0,slope,DoK,0.1,sine
86,86,25.43009519607773,16.292134831460675,0,slope,DoK,0.1,sine
87,87,25.372129780939886,16.11111111111111,0,slope,DoK,0.1,sine
88,88,25.70038758128724,15.934065934065934,0,slope,DoK,0.1,sine
89,89,26.024688827963303,15.76086956521739,0,slope,DoK,0.1,sine
90,90,26.75785760794288,15.591397849462366,0,slope,DoK,0.1,sine
91,91,27.78178865951444,15.425531914893616,0,slope,DoK,0.1,sine
92,92,28.62456920701648,15.263157894736842,0,slope,DoK,0.1,sine
93,93,29.25976049496721,15.104166666666666,0,slope,DoK,0.1,sine
94,94,28.61849302981234,14.948453608247425,0,slope,DoK,0.1,sine
95,95,28.14594275170016,14.79591836734694,0,slope,DoK,0.1,sine
96,96,28.128887686137222,14.646464646464649,0,slope,DoK,0.1,sine
0,0,0.5935818351512836,483.3333333333333,10,elevation,DoK,0.1,sine
1,1,0.620108860203171,362.5,10,elevation,DoK,0.1,sine
2,2,-8.788033460342781,290.0,10,elevation,DoK,0.1,sine
3,3,-12.61714894942638,241.66666666666663,10,elevation,DoK,0.1,sine
4,4,-13.692542314213537,207.14285714285717,10,elevation,DoK,0.1,sine
5,5,-15.418028947314408,181.25,10,elevation,DoK,0.1,sine
6,6,-19.28467919607343,161.11111111111111,10,elevation,DoK,0.1,sine
7,7,-23.349429437135964,145.0,10,elevation,DoK,0.1,sine
8,8,-20.892858455145383,131.8181818181818,10,elevation,DoK,0.1,sine
9,9,-22.88087840516689,120.83333333333331,10,elevation,DoK,0.1,sine
10,10,-23.554745611026014,111.53846153846152,10,elevation,DoK,0.1,sine
11,11,-23.341957100718563,103.57142857142856,10,elevation,DoK,0.1,sine
12,12,-25.617618156487527,96.66666666666669,10,elevation,DoK,0.1,sine
13,13,-24.72339318045403,90.625,10,elevation,DoK,0.1,sine
14,14,-24.756970232607568,85.29411764705883,10,elevation,DoK,0.1,sine
15,15,-24.774245683633094,80.55555555555556,10,elevation,DoK,0.1,sine
16,16,-25.677706079784706,76.3157894736842,10,elevation,DoK,0.1,sine
17,17,-25.370191051484223,72.5,10,elevation,DoK,0.1,sine
18,18,-24.812345830097343,69.04761904761905,10,elevation,DoK,0.1,sine
19,19,-25.43044974466864,65.9090909090909,10,elevation,DoK,0.1,sine
20,20,-26.977144921230167,63.04347826086956,10,elevation,DoK,0.1,sine
21,21,-23.19758731496424,60.41666666666666,10,elevation,DoK,0.1,sine
22,22,-26.445556723857237,58.0,10,elevation,DoK,0.1,sine
23,23,-25.540956323323236,55.76923076923077,10,elevation,DoK,0.1,sine
24,24,-24.92608780580481,53.7037037037037,10,elevation,DoK,0.1,sine
25,25,-24.979243394760456,51.785714285714285,10,elevation,DoK,0.1,sine
26,26,-23.19040574889539,50.0,10,elevation,DoK,0.1,sine
27,27,-23.52738550584853,48.333333333333336,10,elevation,DoK,0.1,sine
28,28,-23.500736172634166,46.774193548387096,10,elevation,DoK,0.1,sine
29,29,-23.202807335031,45.3125,10,elevation,DoK,0.1,sine
30,30,-24.005116573107426,43.93939393939394,10,elevation,DoK,0.1,sine
31,31,-25.198848854350484,42.64705882352941,10,elevation,DoK,0.1,sine
32,32,-23.649924438450103,41.42857142857143,10,elevation,DoK,0.1,sine
33,33,-23.8833391818949,40.27777777777778,10,elevation,DoK,0.1,sine
34,34,-26.3442578729066,39.18918918918919,10,elevation,DoK,0.1,sine
35,35,-26.57278952065677,38.1578947368421,10,elevation,DoK,0.1,sine
36,36,-26.530660127934087,37.17948717948718,10,elevation,DoK,0.1,sine
37,37,-26.512900059660986,36.25,10,elevation,DoK,0.1,sine
38,38,-26.879644546420064,35.36585365853659,10,elevation,DoK,0.1,sine
39,39,-26.340445550558997,34.523809523809526,10,elevation,DoK,0.1,sine
40,40,-26.77535029933917,33.72093023255814,10,elevation,DoK,0.1,sine
41,41,-25.84517133893782,32.95454545454545,10,elevation,DoK,0.1,sine
42,42,-25.532062442979605,32.22222222222222,10,elevation,DoK,0.1,sine
43,43,-24.561397173094985,31.52173913043478,10,elevation,DoK,0.1,sine
44,44,-24.70021462981278,30.851063829787236,10,elevation,DoK,0.1,sine
45,45,-23.51890701171712,30.20833333333333,10,elevation,DoK,0.1,sine
46,46,-23.93983632215765,29.59183673469388,10,elevation,DoK,0.1,sine
47,47,-22.87092298228095,29.0,10,elevation,DoK,0.1,sine
48,48,-21.964674883105182,28.431372549019606,10,elevation,DoK,0.1,sine
49,49,-21.428185128428183,27.884615384615383,10,elevation,DoK,0.1,sine
50,50,-21.033526688208685,27.358490566037737,10,elevation,DoK,0.1,sine
51,51,-20.86405834443224,26.85185185185185,10,elevation,DoK,0.1,sine
52,52,-20.05063983288041,26.363636363636363,10,elevation,DoK,0.1,sine
53,53,-19.407781207762657,25.892857142857142,10,elevation,DoK,0.1,sine
54,54,-19.42780974629466,25.43859649122807,10,elevation,DoK,0.1,sine
55,55,-19.05046598802072,25.0,10,elevation,DoK,0.1,sine
56,56,-19.755228697263465,24.57627118644068,10,elevation,DoK,0.1,sine
57,57,-19.950907911030274,24.166666666666668,10,elevation,DoK,0.1,sine
58,58,-19.65904832752772,23.770491803278688,10,elevation,DoK,0.1,sine
59,59,-19.185581892047495,23.387096774193548,10,elevation,DoK,0.1,sine
60,60,-20.020021253638276,23.015873015873016,10,elevation,DoK,0.1,sine
61,61,-19.914919311144747,22.65625,10,elevation,DoK,0.1,sine
62,62,-19.33737324479328,22.307692307692307,10,elevation,DoK,0.1,sine
63,63,-17.05422369869866,21.96969696969697,10,elevation,DoK,0.1,sine
64,64,-16.53563478206669,21.64179104477612,10,elevation,DoK,0.1,sine
65,65,-15.32078934273753,21.323529411764707,10,elevation,DoK,0.1,sine
66,66,-12.566967987290386,21.014492753623188,10,elevation,DoK,0.1,sine
67,67,-10.40846892037607,20.714285714285715,10,elevation,DoK,0.1,sine
68,68,-7.121277822245858,20.422535211267604,10,elevation,DoK,0.1,sine
69,69,-18.905516969270483,20.13888888888889,10,elevation,DoK,0.1,sine
70,70,-6.07171455675455,19.863013698630137,10,elevation,DoK,0.1,sine
71,71,-12.021007426975036,19.594594594594597,10,elevation,DoK,0.1,sine
72,72,-14.2519013875738,19.33333333333333,10,elevation,DoK,0.1,sine
73,73,-14.859156798902903,19.07894736842105,10,elevation,DoK,0.1,sine
74,74,-16.62086972511074,18.83116883116883,10,elevation,DoK,0.1,sine
75,75,-18.185629586500983,18.58974358974359,10,elevation,DoK,0.1,sine
76,76,-19.257302936987696,18.354430379746837,10,elevation,DoK,0.1,sine
77,77,-20.774459538458824,18.125,10,elevation,DoK,0.1,sine
78,78,-22.399099630040137,17.901234567901234,10,elevation,DoK,0.1,sine
79,79,-22.55332791523088,17.682926829268293,10,elevation,DoK,0.1,sine
80,80,-23.02882974315091,17.46987951807229,10,elevation,DoK,0.1,sine
81,81,-23.982311870057163,17.261904761904763,10,elevation,DoK,0.1,sine
82,82,-24.777988774945324,17.058823529411764,10,elevation,DoK,0.1,sine
83,83,-24.538121699004225,16.86046511627907,10,elevation,DoK,0.1,sine
84,84,-24.369437973628617,16.666666666666668,10,elevation,DoK,0.1,sine
85,85,-23.954425609010887,16.477272727272727,10,elevation,DoK,0.1,sine
86,86,-24.05534138156581,16.292134831460675,10,elevation,DoK,0.1,sine
87,87,-23.170494903123515,16.11111111111111,10,elevation,DoK,0.1,sine
88,88,-22.26467603636704,15.934065934065934,10,elevation,DoK,0.1,sine
89,89,-21.950648675339604,15.76086956521739,10,elevation,DoK,0.1,sine
90,90,-21.275719926938155,15.591397849462366,10,elevation,DoK,0.1,sine
91,91,-19.987265743104437,15.425531914893616,10,elevation,DoK,0.1,sine
92,92,-21.1518425276528,15.263157894736842,10,elevation,DoK,0.1,sine
93,93,-19.64267287996197,15.104166666666666,10,elevation,DoK,0.1,sine
94,94,-18.009256600797162,14.948453608247425,10,elevation,DoK,0.1,sine
95,95,-20.488406131122463,14.79591836734694,10,elevation,DoK,0.1,sine
96,96,-21.26265833826537,14.646464646464649,10,elevation,DoK,0.1,sine
0,0,0.1133590237988137,483.3333333333333,0,elevation,KoD,0.1,sine
1,1,0.1177512371637335,362.5,0,elevation,KoD,0.1,sine
2,2,0.111328350755797,290.0,0,elevation,KoD,0.1,sine
3,3,0.1215017842879218,241.66666666666663,0,elevation,KoD,0.1,sine
4,4,0.1160984074315731,207.14285714285717,0,elevation,KoD,0.1,sine
5,5,0.1176089042644098,181.25,0,elevation,KoD,0.1,sine
6,6,0.1158802703214696,161.11111111111111,0,elevation,KoD,0.1,sine
7,7,0.1106200009161756,145.0,0,elevation,KoD,0.1,sine
8,8,0.104729720682157,131.8181818181818,0,elevation,KoD,0.1,sine
9,9,0.1044845671015734,120.83333333333331,0,elevation,KoD,0.1,sine
10,10,0.1191408975603561,111.53846153846152,0,elevation,KoD,0.1,sine
11,11,0.1155181535938418,103.57142857142856,0,elevation,KoD,0.1,sine
12,12,0.1196608976395945,96.66666666666669,0,elevation,KoD,0.1,sine
13,13,0.1210090505516739,90.625,0,elevation,KoD,0.1,sine
14,14,0.1309659767154195,85.29411764705883,0,elevation,KoD,0.1,sine
15,15,0.1195433694941986,80.55555555555556,0,elevation,KoD,0.1,sine
16,16,0.1246236203448518,76.3157894736842,0,elevation,KoD,0.1,sine
17,17,0.1251886568936435,72.5,0,elevation,KoD,0.1,sine
18,18,0.1236698925168507,69.04761904761905,0,elevation,KoD,0.1,sine
19,19,0.1202416310627813,65.9090909090909,0,elevation,KoD,0.1,sine
20,20,0.116736226378364,63.04347826086956,0,elevation,KoD,0.1,sine
21,21,0.1078416069324331,60.41666666666666,0,elevation,KoD,0.1,sine
22,22,0.1119228117821284,58.0,0,elevation,KoD,0.1,sine
23,23,0.1098863094415637,55.76923076923077,0,elevation,KoD,0.1,sine
24,24,0.1074060032830398,53.7037037037037,0,elevation,KoD,0.1,sine
25,25,0.1037263918345387,51.785714285714285,0,elevation,KoD,0.1,sine
26,26,0.1066208200337631,50.0,0,elevation,KoD,0.1,sine
27,27,0.1079589875946912,48.333333333333336,0,elevation,KoD,0.1,sine
28,28,0.115069352856188,46.774193548387096,0,elevation,KoD,0.1,sine
29,29,0.1206323340544317,45.3125,0,elevation,KoD,0.1,sine
30,30,0.1239637043921024,43.93939393939394,0,elevation,KoD,0.1,sine
31,31,0.127319117664327,42.64705882352941,0,elevation,KoD,0.1,sine
32,32,0.130253370024367,41.42857142857143,0,elevation,KoD,0.1,sine
33,33,0.1413006676738187,40.27777777777778,0,elevation,KoD,0.1,sine
34,34,0.1312792181677917,39.18918918918919,0,elevation,KoD,0.1,sine
35,35,0.1369381588982975,38.1578947368421,0,elevation,KoD,0.1,sine
36,36,0.134102811489157,37.17948717948718,0,elevation,KoD,0.1,sine
37,37,0.1342677124916563,36.25,0,elevation,KoD,0.1,sine
38,38,0.1332621236506311,35.36585365853659,0,elevation,KoD,0.1,sine
39,39,0.1338004710566262,34.523809523809526,0,elevation,KoD,0.1,sine
40,40,0.1343685633711512,33.72093023255814,0,elevation,KoD,0.1,sine
41,41,0.136362571469488,32.95454545454545,0,elevation,KoD,0.1,sine
42,42,0.1382083515871074,32.22222222222222,0,elevation,KoD,0.1,sine
43,43,0.1387979658294564,31.52173913043478,0,elevation,KoD,0.1,sine
44,44,0.1389546502174286,30.851063829787236,0,elevation,KoD,0.1,sine
45,45,0.1418523352475274,30.20833333333333,0,elevation,KoD,0.1,sine
46,46,0.1388486703200329,29.59183673469388,0,elevation,KoD,0.1,sine
47,47,0.1384445834988828,29.0,0,elevation,KoD,0.1,sine
48,48,0.138965633997592,28.431372549019606,0,elevation,KoD,0.1,sine
49,49,0.1384410905888849,27.884615384615383,0,elevation,KoD,0.1,sine
50,50,0.1394047305569832,27.358490566037737,0,elevation,KoD,0.1,sine
51,51,0.1374456621689227,26.85185185185185,0,elevation,KoD,0.1,sine
52,52,0.1398246139893266,26.363636363636363,0,elevation,KoD,0.1,sine
53,53,0.13837974609179,25.892857142857142,0,elevation,KoD,0.1,sine
54,54,0.1368547704467325,25.43859649122807,0,elevation,KoD,0.1,sine
55,55,0.1363187000106205,25.0,0,elevation,KoD,0.1,sine
56,56,0.1360271587390735,24.57627118644068,0,elevation,KoD,0.1,sine
57,57,0.1371601984758895,24.166666666666668,0,elevation,KoD,0.1,sine
58,58,0.1370401493237637,23.770491803278688,0,elevation,KoD,0.1,sine
59,59,0.1364298619774055,23.387096774193548,0,elevation,KoD,0.1,sine
60,60,0.1408665452219821,23.015873015873016,0,elevation,KoD,0.1,sine
61,61,0.1428806004167648,22.65625,0,elevation,KoD,0.1,sine
62,62,0.1390271525035689,22.307692307692307,0,elevation,KoD,0.1,sine
63,63,0.1421314794472594,21.96969696969697,0,elevation,KoD,0.1,sine
64,64,0.1400312092176085,21.64179104477612,0,elevation,KoD,0.1,sine
65,65,0.1426473393883412,21.323529411764707,0,elevation,KoD,0.1,sine
66,66,0.1481970640806574,21.014492753623188,0,elevation,KoD,0.1,sine
67,67,0.1533516655313077,20.714285714285715,0,elevation,KoD,0.1,sine
68,68,0.1261194325256927,20.422535211267604,0,elevation,KoD,0.1,sine
69,69,0.1782481645810488,20.13888888888889,0,elevation,KoD,0.1,sine
70,70,0.1541034687840677,19.863013698630137,0,elevation,KoD,0.1,sine
71,71,0.1752314447432829,19.594594594594597,0,elevation,KoD,0.1,sine
72,72,0.1450798350149821,19.33333333333333,0,elevation,KoD,0.1,sine
73,73,0.1491631953466521,19.07894736842105,0,elevation,KoD,0.1,sine
74,74,0.1494334693375196,18.83116883116883,0,elevation,KoD,0.1,sine
75,75,0.1509061447032288,18.58974358974359,0,elevation,KoD,0.1,sine
76,76,0.1505954327458247,18.354430379746837,0,elevation,KoD,0.1,sine
77,77,0.1522202810009305,18.125,0,elevation,KoD,0.1,sine
78,78,0.1473329359724861,17.901234567901234,0,elevation,KoD,0.1,sine
79,79,0.1492208389719146,17.682926829268293,0,elevation,KoD,0.1,sine
80,80,0.1455379027866339,17.46987951807229,0,elevation,KoD,0.1,sine
81,81,0.1455504441584974,17.261904761904763,0,elevation,KoD,0.1,sine
82,82,0.1441814059364551,17.058823529411764,0,elevation,KoD,0.1,sine
83,83,0.1432253332326657,16.86046511627907,0,elevation,KoD,0.1,sine
84,84,0.1420776894821162,16.666666666666668,0,elevation,KoD,0.1,sine
85,85,0.1422828586863892,16.477272727272727,0,elevation,KoD,0.1,sine
86,86,0.1411573437726913,16.292134831460675,0,elevation,KoD,0.1,sine
87,87,0.1398841886887677,16.11111111111111,0,elevation,KoD,0.1,sine
88,88,0.1399341801673398,15.934065934065934,0,elevation,KoD,0.1,sine
89,89,0.1381702393978233,15.76086956521739,0,elevation,KoD,0.1,sine
90,90,0.1379091327041556,15.591397849462366,0,elevation,KoD,0.1,sine
91,91,0.1367183941685291,15.425531914893616,0,elevation,KoD,0.1,sine
92,92,0.1371679609696758,15.263157894736842,0,elevation,KoD,0.1,sine
93,93,0.1333939184022941,15.104166666666666,0,elevation,KoD,0.1,sine
94,94,0.1337369705470417,14.948453608247425,0,elevation,KoD,0.1,sine
95,95,0.1377189537284518,14.79591836734694,0,elevation,KoD,0.1,sine
96,96,0.1358193687912723,14.646464646464649,0,elevation,KoD,0.1,sine
0,0,58.374244724309406,483.3333333333333,20,elevation,DoK,0.1,sine
1,1,40.86554741752579,362.5,20,elevation,DoK,0.1,sine
2,2,25.337015799801176,290.0,20,elevation,DoK,0.1,sine
3,3,14.88930111755548,241.66666666666663,20,elevation,DoK,0.1,sine
4,4,1.7520212884142694,207.14285714285717,20,elevation,DoK,0.1,sine
5,5,-2.2292282470401865,181.25,20,elevation,DoK,0.1,sine
6,6,-14.986168056389255,161.11111111111111,20,elevation,DoK,0.1,sine
7,7,-26.69405921760992,145.0,20,elevation,DoK,0.1,sine
8,8,-36.164680239874414,131.8181818181818,20,elevation,DoK,0.1,sine
9,9,-47.41212040026407,120.83333333333331,20,elevation,DoK,0.1,sine
10,10,-58.26006517876317,111.53846153846152,20,elevation,DoK,0.1,sine
11,11,-69.3662924886113,103.57142857142856,20,elevation,DoK,0.1,sine
12,12,-79.74059083093822,96.66666666666669,20,elevation,DoK,0.1,sine
13,13,-89.11737149246241,90.625,20,elevation,DoK,0.1,sine
14,14,-99.0586897087924,85.29411764705883,20,elevation,DoK,0.1,sine
15,15,-105.70407525492637,80.55555555555556,20,elevation,DoK,0.1,sine
16,16,-113.94980541462978,76.3157894736842,20,elevation,DoK,0.1,sine
17,17,-121.46697585053327,72.5,20,elevation,DoK,0.1,sine
18,18,-127.47346047907136,69.04761904761905,20,elevation,DoK,0.1,sine
19,19,-132.434584165965,65.9090909090909,20,elevation,DoK,0.1,sine
20,20,-137.5642623469682,63.04347826086956,20,elevation,DoK,0.1,sine
21,21,-145.72589987571115,60.41666666666666,20,elevation,DoK,0.1,sine
22,22,-143.05882500758028,58.0,20,elevation,DoK,0.1,sine
23,23,-148.11424136464527,55.76923076923077,20,elevation,DoK,0.1,sine
24,24,-150.60397401257717,53.7037037037037,20,elevation,DoK,0.1,sine
25,25,-150.5672354098085,51.785714285714285,20,elevation,DoK,0.1,sine
26,26,-152.75249919499615,50.0,20,elevation,DoK,0.1,sine
27,27,-152.40185784706367,48.333333333333336,20,elevation,DoK,0.1,sine
28,28,-153.95767305868438,46.774193548387096,20,elevation,DoK,0.1,sine
29,29,-157.06110652733815,45.3125,20,elevation,DoK,0.1,sine
30,30,-160.80475168785745,43.93939393939394,20,elevation,DoK,0.1,sine
31,31,-163.52540214655855,42.64705882352941,20,elevation,DoK,0.1,sine
32,32,-166.37812695913257,41.42857142857143,20,elevation,DoK,0.1,sine
33,33,-134.24221573023132,40.27777777777778,20,elevation,DoK,0.1,sine
34,34,-171.58529774572452,39.18918918918919,20,elevation,DoK,0.1,sine
35,35,-169.5003912694065,38.1578947368421,20,elevation,DoK,0.1,sine
36,36,-166.97242462834197,37.17948717948718,20,elevation,DoK,0.1,sine
37,37,-167.7551414834092,36.25,20,elevation,DoK,0.1,sine
38,38,-168.52137212125413,35.36585365853659,20,elevation,DoK,0.1,sine
39,39,-169.6144470924743,34.523809523809526,20,elevation,DoK,0.1,sine
40,40,-171.83323716038953,33.72093023255814,20,elevation,DoK,0.1,sine
41,41,-171.78003080200796,32.95454545454545,20,elevation,DoK,0.1,sine
42,42,-172.13700448197542,32.22222222222222,20,elevation,DoK,0.1,sine
43,43,-170.43861026071525,31.52173913043478,20,elevation,DoK,0.1,sine
44,44,-168.10676129664154,30.851063829787236,20,elevation,DoK,0.1,sine
45,45,-213.4088185233434,30.20833333333333,20,elevation,DoK,0.1,sine
46,46,-164.93609064643823,29.59183673469388,20,elevation,DoK,0.1,sine
47,47,-174.8722396121274,29.0,20,elevation,DoK,0.1,sine
48,48,-174.59727240125466,28.431372549019606,20,elevation,DoK,0.1,sine
49,49,-176.45305184291834,27.884615384615383,20,elevation,DoK,0.1,sine
50,50,-178.76363303292698,27.358490566037737,20,elevation,DoK,0.1,sine
51,51,-183.29394583293185,26.85185185185185,20,elevation,DoK,0.1,sine
52,52,-181.18119924959117,26.363636363636363,20,elevation,DoK,0.1,sine
53,53,-180.663794183664,25.892857142857142,20,elevation,DoK,0.1,sine
54,54,-180.93222598479795,25.43859649122807,20,elevation,DoK,0.1,sine
55,55,-183.7296952003435,25.0,20,elevation,DoK,0.1,sine
56,56,-183.01982785609297,24.57627118644068,20,elevation,DoK,0.1,sine
57,57,-182.72529133922285,24.166666666666668,20,elevation,DoK,0.1,sine
58,58,-182.3663238054368,23.770491803278688,20,elevation,DoK,0.1,sine
59,59,-180.5407290951936,23.387096774193548,20,elevation,DoK,0.1,sine
60,60,-182.0046424150643,23.015873015873016,20,elevation,DoK,0.1,sine
61,61,-182.7797161638269,22.65625,20,elevation,DoK,0.1,sine
62,62,-182.7386206212324,22.307692307692307,20,elevation,DoK,0.1,sine
63,63,-181.326787501568,21.96969696969697,20,elevation,DoK,0.1,sine
64,64,-179.99504084361735,21.64179104477612,20,elevation,DoK,0.1,sine
65,65,-178.48825966664674,21.323529411764707,20,elevation,DoK,0.1,sine
66,66,-176.366356125028,21.014492753623188,20,elevation,DoK,0.1,sine
67,67,-175.50728205335207,20.714285714285715,20,elevation,DoK,0.1,sine
68,68,-174.94507066133465,20.422535211267604,20,elevation,DoK,0.1,sine
69,69,-171.1388037216237,20.13888888888889,20,elevation,DoK,0.1,sine
70,70,-172.17845079514913,19.863013698630137,20,elevation,DoK,0.1,sine
71,71,-170.78186696487512,19.594594594594597,20,elevation,DoK,0.1,sine
72,72,-170.1785784918726,19.33333333333333,20,elevation,DoK,0.1,sine
73,73,-169.0302110004051,19.07894736842105,20,elevation,DoK,0.1,sine
74,74,-170.2830158164266,18.83116883116883,20,elevation,DoK,0.1,sine
75,75,-170.11597517429038,18.58974358974359,20,elevation,DoK,0.1,sine
76,76,-169.91555594230203,18.354430379746837,20,elevation,DoK,0.1,sine
77,77,-169.35068607852648,18.125,20,elevation,DoK,0.1,sine
78,78,-171.90390820129332,17.901234567901234,20,elevation,DoK,0.1,sine
79,79,-170.2980251048944,17.682926829268293,20,elevation,DoK,0.1,sine
80,80,-168.64654183319968,17.46987951807229,20,elevation,DoK,0.1,sine
81,81,-168.51059054134612,17.261904761904763,20,elevation,DoK,0.1,sine
82,82,-166.8469041458172,17.058823529411764,20,elevation,DoK,0.1,sine
83,83,-163.02922793147758,16.86046511627907,20,elevation,DoK,0.1,sine
84,84,-161.10735592804917,16.666666666666668,20,elevation,DoK,0.1,sine
85,85,-160.40369168456758,16.477272727272727,20,elevation,DoK,0.1,sine
86,86,-159.29798897249626,16.292134831460675,20,elevation,DoK,0.1,sine
87,87,-160.17703850557706,16.11111111111111,20,elevation,DoK,0.1,sine
88,88,-158.67081117688937,15.934065934065934,20,elevation,DoK,0.1,sine
89,89,-156.78813317028403,15.76086956521739,20,elevation,DoK,0.1,sine
90,90,-153.0495834139678,15.591397849462366,20,elevation,DoK,0.1,sine
91,91,-155.99897321352518,15.425531914893616,20,elevation,DoK,0.1,sine
92,92,-144.9439953314589,15.263157894736842,20,elevation,DoK,0.1,sine
93,93,-132.90163519216776,15.104166666666666,20,elevation,DoK,0.1,sine
94,94,-149.33235681654497,14.948453608247425,20,elevation,DoK,0.1,sine
95,95,-141.27803662342734,14.79591836734694,20,elevation,DoK,0.1,sine
96,96,-143.05581576524293,14.646464646464649,20,elevation,DoK,0.1,sine
0,0,0.0584709331642766,483.3333333333333,0,curvature,KoD,0.1,sine
1,1,0.0585803507981222,362.5,0,curvature,KoD,0.1,sine
2,2,0.0584665744539877,290.0,0,curvature,KoD,0.1,sine
3,3,0.058205357413224,241.66666666666663,0,curvature,KoD,0.1,sine
4,4,0.0576267566598719,207.14285714285717,0,curvature,KoD,0.1,sine
5,5,0.0568491449190232,181.25,0,curvature,KoD,0.1,sine
6,6,0.0560060549091014,161.11111111111111,0,curvature,KoD,0.1,sine
7,7,0.0548549861544592,145.0,0,curvature,KoD,0.1,sine
8,8,0.0536265216443844,131.8181818181818,0,curvature,KoD,0.1,sine
9,9,0.0525441779099067,120.83333333333331,0,curvature,KoD,0.1,sine
10,10,0.0512261242902998,111.53846153846152,0,curvature,KoD,0.1,sine
11,11,0.0497697081447629,103.57142857142856,0,curvature,KoD,0.1,sine
12,12,0.0478586195228335,96.66666666666669,0,curvature,KoD,0.1,sine
13,13,0.0463208563470061,90.625,0,curvature,KoD,0.1,sine
14,14,0.0446302454668495,85.29411764705883,0,curvature,KoD,0.1,sine
15,15,0.0438177046260221,80.55555555555556,0,curvature,KoD,0.1,sine
16,16,0.0419796148521646,76.3157894736842,0,curvature,KoD,0.1,sine
17,17,0.0409484254848853,72.5,0,curvature,KoD,0.1,sine
18,18,0.0398394965885283,69.04761904761905,0,curvature,KoD,0.1,sine
19,19,0.0382791631874657,65.9090909090909,0,curvature,KoD,0.1,sine
20,20,0.0360929792554008,63.04347826086956,0,curvature,KoD,0.1,sine
21,21,0.0356552959876612,60.41666666666666,0,curvature,KoD,0.1,sine
22,22,0.0330961516037344,58.0,0,curvature,KoD,0.1,sine
23,23,0.0312913654322503,55.76923076923077,0,curvature,KoD,0.1,sine
24,24,0.0292407089545739,53.7037037037037,0,curvature,KoD,0.1,sine
25,25,0.0278304136510137,51.785714285714285,0,curvature,KoD,0.1,sine
26,26,0.0267136331343699,50.0,0,curvature,KoD,0.1,sine
27,27,0.0261853676332349,48.333333333333336,0,curvature,KoD,0.1,sine
28,28,0.0260890940361614,46.774193548387096,0,curvature,KoD,0.1,sine
29,29,0.0257806739030572,45.3125,0,curvature,KoD,0.1,sine
30,30,0.0256678058004045,43.93939393939394,0,curvature,KoD,0.1,sine
31,31,0.0259110702174854,42.64705882352941,0,curvature,KoD,0.1,sine
32,32,0.0258956301122943,41.42857142857143,0,curvature,KoD,0.1,sine
33,33,0.0333663364681014,40.27777777777778,0,curvature,KoD,0.1,sine
34,34,0.0256359154896828,39.18918918918919,0,curvature,KoD,0.1,sine
35,35,0.0261670585035499,38.1578947368421,0,curvature,KoD,0.1,sine
36,36,0.0259958337636303,37.17948717948718,0,curvature,KoD,0.1,sine
37,37,0.0273094650111622,36.25,0,curvature,KoD,0.1,sine
38,38,0.0299473675127443,35.36585365853659,0,curvature,KoD,0.1,sine
39,39,0.0343265981174168,34.523809523809526,0,curvature,KoD,0.1,sine
40,40,0.0386517968421588,33.72093023255814,0,curvature,KoD,0.1,sine
41,41,0.0453668250644913,32.95454545454545,0,curvature,KoD,0.1,sine
42,42,0.0521333853806197,32.22222222222222,0,curvature,KoD,0.1,sine
43,43,0.0608988366540795,31.52173913043478,0,curvature,KoD,0.1,sine
44,44,0.067740008583528,30.851063829787236,0,curvature,KoD,0.1,sine
45,45,0.0574931263267095,30.20833333333333,0,curvature,KoD,0.1,sine
46,46,0.0942293021790689,29.59183673469388,0,curvature,KoD,0.1,sine
47,47,0.1038518363230373,29.0,0,curvature,KoD,0.1,sine
48,48,0.1173664186431791,28.431372549019606,0,curvature,KoD,0.1,sine
49,49,0.1432104618394306,27.884615384615383,0,curvature,KoD,0.1,sine
50,50,0.1723917556003297,27.358490566037737,0,curvature,KoD,0.1,sine
51,51,0.1775394051839368,26.85185185185185,0,curvature,KoD,0.1,sine
52,52,0.2630863987335057,26.363636363636363,0,curvature,KoD,0.1,sine
53,53,0.3075691805123722,25.892857142857142,0,curvature,KoD,0.1,sine
54,54,0.3338098727110968,25.43859649122807,0,curvature,KoD,0.1,sine
55,55,0.3504508259293991,25.0,0,curvature,KoD,0.1,sine
56,56,0.3707725168793019,24.57627118644068,0,curvature,KoD,0.1,sine
57,57,0.3857500470442354,24.166666666666668,0,curvature,KoD,0.1,sine
58,58,0.4005678625201778,23.770491803278688,0,curvature,KoD,0.1,sine
59,59,0.4150732089734195,23.387096774193548,0,curvature,KoD,0.1,sine
60,60,0.4306880021055452,23.015873015873016,0,curvature,KoD,0.1,sine
61,61,0.4443865924522573,22.65625,0,curvature,KoD,0.1,sine
62,62,0.4565637509933387,22.307692307692307,0,curvature,KoD,0.1,sine
63,63,0.4689207922772505,21.96969696969697,0,curvature,KoD,0.1,sine
64,64,0.4788919935355013,21.64179104477612,0,curvature,KoD,0.1,sine
65,65,0.487059613952085,21.323529411764707,0,curvature,KoD,0.1,sine
66,66,0.4942054542133763,21.014492753623188,0,curvature,KoD,0.1,sine
67,67,0.4991514826762562,20.714285714285715,0,curvature,KoD,0.1,sine
68,68,0.5013357440223807,20.422535211267604,0,curvature,KoD,0.1,sine
69,69,0.4865624748202384,20.13888888888889,0,curvature,KoD,0.1,sine
70,70,0.5133338346914937,19.863013698630137,0,curvature,KoD,0.1,sine
71,71,0.5151571761515692,19.594594594594597,0,curvature,KoD,0.1,sine
72,72,0.516463516002532,19.33333333333333,0,curvature,KoD,0.1,sine
73,73,0.5149728116189967,19.07894736842105,0,curvature,KoD,0.1,sine
74,74,0.5097331919750571,18.83116883116883,0,curvature,KoD,0.1,sine
75,75,0.5033181550653478,18.58974358974359,0,curvature,KoD,0.1,sine
76,76,0.4963631303976215,18.354430379746837,0,curvature,KoD,0.1,sine
77,77,0.4890304809911711,18.125,0,curvature,KoD,0.1,sine
78,78,0.4807125169005117,17.901234567901234,0,curvature,KoD,0.1,sine
79,79,0.4728114271617722,17.682926829268293,0,curvature,KoD,0.1,sine
80,80,0.4646893037016613,17.46987951807229,0,curvature,KoD,0.1,sine
81,81,0.4546890047630395,17.261904761904763,0,curvature,KoD,0.1,sine
82,82,0.4418727837482785,17.058823529411764,0,curvature,KoD,0.1,sine
83,83,0.4281841076637232,16.86046511627907,0,curvature,KoD,0.1,sine
84,84,0.4168677243767447,16.666666666666668,0,curvature,KoD,0.1,sine
85,85,0.4043512060745101,16.477272727272727,0,curvature,KoD,0.1,sine
86,86,0.3911758646801875,16.292134831460675,0,curvature,KoD,0.1,sine
87,87,0.3765009741581795,16.11111111111111,0,curvature,KoD,0.1,sine
88,88,0.3509527184746085,15.934065934065934,0,curvature,KoD,0.1,sine
89,89,0.3178214952416054,15.76086956521739,0,curvature,KoD,0.1,sine
90,90,0.2760700078045434,15.591397849462366,0,curvature,KoD,0.1,sine
91,91,0.2354635327642049,15.425531914893616,0,curvature,KoD,0.1,sine
92,92,0.199095735837167,15.263157894736842,0,curvature,KoD,0.1,sine
93,93,0.1739561209145125,15.104166666666666,0,curvature,KoD,0.1,sine
94,94,0.1232885117327462,14.948453608247425,0,curvature,KoD,0.1,sine
95,95,0.104791940528811,14.79591836734694,0,curvature,KoD,0.1,sine
96,96,0.0841696471131383,14.646464646464649,0,curvature,KoD,0.1,sine
0,0,1.145198665034117,483.3333333333333,0,curvature,logDoK,0.0,sine
1,1,1.1448452549609898,362.5,0,curvature,logDoK,0.0,sine
2,2,1.145145423305237,290.0,0,curvature,logDoK,0.0,sine
3,3,1.148310372174224,241.66666666666663,0,curvature,logDoK,0.0,sine
4,4,1.1539386117631034,207.14285714285717,0,curvature,logDoK,0.0,sine
5,5,1.1604453117407594,181.25,0,curvature,logDoK,0.0,sine
6,6,1.166227996852187,161.11111111111111,0,curvature,logDoK,0.0,sine
7,7,1.17295290759778,145.0,0,curvature,logDoK,0.0,sine
8,8,1.1798299207591827,131.8181818181818,0,curvature,logDoK,0.0,sine
9,9,1.1885078825946254,120.83333333333331,0,curvature,logDoK,0.0,sine
10,10,1.1940890656424998,111.53846153846152,0,curvature,logDoK,0.0,sine
11,11,1.2050756424573754,103.57142857142856,0,curvature,logDoK,0.0,sine
12,12,1.2159832340649697,96.66666666666669,0,curvature,logDoK,0.0,sine
13,13,1.2273542799071409,90.625,0,curvature,logDoK,0.0,sine
14,14,1.2460049798051176,85.29411764705883,0,curvature,logDoK,0.0,sine
15,15,1.266203869574689,80.55555555555556,0,curvature,logDoK,0.0,sine
16,16,1.272716243144862,76.3157894736842,0,curvature,logDoK,0.0,sine
17,17,1.281504233793894,72.5,0,curvature,logDoK,0.0,sine
18,18,1.2871234846523378,69.04761904761905,0,curvature,logDoK,0.0,sine
19,19,1.2965435104382297,65.9090909090909,0,curvature,logDoK,0.0,sine
20,20,1.3067715703959513,63.04347826086956,0,curvature,logDoK,0.0,sine
21,21,1.3164215889908688,60.41666666666666,0,curvature,logDoK,0.0,sine
22,22,1.3324426068948017,58.0,0,curvature,logDoK,0.0,sine
23,23,1.3468029658036942,55.76923076923077,0,curvature,logDoK,0.0,sine
24,24,1.3624957850537291,53.7037037037037,0,curvature,logDoK,0.0,sine
25,25,1.377633339166287,51.785714285714285,0,curvature,logDoK,0.0,sine
26,26,1.389804417828893,50.0,0,curvature,logDoK,0.0,sine
27,27,1.396086972532462,48.333333333333336,0,curvature,logDoK,0.0,sine
28,28,1.3983682580878845,46.774193548387096,0,curvature,logDoK,0.0,sine
29,29,1.403601694423242,45.3125,0,curvature,logDoK,0.0,sine
30,30,1.3943570230621694,43.93939393939394,0,curvature,logDoK,0.0,sine
31,31,1.3897516416517883,42.64705882352941,0,curvature,logDoK,0.0,sine
32,32,1.3902916203199764,41.42857142857143,0,curvature,logDoK,0.0,sine
33,33,1.326684908100646,40.27777777777778,0,curvature,logDoK,0.0,sine
34,34,1.377598243724746,39.18918918918919,0,curvature,logDoK,0.0,sine
35,35,1.3616286309223589,38.1578947368421,0,curvature,logDoK,0.0,sine
36,36,1.3502891812094815,37.17948717948718,0,curvature,logDoK,0.0,sine
37,37,1.318530016706818,36.25,0,curvature,logDoK,0.0,sine
38,38,1.3045016422574705,35.36585365853659,0,curvature,logDoK,0.0,sine
39,39,1.2472186886318213,34.523809523809526,0,curvature,logDoK,0.0,sine
40,40,1.2028065021757457,33.72093023255814,0,curvature,logDoK,0.0,sine
41,41,1.1470585290295543,32.95454545454545,0,curvature,logDoK,0.0,sine
42,42,1.0926832199456933,32.22222222222222,0,curvature,logDoK,0.0,sine
43,43,1.0281333279668554,31.52173913043478,0,curvature,logDoK,0.0,sine
44,44,0.9724580218252776,30.851063829787236,0,curvature,logDoK,0.0,sine
45,45,1.04277921847681,30.20833333333333,0,curvature,logDoK,0.0,sine
46,46,0.8290261036745958,29.59183673469388,0,curvature,logDoK,0.0,sine
47,47,0.7842261279373528,29.0,0,curvature,logDoK,0.0,sine
48,48,0.7181134784091087,28.431372549019606,0,curvature,logDoK,0.0,sine
49,49,0.6528301454195764,27.884615384615383,0,curvature,logDoK,0.0,sine
50,50,0.5816900687746297,27.358490566037737,0,curvature,logDoK,0.0,sine
51,51,0.5613702378624886,26.85185185185185,0,curvature,logDoK,0.0,sine
52,52,0.4659739109848018,26.363636363636363,0,curvature,logDoK,0.0,sine
53,53,0.419528583185622,25.892857142857142,0,curvature,logDoK,0.0,sine
54,54,0.389060910467853,25.43859649122807,0,curvature,logDoK,0.0,sine
55,55,0.3546478962064459,25.0,0,curvature,logDoK,0.0,sine
56,56,0.3225084117148379,24.57627118644068,0,curvature,logDoK,0.0,sine
57,57,0.297509243167401,24.166666666666668,0,curvature,logDoK,0.0,sine
58,58,0.2655640830564773,23.770491803278688,0,curvature,logDoK,0.0,sine
59,59,0.2332322387103588,23.387096774193548,0,curvature,logDoK,0.0,sine
60,60,0.205160305661446,23.015873015873016,0,curvature,logDoK,0.0,sine
61,61,0.1699046733820258,22.65625,0,curvature,logDoK,0.0,sine
62,62,0.1414091393769039,22.307692307692307,0,curvature,logDoK,0.0,sine
63,63,0.1128919137286137,21.96969696969697,0,curvature,logDoK,0.0,sine
64,64,0.0827692609201049,21.64179104477612,0,curvature,logDoK,0.0,sine
65,65,0.0593851784532408,21.323529411764707,0,curvature,logDoK,0.0,sine
66,66,0.0329033656314432,21.014492753623188,0,curvature,logDoK,0.0,sine
67,67,0.0092152727391952,20.714285714285715,0,curvature,logDoK,0.0,sine
68,68,-0.0172252031776969,20.422535211267604,0,curvature,logDoK,0.0,sine
69,69,-0.0720721545798357,20.13888888888889,0,curvature,logDoK,0.0,sine
70,70,-0.0493782756420067,19.863013698630137,0,curvature,logDoK,0.0,sine
71,71,-0.088027053899734,19.594594594594597,0,curvature,logDoK,0.0,sine
72,72,-0.1025860755179444,19.33333333333333,0,curvature,logDoK,0.0,sine
73,73,-0.1072116342492346,19.07894736842105,0,curvature,logDoK,0.0,sine
74,74,-0.108929612388156,18.83116883116883,0,curvature,logDoK,0.0,sine
75,75,-0.1108596774985826,18.58974358974359,0,curvature,logDoK,0.0,sine
76,76,-0.119627275956655,18.354430379746837,0,curvature,logDoK,0.0,sine
77,77,-0.1196113960367506,18.125,0,curvature,logDoK,0.0,sine
78,78,-0.1200528414390378,17.901234567901234,0,curvature,logDoK,0.0,sine
79,79,-0.0968135609222287,17.682926829268293,0,curvature,logDoK,0.0,sine
80,80,-0.0702512843825655,17.46987951807229,0,curvature,logDoK,0.0,sine
81,81,-0.0441668788346605,17.261904761904763,0,curvature,logDoK,0.0,sine
82,82,0.0002621902682204,17.058823529411764,0,curvature,logDoK,0.0,sine
83,83,0.0316183199480559,16.86046511627907,0,curvature,logDoK,0.0,sine
84,84,0.0631821982707629,16.666666666666668,0,curvature,logDoK,0.0,sine
85,85,0.0804656084156421,16.477272727272727,0,curvature,logDoK,0.0,sine
86,86,0.1266021781845181,16.292134831460675,0,curvature,logDoK,0.0,sine
87,87,0.1886186678576621,16.11111111111111,0,curvature,logDoK,0.0,sine
88,88,0.2460870338728636,15.934065934065934,0,curvature,logDoK,0.0,sine
89,89,0.3010162498085271,15.76086956521739,0,curvature,logDoK,0.0,sine
90,90,0.3647632414749501,15.591397849462366,0,curvature,logDoK,0.0,sine
91,91,0.442918068099464,15.425531914893616,0,curvature,logDoK,0.0,sine
92,92,0.4972852658389278,15.263157894736842,0,curvature,logDoK,0.0,sine
93,93,0.5384533852039418,15.104166666666666,0,curvature,logDoK,0.0,sine
94,94,0.6472968118855114,14.948453608247425,0,curvature,logDoK,0.0,sine
95,95,0.6830842986988387,14.79591836734694,0,curvature,logDoK,0.0,sine
96,96,0.7502543544400897,14.646464646464649,0,curvature,logDoK,0.0,sine
0,0,0.0948462740129685,483.3333333333333,20,elevation,KoD,0.1,sine
1,1,0.0864960429460196,362.5,20,elevation,KoD,0.1,sine
2,2,0.0872127643105144,290.0,20,elevation,KoD,0.1,sine
3,3,0.0885898790911545,241.66666666666663,20,elevation,KoD,0.1,sine
4,4,0.0966820602911986,207.14285714285717,20,elevation,KoD,0.1,sine
5,5,0.1085020390761649,181.25,20,elevation,KoD,0.1,sine
6,6,0.1039328586782186,161.11111111111111,20,elevation,KoD,0.1,sine
7,7,0.1101239525229311,145.0,20,elevation,KoD,0.1,sine
8,8,0.1173364763831123,131.8181818181818,20,elevation,KoD,0.1,sine
9,9,0.1286754787026954,120.83333333333331,20,elevation,KoD,0.1,sine
10,10,0.1334625479297795,111.53846153846152,20,elevation,KoD,0.1,sine
11,11,0.1345420565927158,103.57142857142856,20,elevation,KoD,0.1,sine
12,12,0.1389337946162992,96.66666666666669,20,elevation,KoD,0.1,sine
13,13,0.1442855056891011,90.625,20,elevation,KoD,0.1,sine
14,14,0.1457833147279662,85.29411764705883,20,elevation,KoD,0.1,sine
15,15,0.1487407781752216,80.55555555555556,20,elevation,KoD,0.1,sine
16,16,0.1520899101512167,76.3157894736842,20,elevation,KoD,0.1,sine
17,17,0.1530070897478125,72.5,20,elevation,KoD,0.1,sine
18,18,0.1550723544833414,69.04761904761905,20,elevation,KoD,0.1,sine
19,19,0.1568179521702203,65.9090909090909,20,elevation,KoD,0.1,sine
20,20,0.1602021617903616,63.04347826086956,20,elevation,KoD,0.1,sine
21,21,0.1634418252030823,60.41666666666666,20,elevation,KoD,0.1,sine
22,22,0.1652708113415262,58.0,20,elevation,KoD,0.1,sine
23,23,0.1679331047954263,55.76923076923077,20,elevation,KoD,0.1,sine
24,24,0.1706598451974644,53.7037037037037,20,elevation,KoD,0.1,sine
25,25,0.1696633642359718,51.785714285714285,20,elevation,KoD,0.1,sine
26,26,0.1719705522469543,50.0,20,elevation,KoD,0.1,sine
27,27,0.173050544739465,48.333333333333336,20,elevation,KoD,0.1,sine
28,28,0.1774487168475645,46.774193548387096,20,elevation,KoD,0.1,sine
29,29,0.1781916838444127,45.3125,20,elevation,KoD,0.1,sine
30,30,0.1862851595007744,43.93939393939394,20,elevation,KoD,0.1,sine
31,31,0.1958261853379275,42.64705882352941,20,elevation,KoD,0.1,sine
32,32,0.190841730620952,41.42857142857143,20,elevation,KoD,0.1,sine
33,33,0.1844759170042626,40.27777777777778,20,elevation,KoD,0.1,sine
34,34,0.1994667821913264,39.18918918918919,20,elevation,KoD,0.1,sine
35,35,0.2033880426390859,38.1578947368421,20,elevation,KoD,0.1,sine
36,36,0.2011395932360869,37.17948717948718,20,elevation,KoD,0.1,sine
37,37,0.1986678522403692,36.25,20,elevation,KoD,0.1,sine
38,38,0.1993242731610612,35.36585365853659,20,elevation,KoD,0.1,sine
39,39,0.1988712474028693,34.523809523809526,20,elevation,KoD,0.1,sine
40,40,0.2020414260981112,33.72093023255814,20,elevation,KoD,0.1,sine
41,41,0.2018933148306684,32.95454545454545,20,elevation,KoD,0.1,sine
42,42,0.2016789358880049,32.22222222222222,20,elevation,KoD,0.1,sine
43,43,0.2018563570417724,31.52173913043478,20,elevation,KoD,0.1,sine
44,44,0.2026347284799354,30.851063829787236,20,elevation,KoD,0.1,sine
45,45,0.2590399707260172,30.20833333333333,20,elevation,KoD,0.1,sine
46,46,0.1910901558868268,29.59183673469388,20,elevation,KoD,0.1,sine
47,47,0.1968318972584059,29.0,20,elevation,KoD,0.1,sine
48,48,0.1937766577959248,28.431372549019606,20,elevation,KoD,0.1,sine
49,49,0.1932197614675169,27.884615384615383,20,elevation,KoD,0.1,sine
50,50,0.1945317544850862,27.358490566037737,20,elevation,KoD,0.1,sine
51,51,0.1953312276832849,26.85185185185185,20,elevation,KoD,0.1,sine
52,52,0.1951031487242507,26.363636363636363,20,elevation,KoD,0.1,sine
53,53,0.1949062895051244,25.892857142857142,20,elevation,KoD,0.1,sine
54,54,0.1939834143007315,25.43859649122807,20,elevation,KoD,0.1,sine
55,55,0.195928307331085,25.0,20,elevation,KoD,0.1,sine
56,56,0.1969211935237219,24.57627118644068,20,elevation,KoD,0.1,sine
57,57,0.1969542806760224,24.166666666666668,20,elevation,KoD,0.1,sine
58,58,0.198499004207131,23.770491803278688,20,elevation,KoD,0.1,sine
59,59,0.2011086790727522,23.387096774193548,20,elevation,KoD,0.1,sine
60,60,0.2020094763697225,23.015873015873016,20,elevation,KoD,0.1,sine
61,61,0.2026660670551775,22.65625,20,elevation,KoD,0.1,sine
62,62,0.2050309581090894,22.307692307692307,20,elevation,KoD,0.1,sine
63,63,0.2031739692729957,21.96969696969697,20,elevation,KoD,0.1,sine
64,64,0.2049633747569558,21.64179104477612,20,elevation,KoD,0.1,sine
65,65,0.2134383712533515,21.323529411764707,20,elevation,KoD,0.1,sine
66,66,0.2181916148514161,21.014492753623188,20,elevation,KoD,0.1,sine
67,67,0.2244545934629437,20.714285714285715,20,elevation,KoD,0.1,sine
68,68,0.2285160286754776,20.422535211267604,20,elevation,KoD,0.1,sine
69,69,0.1711953851186921,20.13888888888889,20,elevation,KoD,0.1,sine
70,70,0.260734087248529,19.863013698630137,20,elevation,KoD,0.1,sine
71,71,0.2571853246436523,19.594594594594597,20,elevation,KoD,0.1,sine
72,72,0.247766758618259,19.33333333333333,20,elevation,KoD,0.1,sine
73,73,0.2440365005053038,19.07894736842105,20,elevation,KoD,0.1,sine
74,74,0.2331667513331919,18.83116883116883,20,elevation,KoD,0.1,sine
75,75,0.2368737686500981,18.58974358974359,20,elevation,KoD,0.1,sine
76,76,0.2542202811997308,18.354430379746837,20,elevation,KoD,0.1,sine
77,77,0.2564739763339051,18.125,20,elevation,KoD,0.1,sine
78,78,0.2519292038647531,17.901234567901234,20,elevation,KoD,0.1,sine
79,79,0.2504535576156921,17.682926829268293,20,elevation,KoD,0.1,sine
80,80,0.2483075442706621,17.46987951807229,20,elevation,KoD,0.1,sine
81,81,0.2459904080445704,17.261904761904763,20,elevation,KoD,0.1,sine
82,82,0.2441957907823874,17.058823529411764,20,elevation,KoD,0.1,sine
83,83,0.241208083742611,16.86046511627907,20,elevation,KoD,0.1,sine
84,84,0.2384734620114526,16.666666666666668,20,elevation,KoD,0.1,sine
85,85,0.2391227358356241,16.477272727272727,20,elevation,KoD,0.1,sine
86,86,0.2346895073039737,16.292134831460675,20,elevation,KoD,0.1,sine
87,87,0.2324530942226685,16.11111111111111,20,elevation,KoD,0.1,sine
88,88,0.2288071243145219,15.934065934065934,20,elevation,KoD,0.1,sine
89,89,0.2232423372436123,15.76086956521739,20,elevation,KoD,0.1,sine
90,90,0.2218016370710063,15.591397849462366,20,elevation,KoD,0.1,sine
91,91,0.2231919680384426,15.425531914893616,20,elevation,KoD,0.1,sine
92,92,0.2219847198796185,15.263157894736842,20,elevation,KoD,0.1,sine
93,93,0.2084904584016028,15.104166666666666,20,elevation,KoD,0.1,sine
94,94,0.2209541883507956,14.948453608247425,20,elevation,KoD,0.1,sine
95,95,0.22261896103403,14.79591836734694,20,elevation,KoD,0.1,sine
96,96,0.2203778794217435,14.646464646464649,20,elevation,KoD,0.1,sine
0,0,-1.313291853230355,483.3333333333333,30,elevation,logKoD,0.1,sine
1,1,-1.2305755912366902,362.5,30,elevation,logKoD,0.1,sine
2,2,-1.0547596869410292,290.0,30,elevation,logKoD,0.1,sine
3,3,-0.913235170226426,241.66666666666663,30,elevation,logKoD,0.1,sine
4,4,-0.7152950791195014,207.14285714285717,30,elevation,logKoD,0.1,sine
5,5,-0.4614755962508888,181.25,30,elevation,logKoD,0.1,sine
6,6,-0.2278539390335034,161.11111111111111,30,elevation,logKoD,0.1,sine
7,7,-0.0258421218657645,145.0,30,elevation,logKoD,0.1,sine
8,8,0.2787992438407982,131.8181818181818,30,elevation,logKoD,0.1,sine
9,9,0.4008100709122666,120.83333333333331,30,elevation,logKoD,0.1,sine
10,10,1.0244431748929017,111.53846153846152,30,elevation,logKoD,0.1,sine
11,11,1.4009513282181745,103.57142857142856,30,elevation,logKoD,0.1,sine
12,12,1.849036337841018,96.66666666666669,30,elevation,logKoD,0.1,sine
13,13,2.201837080433335,90.625,30,elevation,logKoD,0.1,sine
14,14,2.655229421225008,85.29411764705883,30,elevation,logKoD,0.1,sine
15,15,3.1590714489999687,80.55555555555556,30,elevation,logKoD,0.1,sine
16,16,3.366261511595872,76.3157894736842,30,elevation,logKoD,0.1,sine
17,17,3.5986109334776284,72.5,30,elevation,logKoD,0.1,sine
18,18,3.767916418497382,69.04761904761905,30,elevation,logKoD,0.1,sine
19,19,3.991640260792375,65.9090909090909,30,elevation,logKoD,0.1,sine
20,20,4.192032407985136,63.04347826086956,30,elevation,logKoD,0.1,sine
21,21,3.781940188588511,60.41666666666666,30,elevation,logKoD,0.1,sine
22,22,4.527372441945395,58.0,30,elevation,logKoD,0.1,sine
23,23,4.730306686006955,55.76923076923077,30,elevation,logKoD,0.1,sine
24,24,4.890222390758367,53.7037037037037,30,elevation,logKoD,0.1,sine
25,25,5.03877855033125,51.785714285714285,30,elevation,logKoD,0.1,sine
26,26,5.200578890525321,50.0,30,elevation,logKoD,0.1,sine
27,27,5.357742948949404,48.333333333333336,30,elevation,logKoD,0.1,sine
28,28,5.407512909876583,46.774193548387096,30,elevation,logKoD,0.1,sine
29,29,5.5212583204931365,45.3125,30,elevation,logKoD,0.1,sine
30,30,5.46369377455068,43.93939393939394,30,elevation,logKoD,0.1,sine
31,31,5.403972178869474,42.64705882352941,30,elevation,logKoD,0.1,sine
32,32,5.399978952000351,41.42857142857143,30,elevation,logKoD,0.1,sine
33,33,6.516516093152196,40.27777777777778,30,elevation,logKoD,0.1,sine
34,34,5.469629262963558,39.18918918918919,30,elevation,logKoD,0.1,sine
35,35,5.548847471234857,38.1578947368421,30,elevation,logKoD,0.1,sine
36,36,5.686641301586023,37.17948717948718,30,elevation,logKoD,0.1,sine
37,37,5.704018845276726,36.25,30,elevation,logKoD,0.1,sine
38,38,5.692377718013296,35.36585365853659,30,elevation,logKoD,0.1,sine
39,39,5.660867373028824,34.523809523809526,30,elevation,logKoD,0.1,sine
40,40,5.680864284951158,33.72093023255814,30,elevation,logKoD,0.1,sine
41,41,5.642862490646644,32.95454545454545,30,elevation,logKoD,0.1,sine
42,42,5.632466872977355,32.22222222222222,30,elevation,logKoD,0.1,sine
43,43,5.637202035898087,31.52173913043478,30,elevation,logKoD,0.1,sine
44,44,5.57840769657088,30.851063829787236,30,elevation,logKoD,0.1,sine
45,45,7.500718167347595,30.20833333333333,30,elevation,logKoD,0.1,sine
46,46,5.175954864621809,29.59183673469388,30,elevation,logKoD,0.1,sine
47,47,5.460777108024758,29.0,30,elevation,logKoD,0.1,sine
48,48,5.36508438326061,28.431372549019606,30,elevation,logKoD,0.1,sine
49,49,5.27822285848941,27.884615384615383,30,elevation,logKoD,0.1,sine
50,50,5.226017539948872,27.358490566037737,30,elevation,logKoD,0.1,sine
51,51,5.042034425043168,26.85185185185185,30,elevation,logKoD,0.1,sine
52,52,4.985685265960188,26.363636363636363,30,elevation,logKoD,0.1,sine
53,53,4.937693856062288,25.892857142857142,30,elevation,logKoD,0.1,sine
54,54,4.8842482666640725,25.43859649122807,30,elevation,logKoD,0.1,sine
55,55,4.869176421859263,25.0,30,elevation,logKoD,0.1,sine
56,56,4.786420756791145,24.57627118644068,30,elevation,logKoD,0.1,sine
57,57,4.782092905630432,24.166666666666668,30,elevation,logKoD,0.1,sine
58,58,4.736272297154496,23.770491803278688,30,elevation,logKoD,0.1,sine
59,59,4.73673723501561,23.387096774193548,30,elevation,logKoD,0.1,sine
60,60,4.741707486235132,23.015873015873016,30,elevation,logKoD,0.1,sine
61,61,4.771845937108288,22.65625,30,elevation,logKoD,0.1,sine
62,62,4.873592021855736,22.307692307692307,30,elevation,logKoD,0.1,sine
63,63,5.046906449954004,21.96969696969697,30,elevation,logKoD,0.1,sine
64,64,5.270371302215093,21.64179104477612,30,elevation,logKoD,0.1,sine
65,65,5.56255986392745,21.323529411764707,30,elevation,logKoD,0.1,sine
66,66,5.870583161442078,21.014492753623188,30,elevation,logKoD,0.1,sine
67,67,6.101663826836638,20.714285714285715,30,elevation,logKoD,0.1,sine
68,68,6.137192937530491,20.422535211267604,30,elevation,logKoD,0.1,sine
69,69,5.374961366020036,20.13888888888889,30,elevation,logKoD,0.1,sine
70,70,6.617018632831678,19.863013698630137,30,elevation,logKoD,0.1,sine
71,71,6.554028065597395,19.594594594594597,30,elevation,logKoD,0.1,sine
72,72,6.535112297912666,19.33333333333333,30,elevation,logKoD,0.1,sine
73,73,6.5251547695801175,19.07894736842105,30,elevation,logKoD,0.1,sine
74,74,6.521135349028679,18.83116883116883,30,elevation,logKoD,0.1,sine
75,75,6.4610470417950445,18.58974358974359,30,elevation,logKoD,0.1,sine
76,76,6.402168882684425,18.354430379746837,30,elevation,logKoD,0.1,sine
77,77,6.320032698203088,18.125,30,elevation,logKoD,0.1,sine
78,78,6.2252600265303,17.901234567901234,30,elevation,logKoD,0.1,sine
79,79,6.090297078395471,17.682926829268293,30,elevation,logKoD,0.1,sine
80,80,5.987611295294925,17.46987951807229,30,elevation,logKoD,0.1,sine
81,81,5.893825470603405,17.261904761904763,30,elevation,logKoD,0.1,sine
82,82,5.766875169889137,17.058823529411764,30,elevation,logKoD,0.1,sine
83,83,5.663981147014176,16.86046511627907,30,elevation,logKoD,0.1,sine
84,84,5.619383128660354,16.666666666666668,30,elevation,logKoD,0.1,sine
85,85,5.628536510945792,16.477272727272727,30,elevation,logKoD,0.1,sine
86,86,5.573687595017479,16.292134831460675,30,elevation,logKoD,0.1,sine
87,87,5.458104042744377,16.11111111111111,30,elevation,logKoD,0.1,sine
88,88,5.435417039648157,15.934065934065934,30,elevation,logKoD,0.1,sine
89,89,5.322615911279105,15.76086956521739,30,elevation,logKoD,0.1,sine
90,90,5.145012267701541,15.591397849462366,30,elevation,logKoD,0.1,sine
91,91,5.090776938781489,15.425531914893616,30,elevation,logKoD,0.1,sine
92,92,4.719090551239107,15.263157894736842,30,elevation,logKoD,0.1,sine
93,93,4.012027786002252,15.104166666666666,30,elevation,logKoD,0.1,sine
94,94,4.681602807950051,14.948453608247425,30,elevation,logKoD,0.1,sine
95,95,4.56731453326749,14.79591836734694,30,elevation,logKoD,0.1,sine
96,96,4.555057854469627,14.646464646464649,30,elevation,logKoD,0.1,sine
0,0,-4.310744710326336,483.3333333333333,0,elevation,DoK,0.0,sine
1,1,-14.79931810733306,362.5,0,elevation,DoK,0.0,sine
2,2,-21.749569440814074,290.0,0,elevation,DoK,0.0,sine
3,3,-24.98176801985021,241.66666666666663,0,elevation,DoK,0.0,sine
4,4,-29.87256220561454,207.14285714285717,0,elevation,DoK,0.0,sine
5,5,-32.59076188566361,181.25,0,elevation,DoK,0.0,sine
6,6,-38.106813859653926,161.11111111111111,0,elevation,DoK,0.0,sine
7,7,-43.56102405745109,145.0,0,elevation,DoK,0.0,sine
8,8,-45.91556695491849,131.8181818181818,0,elevation,DoK,0.0,sine
9,9,-52.057199795299866,120.83333333333331,0,elevation,DoK,0.0,sine
10,10,-55.18044257087365,111.53846153846152,0,elevation,DoK,0.0,sine
11,11,-54.72402543170344,103.57142857142856,0,elevation,DoK,0.0,sine
12,12,-60.88261064494529,96.66666666666669,0,elevation,DoK,0.0,sine
13,13,-63.46725442696453,90.625,0,elevation,DoK,0.0,sine
14,14,-67.82699118662708,85.29411764705883,0,elevation,DoK,0.0,sine
15,15,-70.82573809899955,80.55555555555556,0,elevation,DoK,0.0,sine
16,16,-70.61695575793874,76.3157894736842,0,elevation,DoK,0.0,sine
17,17,-72.1559893665862,72.5,0,elevation,DoK,0.0,sine
18,18,-71.63051657733745,69.04761904761905,0,elevation,DoK,0.0,sine
19,19,-71.355604751293,65.9090909090909,0,elevation,DoK,0.0,sine
20,20,-68.65515129330997,63.04347826086956,0,elevation,DoK,0.0,sine
21,21,-77.16126399243525,60.41666666666666,0,elevation,DoK,0.0,sine
22,22,-63.94022239899009,58.0,0,elevation,DoK,0.0,sine
23,23,-62.275889847131054,55.76923076923077,0,elevation,DoK,0.0,sine
24,24,-57.78682028259614,53.7037037037037,0,elevation,DoK,0.0,sine
25,25,-54.68292988910892,51.785714285714285,0,elevation,DoK,0.0,sine
26,26,-51.745420135220726,50.0,0,elevation,DoK,0.0,sine
27,27,-48.01416271462996,48.333333333333336,0,elevation,DoK,0.0,sine
28,28,-44.30293614027238,46.774193548387096,0,elevation,DoK,0.0,sine
29,29,-40.751942489573125,45.3125,0,elevation,DoK,0.0,sine
30,30,-36.659395987810285,43.93939393939394,0,elevation,DoK,0.0,sine
31,31,-33.62746894788705,42.64705882352941,0,elevation,DoK,0.0,sine
32,32,-30.509746193533285,41.42857142857143,0,elevation,DoK,0.0,sine
33,33,-25.58639495953651,40.27777777777778,0,elevation,DoK,0.0,sine
34,34,-25.18644726821488,39.18918918918919,0,elevation,DoK,0.0,sine
35,35,-24.71682084749641,38.1578947368421,0,elevation,DoK,0.0,sine
36,36,-23.593971915665595,37.17948717948718,0,elevation,DoK,0.0,sine
37,37,-24.02241048574238,36.25,0,elevation,DoK,0.0,sine
38,38,-25.514053142979176,35.36585365853659,0,elevation,DoK,0.0,sine
39,39,-26.981358783582905,34.523809523809526,0,elevation,DoK,0.0,sine
40,40,-29.36069100711445,33.72093023255814,0,elevation,DoK,0.0,sine
41,41,-32.043259780960724,32.95454545454545,0,elevation,DoK,0.0,sine
42,42,-34.58792956315841,32.22222222222222,0,elevation,DoK,0.0,sine
43,43,-37.407086554383625,31.52173913043478,0,elevation,DoK,0.0,sine
44,44,-38.35748097711246,30.851063829787236,0,elevation,DoK,0.0,sine
45,45,-36.06687063310633,30.20833333333333,0,elevation,DoK,0.0,sine
46,46,-43.03474818819208,29.59183673469388,0,elevation,DoK,0.0,sine
47,47,-42.11939851556659,29.0,0,elevation,DoK,0.0,sine
48,48,-43.22962432194862,28.431372549019606,0,elevation,DoK,0.0,sine
49,49,-43.75679096386271,27.884615384615383,0,elevation,DoK,0.0,sine
50,50,-43.4210896733627,27.358490566037737,0,elevation,DoK,0.0,sine
51,51,-43.35009093889151,26.85185185185185,0,elevation,DoK,0.0,sine
52,52,-42.33280548978999,26.363636363636363,0,elevation,DoK,0.0,sine
53,53,-41.41376811068056,25.892857142857142,0,elevation,DoK,0.0,sine
54,54,-40.46401984428182,25.43859649122807,0,elevation,DoK,0.0,sine
55,55,-39.27266911065543,25.0,0,elevation,DoK,0.0,sine
56,56,-38.24570977821182,24.57627118644068,0,elevation,DoK,0.0,sine
57,57,-37.2813768403622,24.166666666666668,0,elevation,DoK,0.0,sine
58,58,-35.19810421647888,23.770491803278688,0,elevation,DoK,0.0,sine
59,59,-33.00228500609879,23.387096774193548,0,elevation,DoK,0.0,sine
60,60,-30.408438111777937,23.015873015873016,0,elevation,DoK,0.0,sine
61,61,-28.369459504323142,22.65625,0,elevation,DoK,0.0,sine
62,62,-26.432185903226472,22.307692307692307,0,elevation,DoK,0.0,sine
63,63,-25.71528930118487,21.96969696969697,0,elevation,DoK,0.0,sine
64,64,-25.357789465348613,21.64179104477612,0,elevation,DoK,0.0,sine
65,65,-24.89640153783896,21.323529411764707,0,elevation,DoK,0.0,sine
66,66,-22.0045981135008,21.014492753623188,0,elevation,DoK,0.0,sine
67,67,-20.967987974726864,20.714285714285715,0,elevation,DoK,0.0,sine
68,68,-18.97098875941812,20.422535211267604,0,elevation,DoK,0.0,sine
69,69,-30.60132962252059,20.13888888888889,0,elevation,DoK,0.0,sine
70,70,-18.20676812930005,19.863013698630137,0,elevation,DoK,0.0,sine
71,71,-22.86805220201435,19.594594594594597,0,elevation,DoK,0.0,sine
72,72,-23.196045770576717,19.33333333333333,0,elevation,DoK,0.0,sine
73,73,-22.237957472117294,19.07894736842105,0,elevation,DoK,0.0,sine
74,74,-24.10720927326361,18.83116883116883,0,elevation,DoK,0.0,sine
75,75,-24.70876235497957,18.58974358974359,0,elevation,DoK,0.0,sine
76,76,-27.155751761675194,18.354430379746837,0,elevation,DoK,0.0,sine
77,77,-27.04609441705445,18.125,0,elevation,DoK,0.0,sine
78,78,-27.43507129697141,17.901234567901234,0,elevation,DoK,0.0,sine
79,79,-28.039490543551604,17.682926829268293,0,elevation,DoK,0.0,sine
80,80,-28.0272643427056,17.46987951807229,0,elevation,DoK,0.0,sine
81,81,-28.92817703675566,17.261904761904763,0,elevation,DoK,0.0,sine
82,82,-28.15608483791624,17.058823529411764,0,elevation,DoK,0.0,sine
83,83,-28.365351796224637,16.86046511627907,0,elevation,DoK,0.0,sine
84,84,-28.110161584455387,16.666666666666668,0,elevation,DoK,0.0,sine
85,85,-27.70053077898693,16.477272727272727,0,elevation,DoK,0.0,sine
86,86,-27.07983300829052,16.292134831460675,0,elevation,DoK,0.0,sine
87,87,-26.804390410974914,16.11111111111111,0,elevation,DoK,0.0,sine
88,88,-25.357337155917545,15.934065934065934,0,elevation,DoK,0.0,sine
89,89,-25.119330087126663,15.76086956521739,0,elevation,DoK,0.0,sine
90,90,-24.006828887382195,15.591397849462366,0,elevation,DoK,0.0,sine
91,91,-21.67635992861347,15.425531914893616,0,elevation,DoK,0.0,sine
92,92,-22.439992094930904,15.263157894736842,0,elevation,DoK,0.0,sine
93,93,-17.353532541606835,15.104166666666666,0,elevation,DoK,0.0,sine
94,94,-21.38790189664866,14.948453608247425,0,elevation,DoK,0.0,sine
95,95,-19.18780190058164,14.79591836734694,0,elevation,DoK,0.0,sine
96,96,-19.86909759653577,14.646464646464649,0,elevation,DoK,0.0,sine
0,0,0.0980036163700713,483.3333333333333,20,elevation,KoD,0.0,sine
1,1,0.0783264076339056,362.5,20,elevation,KoD,0.0,sine
2,2,0.0770116304742238,290.0,20,elevation,KoD,0.0,sine
3,3,0.075393611006708,241.66666666666663,20,elevation,KoD,0.0,sine
4,4,0.0857539693362366,207.14285714285717,20,elevation,KoD,0.0,sine
5,5,0.094799740430412,181.25,20,elevation,KoD,0.0,sine
6,6,0.0919106094223067,161.11111111111111,20,elevation,KoD,0.0,sine
7,7,0.0974856237591549,145.0,20,elevation,KoD,0.0,sine
8,8,0.0999677405649787,131.8181818181818,20,elevation,KoD,0.0,sine
9,9,0.1204962612307421,120.83333333333331,20,elevation,KoD,0.0,sine
10,10,0.1358202706665754,111.53846153846152,20,elevation,KoD,0.0,sine
11,11,0.1386291135520992,103.57142857142856,20,elevation,KoD,0.0,sine
12,12,0.1471038087160406,96.66666666666669,20,elevation,KoD,0.0,sine
13,13,0.1635374834028902,90.625,20,elevation,KoD,0.0,sine
14,14,0.1701947067234354,85.29411764705883,20,elevation,KoD,0.0,sine
15,15,0.1823113229059268,80.55555555555556,20,elevation,KoD,0.0,sine
16,16,0.1907886876207657,76.3157894736842,20,elevation,KoD,0.0,sine
17,17,0.1993249182671604,72.5,20,elevation,KoD,0.0,sine
18,18,0.2076634493588522,69.04761904761905,20,elevation,KoD,0.0,sine
19,19,0.2181931342460446,65.9090909090909,20,elevation,KoD,0.0,sine
20,20,0.2312507268007794,63.04347826086956,20,elevation,KoD,0.0,sine
21,21,0.2430064528060553,60.41666666666666,20,elevation,KoD,0.0,sine
22,22,0.2578703763916172,58.0,20,elevation,KoD,0.0,sine
23,23,0.2719906624095173,55.76923076923077,20,elevation,KoD,0.0,sine
24,24,0.2884303425248565,53.7037037037037,20,elevation,KoD,0.0,sine
25,25,0.2921456443621952,51.785714285714285,20,elevation,KoD,0.0,sine
26,26,0.3021178472325475,50.0,20,elevation,KoD,0.0,sine
27,27,0.3124021286666457,48.333333333333336,20,elevation,KoD,0.0,sine
28,28,0.3234840837924553,46.774193548387096,20,elevation,KoD,0.0,sine
29,29,0.3292309435716375,45.3125,20,elevation,KoD,0.0,sine
30,30,0.3513059480168956,43.93939393939394,20,elevation,KoD,0.0,sine
31,31,0.3755089198128811,42.64705882352941,20,elevation,KoD,0.0,sine
32,32,0.3874129608033154,41.42857142857143,20,elevation,KoD,0.0,sine
33,33,0.3697334376946641,40.27777777777778,20,elevation,KoD,0.0,sine
34,34,0.4203114025933503,39.18918918918919,20,elevation,KoD,0.0,sine
35,35,0.4233931762882819,38.1578947368421,20,elevation,KoD,0.0,sine
36,36,0.4299135692098828,37.17948717948718,20,elevation,KoD,0.0,sine
37,37,0.4331219534650285,36.25,20,elevation,KoD,0.0,sine
38,38,0.4347259248984095,35.36585365853659,20,elevation,KoD,0.0,sine
39,39,0.4375706051253936,34.523809523809526,20,elevation,KoD,0.0,sine
40,40,0.4474564486608292,33.72093023255814,20,elevation,KoD,0.0,sine
41,41,0.4463236083976096,32.95454545454545,20,elevation,KoD,0.0,sine
42,42,0.4502612681214707,32.22222222222222,20,elevation,KoD,0.0,sine
43,43,0.4516630836751212,31.52173913043478,20,elevation,KoD,0.0,sine
44,44,0.4493565577467143,30.851063829787236,20,elevation,KoD,0.0,sine
45,45,0.5454507134658221,30.20833333333333,20,elevation,KoD,0.0,sine
46,46,0.4296834360972168,29.59183673469388,20,elevation,KoD,0.0,sine
47,47,0.4409299781607143,29.0,20,elevation,KoD,0.0,sine
48,48,0.4349950020476981,28.431372549019606,20,elevation,KoD,0.0,sine
49,49,0.4292005911584113,27.884615384615383,20,elevation,KoD,0.0,sine
50,50,0.4249108053632223,27.358490566037737,20,elevation,KoD,0.0,sine
51,51,0.4241755881278032,26.85185185185185,20,elevation,KoD,0.0,sine
52,52,0.4128491208139051,26.363636363636363,20,elevation,KoD,0.0,sine
53,53,0.4082784761948782,25.892857142857142,20,elevation,KoD,0.0,sine
54,54,0.3997978435083523,25.43859649122807,20,elevation,KoD,0.0,sine
55,55,0.402550273563145,25.0,20,elevation,KoD,0.0,sine
56,56,0.4035621734092333,24.57627118644068,20,elevation,KoD,0.0,sine
57,57,0.4003631941219555,24.166666666666668,20,elevation,KoD,0.0,sine
58,58,0.3966030743871959,23.770491803278688,20,elevation,KoD,0.0,sine
59,59,0.3997629398730881,23.387096774193548,20,elevation,KoD,0.0,sine
60,60,0.398354775117303,23.015873015873016,20,elevation,KoD,0.0,sine
61,61,0.3959433006124354,22.65625,20,elevation,KoD,0.0,sine
62,62,0.3995268989466711,22.307692307692307,20,elevation,KoD,0.0,sine
63,63,0.3978411348504969,21.96969696969697,20,elevation,KoD,0.0,sine
64,64,0.4081679593341925,21.64179104477612,20,elevation,KoD,0.0,sine
65,65,0.4209171232675849,21.323529411764707,20,elevation,KoD,0.0,sine
66,66,0.4343293204591867,21.014492753623188,20,elevation,KoD,0.0,sine
67,67,0.4431189589672489,20.714285714285715,20,elevation,KoD,0.0,sine
68,68,0.4299000559347514,20.422535211267604,20,elevation,KoD,0.0,sine
69,69,0.3055859885514954,20.13888888888889,20,elevation,KoD,0.0,sine
70,70,0.4782571072749905,19.863013698630137,20,elevation,KoD,0.0,sine
71,71,0.4704645990786391,19.594594594594597,20,elevation,KoD,0.0,sine
72,72,0.4627930992053242,19.33333333333333,20,elevation,KoD,0.0,sine
73,73,0.4667440005806961,19.07894736842105,20,elevation,KoD,0.0,sine
74,74,0.4517799497379416,18.83116883116883,20,elevation,KoD,0.0,sine
75,75,0.4597192365483466,18.58974358974359,20,elevation,KoD,0.0,sine
76,76,0.4852540977921201,18.354430379746837,20,elevation,KoD,0.0,sine
77,77,0.4907370922002366,18.125,20,elevation,KoD,0.0,sine
78,78,0.4870211792097513,17.901234567901234,20,elevation,KoD,0.0,sine
79,79,0.4834254257184878,17.682926829268293,20,elevation,KoD,0.0,sine
80,80,0.4813815598313297,17.46987951807229,20,elevation,KoD,0.0,sine
81,81,0.4787959406326196,17.261904761904763,20,elevation,KoD,0.0,sine
82,82,0.4779262697049377,17.058823529411764,20,elevation,KoD,0.0,sine
83,83,0.4715744531929541,16.86046511627907,20,elevation,KoD,0.0,sine
84,84,0.4696081698024679,16.666666666666668,20,elevation,KoD,0.0,sine
85,85,0.4727445058922142,16.477272727272727,20,elevation,KoD,0.0,sine
86,86,0.4678029252661237,16.292134831460675,20,elevation,KoD,0.0,sine
87,87,0.4652276956709067,16.11111111111111,20,elevation,KoD,0.0,sine
88,88,0.4587265880263778,15.934065934065934,20,elevation,KoD,0.0,sine
89,89,0.4508346995377907,15.76086956521739,20,elevation,KoD,0.0,sine
90,90,0.4476423750292209,15.591397849462366,20,elevation,KoD,0.0,sine
91,91,0.4474798761981173,15.425531914893616,20,elevation,KoD,0.0,sine
92,92,0.4367796031888665,15.263157894736842,20,elevation,KoD,0.0,sine
93,93,0.4138897109049332,15.104166666666666,20,elevation,KoD,0.0,sine
94,94,0.4475790188196849,14.948453608247425,20,elevation,KoD,0.0,sine
95,95,0.4389204387086263,14.79591836734694,20,elevation,KoD,0.0,sine
96,96,0.4384298524966299,14.646464646464649,20,elevation,KoD,0.0,sine
0,0,1.4232166697153024,483.3333333333333,20,slope,logDoK,0.0,sine
1,1,1.4265821281528488,362.5,20,slope,logDoK,0.0,sine
2,2,1.4307693315178125,290.0,20,slope,logDoK,0.0,sine
3,3,1.43697500367102,241.66666666666663,20,slope,logDoK,0.0,sine
4,4,1.4436754294627914,207.14285714285717,20,slope,logDoK,0.0,sine
5,5,1.450000712610639,181.25,20,slope,logDoK,0.0,sine
6,6,1.460303281316262,161.11111111111111,20,slope,logDoK,0.0,sine
7,7,1.4675793132769344,145.0,20,slope,logDoK,0.0,sine
8,8,1.477386064225649,131.8181818181818,20,slope,logDoK,0.0,sine
9,9,1.490376861898056,120.83333333333331,20,slope,logDoK,0.0,sine
10,10,1.494281930655133,111.53846153846152,20,slope,logDoK,0.0,sine
11,11,1.5004128075670389,103.57142857142856,20,slope,logDoK,0.0,sine
12,12,1.5043907684306863,96.66666666666669,20,slope,logDoK,0.0,sine
13,13,1.5066712558973512,90.625,20,slope,logDoK,0.0,sine
14,14,1.5107468700828843,85.29411764705883,20,slope,logDoK,0.0,sine
15,15,1.4969871241239794,80.55555555555556,20,slope,logDoK,0.0,sine
16,16,1.5113643861434916,76.3157894736842,20,slope,logDoK,0.0,sine
17,17,1.4938427362724198,72.5,20,slope,logDoK,0.0,sine
18,18,1.4539476707956076,69.04761904761905,20,slope,logDoK,0.0,sine
19,19,1.4188821268873095,65.9090909090909,20,slope,logDoK,0.0,sine
20,20,1.3857650245946878,63.04347826086956,20,slope,logDoK,0.0,sine
21,21,1.341486998905226,60.41666666666666,20,slope,logDoK,0.0,sine
22,22,1.3462245970198614,58.0,20,slope,logDoK,0.0,sine
23,23,1.3486494157688516,55.76923076923077,20,slope,logDoK,0.0,sine
24,24,1.3262280943738125,53.7037037037037,20,slope,logDoK,0.0,sine
25,25,1.3804368407990768,51.785714285714285,20,slope,logDoK,0.0,sine
26,26,1.403220351243582,50.0,20,slope,logDoK,0.0,sine
27,27,1.4152843223020914,48.333333333333336,20,slope,logDoK,0.0,sine
28,28,1.4245953987405988,46.774193548387096,20,slope,logDoK,0.0,sine
29,29,1.4339716728914969,45.3125,20,slope,logDoK,0.0,sine
30,30,1.4389558804323772,43.93939393939394,20,slope,logDoK,0.0,sine
31,31,1.433949612899671,42.64705882352941,20,slope,logDoK,0.0,sine
32,32,1.4177850618021706,41.42857142857143,20,slope,logDoK,0.0,sine
33,33,1.4596262564836422,40.27777777777778,20,slope,logDoK,0.0,sine
34,34,1.3811551002175302,39.18918918918919,20,slope,logDoK,0.0,sine
35,35,1.3726039270595964,38.1578947368421,20,slope,logDoK,0.0,sine
36,36,1.3633934916598638,37.17948717948718,20,slope,logDoK,0.0,sine
37,37,1.3617065775910642,36.25,20,slope,logDoK,0.0,sine
38,38,1.365725773040546,35.36585365853659,20,slope,logDoK,0.0,sine
39,39,1.3727809799810031,34.523809523809526,20,slope,logDoK,0.0,sine
40,40,1.372511758039946,33.72093023255814,20,slope,logDoK,0.0,sine
41,41,1.3614563460696862,32.95454545454545,20,slope,logDoK,0.0,sine
42,42,1.3542460643443903,32.22222222222222,20,slope,logDoK,0.0,sine
43,43,1.344100555413594,31.52173913043478,20,slope,logDoK,0.0,sine
44,44,1.3387048819583898,30.851063829787236,20,slope,logDoK,0.0,sine
45,45,1.3143968992030748,30.20833333333333,20,slope,logDoK,0.0,sine
46,46,1.3314318991060494,29.59183673469388,20,slope,logDoK,0.0,sine
47,47,1.338176690447244,29.0,20,slope,logDoK,0.0,sine
48,48,1.3498546935040596,28.431372549019606,20,slope,logDoK,0.0,sine
49,49,1.3657576147356116,27.884615384615383,20,slope,logDoK,0.0,sine
50,50,1.3923224697158778,27.358490566037737,20,slope,logDoK,0.0,sine
51,51,1.4348359416250491,26.85185185185185,20,slope,logDoK,0.0,sine
52,52,1.4138090040732536,26.363636363636363,20,slope,logDoK,0.0,sine
53,53,1.4302317471158985,25.892857142857142,20,slope,logDoK,0.0,sine
54,54,1.4388944685256342,25.43859649122807,20,slope,logDoK,0.0,sine
55,55,1.448878067757613,25.0,20,slope,logDoK,0.0,sine
56,56,1.4563796109519775,24.57627118644068,20,slope,logDoK,0.0,sine
57,57,1.4619340836062245,24.166666666666668,20,slope,logDoK,0.0,sine
58,58,1.4818281034702108,23.770491803278688,20,slope,logDoK,0.0,sine
59,59,1.4936868838626376,23.387096774193548,20,slope,logDoK,0.0,sine
60,60,1.5114676056228693,23.015873015873016,20,slope,logDoK,0.0,sine
61,61,1.5344653312755678,22.65625,20,slope,logDoK,0.0,sine
62,62,1.5557357472900195,22.307692307692307,20,slope,logDoK,0.0,sine
63,63,1.586423406011617,21.96969696969697,20,slope,logDoK,0.0,sine
64,64,1.610415918605535,21.64179104477612,20,slope,logDoK,0.0,sine
65,65,1.6211982205100184,21.323529411764707,20,slope,logDoK,0.0,sine
66,66,1.6292730779260811,21.014492753623188,20,slope,logDoK,0.0,sine
67,67,1.6251976274510624,20.714285714285715,20,slope,logDoK,0.0,sine
68,68,1.6217245088864332,20.422535211267604,20,slope,logDoK,0.0,sine
69,69,1.6092695357279097,20.13888888888889,20,slope,logDoK,0.0,sine
70,70,1.6185487295437226,19.863013698630137,20,slope,logDoK,0.0,sine
71,71,1.6235063341260008,19.594594594594597,20,slope,logDoK,0.0,sine
72,72,1.628338045322646,19.33333333333333,20,slope,logDoK,0.0,sine
73,73,1.623828884767149,19.07894736842105,20,slope,logDoK,0.0,sine
74,74,1.616689837579465,18.83116883116883,20,slope,logDoK,0.0,sine
75,75,1.5944304054194292,18.58974358974359,20,slope,logDoK,0.0,sine
76,76,1.565962211070225,18.354430379746837,20,slope,logDoK,0.0,sine
77,77,1.5435492593752382,18.125,20,slope,logDoK,0.0,sine
78,78,1.5172659864798723,17.901234567901234,20,slope,logDoK,0.0,sine
79,79,1.4965952830075786,17.682926829268293,20,slope,logDoK,0.0,sine
80,80,1.4866086142034534,17.46987951807229,20,slope,logDoK,0.0,sine
81,81,1.470425175005345,17.261904761904763,20,slope,logDoK,0.0,sine
82,82,1.455813295354773,17.058823529411764,20,slope,logDoK,0.0,sine
83,83,1.448919384198704,16.86046511627907,20,slope,logDoK,0.0,sine
84,84,1.4427656082785856,16.666666666666668,20,slope,logDoK,0.0,sine
85,85,1.4320344249822476,16.477272727272727,20,slope,logDoK,0.0,sine
86,86,1.4208937812253883,16.292134831460675,20,slope,logDoK,0.0,sine
87,87,1.410015851916636,16.11111111111111,20,slope,logDoK,0.0,sine
88,88,1.3986278006447734,15.934065934065934,20,slope,logDoK,0.0,sine
89,89,1.3747364816126166,15.76086956521739,20,slope,logDoK,0.0,sine
90,90,1.3519880052182094,15.591397849462366,20,slope,logDoK,0.0,sine
91,91,1.3397496619979676,15.425531914893616,20,slope,logDoK,0.0,sine
92,92,1.3344631016006625,15.263157894736842,20,slope,logDoK,0.0,sine
93,93,1.3399841159185129,15.104166666666666,20,slope,logDoK,0.0,sine
94,94,1.333173349239984,14.948453608247425,20,slope,logDoK,0.0,sine
95,95,1.3415640247022875,14.79591836734694,20,slope,logDoK,0.0,sine
96,96,1.3513362736600765,14.646464646464649,20,slope,logDoK,0.0,sine
0,0,-1.4264751637954525,483.3333333333333,0,slope,logKoD,0.1,sine
1,1,-1.430285382773204,362.5,0,slope,logKoD,0.1,sine
2,2,-1.439553607984547,290.0,0,slope,logKoD,0.1,sine
3,3,-1.4511912768633586,241.66666666666663,0,slope,logKoD,0.1,sine
4,4,-1.4601195162637617,207.14285714285717,0,slope,logKoD,0.1,sine
5,5,-1.469429283018153,181.25,0,slope,logKoD,0.1,sine
6,6,-1.4777590377052563,161.11111111111111,0,slope,logKoD,0.1,sine
7,7,-1.4902190449621002,145.0,0,slope,logKoD,0.1,sine
8,8,-1.4997842819743332,131.8181818181818,0,slope,logKoD,0.1,sine
9,9,-1.503111902819221,120.83333333333331,0,slope,logKoD,0.1,sine
10,10,-1.5079915402689794,111.53846153846152,0,slope,logKoD,0.1,sine
11,11,-1.511187906208885,103.57142857142856,0,slope,logKoD,0.1,sine
12,12,-1.5145714751220958,96.66666666666669,0,slope,logKoD,0.1,sine
13,13,-1.515184161722526,90.625,0,slope,logKoD,0.1,sine
14,14,-1.5115927623111869,85.29411764705883,0,slope,logKoD,0.1,sine
15,15,-1.51086052610756,80.55555555555556,0,slope,logKoD,0.1,sine
16,16,-1.5015267757627977,76.3157894736842,0,slope,logKoD,0.1,sine
17,17,-1.492991809945797,72.5,0,slope,logKoD,0.1,sine
18,18,-1.4778920524982693,69.04761904761905,0,slope,logKoD,0.1,sine
19,19,-1.4499190006001006,65.9090909090909,0,slope,logKoD,0.1,sine
20,20,-1.414378552953119,63.04347826086956,0,slope,logKoD,0.1,sine
21,21,-1.4169840057910204,60.41666666666666,0,slope,logKoD,0.1,sine
22,22,-1.378982948183821,58.0,0,slope,logKoD,0.1,sine
23,23,-1.3665607580558214,55.76923076923077,0,slope,logKoD,0.1,sine
24,24,-1.346385237962192,53.7037037037037,0,slope,logKoD,0.1,sine
25,25,-1.3502072031693573,51.785714285714285,0,slope,logKoD,0.1,sine
26,26,-1.3313889455598136,50.0,0,slope,logKoD,0.1,sine
27,27,-1.3083813563486175,48.333333333333336,0,slope,logKoD,0.1,sine
28,28,-1.2993911525184854,46.774193548387096,0,slope,logKoD,0.1,sine
29,29,-1.2915640300384543,45.3125,0,slope,logKoD,0.1,sine
30,30,-1.290288336318207,43.93939393939394,0,slope,logKoD,0.1,sine
31,31,-1.2873017040111605,42.64705882352941,0,slope,logKoD,0.1,sine
32,32,-1.2849503196598202,41.42857142857143,0,slope,logKoD,0.1,sine
33,33,-1.2690401030784668,40.27777777777778,0,slope,logKoD,0.1,sine
34,34,-1.2869592830063177,39.18918918918919,0,slope,logKoD,0.1,sine
35,35,-1.3032909006838416,38.1578947368421,0,slope,logKoD,0.1,sine
36,36,-1.3196790598803034,37.17948717948718,0,slope,logKoD,0.1,sine
37,37,-1.330057815366601,36.25,0,slope,logKoD,0.1,sine
38,38,-1.3393724525087982,35.36585365853659,0,slope,logKoD,0.1,sine
39,39,-1.3408778934723,34.523809523809526,0,slope,logKoD,0.1,sine
40,40,-1.328349373365148,33.72093023255814,0,slope,logKoD,0.1,sine
41,41,-1.320819283149821,32.95454545454545,0,slope,logKoD,0.1,sine
42,42,-1.306679953899287,32.22222222222222,0,slope,logKoD,0.1,sine
43,43,-1.3110008473631354,31.52173913043478,0,slope,logKoD,0.1,sine
44,44,-1.3161714597885623,30.851063829787236,0,slope,logKoD,0.1,sine
45,45,-1.242884902964958,30.20833333333333,0,slope,logKoD,0.1,sine
46,46,-1.3078937445812482,29.59183673469388,0,slope,logKoD,0.1,sine
47,47,-1.303686220648675,29.0,0,slope,logKoD,0.1,sine
48,48,-1.2859325418190537,28.431372549019606,0,slope,logKoD,0.1,sine
49,49,-1.2670645366769229,27.884615384615383,0,slope,logKoD,0.1,sine
50,50,-1.2562209251847678,27.358490566037737,0,slope,logKoD,0.1,sine
51,51,-1.2444052825129055,26.85185185185185,0,slope,logKoD,0.1,sine
52,52,-1.233105593991232,26.363636363636363,0,slope,logKoD,0.1,sine
53,53,-1.222849826028935,25.892857142857142,0,slope,logKoD,0.1,sine
54,54,-1.2260868535678744,25.43859649122807,0,slope,logKoD,0.1,sine
55,55,-1.2452647934096313,25.0,0,slope,logKoD,0.1,sine
56,56,-1.2575531194963243,24.57627118644068,0,slope,logKoD,0.1,sine
57,57,-1.2758153036477258,24.166666666666668,0,slope,logKoD,0.1,sine
58,58,-1.296557077947117,23.770491803278688,0,slope,logKoD,0.1,sine
59,59,-1.3276952475407406,23.387096774193548,0,slope,logKoD,0.1,sine
60,60,-1.364239220177652,23.015873015873016,0,slope,logKoD,0.1,sine
61,61,-1.400901166704058,22.65625,0,slope,logKoD,0.1,sine
62,62,-1.4212683508825117,22.307692307692307,0,slope,logKoD,0.1,sine
63,63,-1.4261179269890492,21.96969696969697,0,slope,logKoD,0.1,sine
64,64,-1.43909141227455,21.64179104477612,0,slope,logKoD,0.1,sine
65,65,-1.4459823357137296,21.323529411764707,0,slope,logKoD,0.1,sine
66,66,-1.444373306922193,21.014492753623188,0,slope,logKoD,0.1,sine
67,67,-1.4404857551901649,20.714285714285715,0,slope,logKoD,0.1,sine
68,68,-1.4673547024510718,20.422535211267604,0,slope,logKoD,0.1,sine
69,69,-1.5135916267653224,20.13888888888889,0,slope,logKoD,0.1,sine
70,70,-1.4611285050921117,19.863013698630137,0,slope,logKoD,0.1,sine
71,71,-1.455362620772232,19.594594594594597,0,slope,logKoD,0.1,sine
72,72,-1.444927589796583,19.33333333333333,0,slope,logKoD,0.1,sine
73,73,-1.4468883915561026,19.07894736842105,0,slope,logKoD,0.1,sine
74,74,-1.450176394456487,18.83116883116883,0,slope,logKoD,0.1,sine
75,75,-1.4361982995988982,18.58974358974359,0,slope,logKoD,0.1,sine
76,76,-1.422393533248512,18.354430379746837,0,slope,logKoD,0.1,sine
77,77,-1.4082565164089949,18.125,0,slope,logKoD,0.1,sine
78,78,-1.381710651848408,17.901234567901234,0,slope,logKoD,0.1,sine
79,79,-1.3377134920103455,17.682926829268293,0,slope,logKoD,0.1,sine
80,80,-1.3078254772967113,17.46987951807229,0,slope,logKoD,0.1,sine
81,81,-1.28574130747433,17.261904761904763,0,slope,logKoD,0.1,sine
82,82,-1.2626084592557452,17.058823529411764,0,slope,logKoD,0.1,sine
83,83,-1.2456533705476496,16.86046511627907,0,slope,logKoD,0.1,sine
84,84,-1.2307254989084155,16.666666666666668,0,slope,logKoD,0.1,sine
85,85,-1.219987675104334,16.477272727272727,0,slope,logKoD,0.1,sine
86,86,-1.2254640680750826,16.292134831460675,0,slope,logKoD,0.1,sine
87,87,-1.2465032225240211,16.11111111111111,0,slope,logKoD,0.1,sine
88,88,-1.256447899581183,15.934065934065934,0,slope,logKoD,0.1,sine
89,89,-1.2661556875238968,15.76086956521739,0,slope,logKoD,0.1,sine
90,90,-1.2810173177962108,15.591397849462366,0,slope,logKoD,0.1,sine
91,91,-1.2973092049782529,15.425531914893616,0,slope,logKoD,0.1,sine
92,92,-1.3032985541503934,15.263157894736842,0,slope,logKoD,0.1,sine
93,93,-1.32248340052948,15.104166666666666,0,slope,logKoD,0.1,sine
94,94,-1.304920229579174,14.948453608247425,0,slope,logKoD,0.1,sine
95,95,-1.3107179555941193,14.79591836734694,0,slope,logKoD,0.1,sine
96,96,-1.319389742473594,14.646464646464649,0,slope,logKoD,0.1,sine
0,0,1.2861142297944017,483.3333333333333,30,curvature,logDoK,0.1,sine
1,1,1.285344688057288,362.5,30,curvature,logDoK,0.1,sine
2,2,1.2857023341399774,290.0,30,curvature,logDoK,0.1,sine
3,3,1.2876405643123134,241.66666666666663,30,curvature,logDoK,0.1,sine
4,4,1.2919886541853791,207.14285714285717,30,curvature,logDoK,0.1,sine
5,5,1.2976342726685612,181.25,30,curvature,logDoK,0.1,sine
6,6,1.3023371027626844,161.11111111111111,30,curvature,logDoK,0.1,sine
7,7,1.3090079583427785,145.0,30,curvature,logDoK,0.1,sine
8,8,1.315513138882222,131.8181818181818,30,curvature,logDoK,0.1,sine
9,9,1.327827525636438,120.83333333333331,30,curvature,logDoK,0.1,sine
10,10,1.3380228844188928,111.53846153846152,30,curvature,logDoK,0.1,sine
11,11,1.3496041754892814,103.57142857142856,30,curvature,logDoK,0.1,sine
12,12,1.3643362186574794,96.66666666666669,30,curvature,logDoK,0.1,sine
13,13,1.3801347335084235,90.625,30,curvature,logDoK,0.1,sine
14,14,1.3949340821618863,85.29411764705883,30,curvature,logDoK,0.1,sine
15,15,1.4053943654843937,80.55555555555556,30,curvature,logDoK,0.1,sine
16,16,1.4130629343311534,76.3157894736842,30,curvature,logDoK,0.1,sine
17,17,1.414525728705634,72.5,30,curvature,logDoK,0.1,sine
18,18,1.4119300575709726,69.04761904761905,30,curvature,logDoK,0.1,sine
19,19,1.4126482555979831,65.9090909090909,30,curvature,logDoK,0.1,sine
20,20,1.409755654517689,63.04347826086956,30,curvature,logDoK,0.1,sine
21,21,1.387180547558113,60.41666666666666,30,curvature,logDoK,0.1,sine
22,22,1.400443309322695,58.0,30,curvature,logDoK,0.1,sine
23,23,1.3927280011240517,55.76923076923077,30,curvature,logDoK,0.1,sine
24,24,1.3786074371912391,53.7037037037037,30,curvature,logDoK,0.1,sine
25,25,1.3681717513735323,51.785714285714285,30,curvature,logDoK,0.1,sine
26,26,1.353864475598959,50.0,30,curvature,logDoK,0.1,sine
27,27,1.3408584937763346,48.333333333333336,30,curvature,logDoK,0.1,sine
28,28,1.3330822443386776,46.774193548387096,30,curvature,logDoK,0.1,sine
29,29,1.3191117415561977,45.3125,30,curvature,logDoK,0.1,sine
30,30,1.3165234169308735,43.93939393939394,30,curvature,logDoK,0.1,sine
31,31,1.304577153732273,42.64705882352941,30,curvature,logDoK,0.1,sine
32,32,1.285858391187903,41.42857142857143,30,curvature,logDoK,0.1,sine
33,33,1.2284602160557831,40.27777777777778,30,curvature,logDoK,0.1,sine
34,34,1.2349737253676505,39.18918918918919,30,curvature,logDoK,0.1,sine
35,35,1.1977165069467917,38.1578947368421,30,curvature,logDoK,0.1,sine
36,36,1.1680996173089453,37.17948717948718,30,curvature,logDoK,0.1,sine
37,37,1.1281721985417097,36.25,30,curvature,logDoK,0.1,sine
38,38,1.0720636325235682,35.36585365853659,30,curvature,logDoK,0.1,sine
39,39,1.032651973500285,34.523809523809526,30,curvature,logDoK,0.1,sine
40,40,0.9839852372663528,33.72093023255814,30,curvature,logDoK,0.1,sine
41,41,0.9522528701285276,32.95454545454545,30,curvature,logDoK,0.1,sine
42,42,0.8964986964466002,32.22222222222222,30,curvature,logDoK,0.1,sine
43,43,0.8119923111366654,31.52173913043478,30,curvature,logDoK,0.1,sine
44,44,0.7820087304102048,30.851063829787236,30,curvature,logDoK,0.1,sine
45,45,0.9570577328007984,30.20833333333333,30,curvature,logDoK,0.1,sine
46,46,0.6615565297556292,29.59183673469388,30,curvature,logDoK,0.1,sine
47,47,0.6424071880943698,29.0,30,curvature,logDoK,0.1,sine
48,48,0.6262180599558835,28.431372549019606,30,curvature,logDoK,0.1,sine
49,49,0.6145533174507405,27.884615384615383,30,curvature,logDoK,0.1,sine
50,50,0.5978878735703834,27.358490566037737,30,curvature,logDoK,0.1,sine
51,51,0.5676110054572373,26.85185185185185,30,curvature,logDoK,0.1,sine
52,52,0.5715900304392292,26.363636363636363,30,curvature,logDoK,0.1,sine
53,53,0.5585845806757768,25.892857142857142,30,curvature,logDoK,0.1,sine
54,54,0.5490517583454104,25.43859649122807,30,curvature,logDoK,0.1,sine
55,55,0.5381782287567346,25.0,30,curvature,logDoK,0.1,sine
56,56,0.527272120775678,24.57627118644068,30,curvature,logDoK,0.1,sine
57,57,0.5216374913607803,24.166666666666668,30,curvature,logDoK,0.1,sine
58,58,0.5117012863227426,23.770491803278688,30,curvature,logDoK,0.1,sine
59,59,0.5027623238836414,23.387096774193548,30,curvature,logDoK,0.1,sine
60,60,0.4922620133403446,23.015873015873016,30,curvature,logDoK,0.1,sine
61,61,0.48423107126979,22.65625,30,curvature,logDoK,0.1,sine
62,62,0.4741039797718721,22.307692307692307,30,curvature,logDoK,0.1,sine
63,63,0.4696810537298759,21.96969696969697,30,curvature,logDoK,0.1,sine
64,64,0.467602585038076,21.64179104477612,30,curvature,logDoK,0.1,sine
65,65,0.4633798769552852,21.323529411764707,30,curvature,logDoK,0.1,sine
66,66,0.4577448382641014,21.014492753623188,30,curvature,logDoK,0.1,sine
67,67,0.4539197830209752,20.714285714285715,30,curvature,logDoK,0.1,sine
68,68,0.4606234420954075,20.422535211267604,30,curvature,logDoK,0.1,sine
69,69,0.4906899831250793,20.13888888888889,30,curvature,logDoK,0.1,sine
70,70,0.4493870481513935,19.863013698630137,30,curvature,logDoK,0.1,sine
71,71,0.448553188645905,19.594594594594597,30,curvature,logDoK,0.1,sine
72,72,0.4496189440951502,19.33333333333333,30,curvature,logDoK,0.1,sine
73,73,0.4486425336591808,19.07894736842105,30,curvature,logDoK,0.1,sine
74,74,0.4501067195730344,18.83116883116883,30,curvature,logDoK,0.1,sine
75,75,0.4538132893313079,18.58974358974359,30,curvature,logDoK,0.1,sine
76,76,0.4543854575794049,18.354430379746837,30,curvature,logDoK,0.1,sine
77,77,0.4576291358579948,18.125,30,curvature,logDoK,0.1,sine
78,78,0.4609968657789296,17.901234567901234,30,curvature,logDoK,0.1,sine
79,79,0.4652342259527661,17.682926829268293,30,curvature,logDoK,0.1,sine
80,80,0.4671478790841162,17.46987951807229,30,curvature,logDoK,0.1,sine
81,81,0.4698330180149391,17.261904761904763,30,curvature,logDoK,0.1,sine
82,82,0.4760193518636243,17.058823529411764,30,curvature,logDoK,0.1,sine
83,83,0.4792440397225347,16.86046511627907,30,curvature,logDoK,0.1,sine
84,84,0.4869298800285718,16.666666666666668,30,curvature,logDoK,0.1,sine
85,85,0.4953126359947374,16.477272727272727,30,curvature,logDoK,0.1,sine
86,86,0.5042375193295936,16.292134831460675,30,curvature,logDoK,0.1,sine
87,87,0.5180208805302119,16.11111111111111,30,curvature,logDoK,0.1,sine
88,88,0.531430204132879,15.934065934065934,30,curvature,logDoK,0.1,sine
89,89,0.545499854095689,15.76086956521739,30,curvature,logDoK,0.1,sine
90,90,0.5665085379251207,15.591397849462366,30,curvature,logDoK,0.1,sine
91,91,0.5950781100104148,15.425531914893616,30,curvature,logDoK,0.1,sine
92,92,0.6357180174004687,15.263157894736842,30,curvature,logDoK,0.1,sine
93,93,0.6968794061288708,15.104166666666666,30,curvature,logDoK,0.1,sine
94,94,0.7454580456422001,14.948453608247425,30,curvature,logDoK,0.1,sine
95,95,0.7904970796582081,14.79591836734694,30,curvature,logDoK,0.1,sine
96,96,0.8256845265083488,14.646464646464649,30,curvature,logDoK,0.1,sine
0,0,33.01207799651696,483.3333333333333,20,slope,DoK,0.0,sine
1,1,33.36332396215829,362.5,20,slope,DoK,0.0,sine
2,2,33.75413777221369,290.0,20,slope,DoK,0.0,sine
3,3,34.10730143753472,241.66666666666663,20,slope,DoK,0.0,sine
4,4,34.50231987913814,207.14285714285717,20,slope,DoK,0.0,sine
5,5,34.814964927159394,181.25,20,slope,DoK,0.0,sine
6,6,35.16894321099659,161.11111111111111,20,slope,DoK,0.0,sine
7,7,35.635027310405384,145.0,20,slope,DoK,0.0,sine
8,8,36.163897035789525,131.8181818181818,20,slope,DoK,0.0,sine
9,9,36.663445109994086,120.83333333333331,20,slope,DoK,0.0,sine
10,10,36.94793389593113,111.53846153846152,20,slope,DoK,0.0,sine
11,11,37.07968517163901,103.57142857142856,20,slope,DoK,0.0,sine
12,12,36.977795549186574,96.66666666666669,20,slope,DoK,0.0,sine
13,13,36.87542130948656,90.625,20,slope,DoK,0.0,sine
14,14,36.65229660559864,85.29411764705883,20,slope,DoK,0.0,sine
15,15,35.03646962481969,80.55555555555556,20,slope,DoK,0.0,sine
16,16,34.996502548101674,76.3157894736842,20,slope,DoK,0.0,sine
17,17,33.112797614471674,72.5,20,slope,DoK,0.0,sine
18,18,30.646448902585934,69.04761904761905,20,slope,DoK,0.0,sine
19,19,28.468120913291603,65.9090909090909,20,slope,DoK,0.0,sine
20,20,26.684757711548272,63.04347826086956,20,slope,DoK,0.0,sine
21,21,24.8637968652724,60.41666666666666,20,slope,DoK,0.0,sine
22,22,24.16992939022072,58.0,20,slope,DoK,0.0,sine
23,23,23.94740122708756,55.76923076923077,20,slope,DoK,0.0,sine
24,24,22.93976889201754,53.7037037037037,20,slope,DoK,0.0,sine
25,25,24.203530096311336,51.785714285714285,20,slope,DoK,0.0,sine
26,26,24.24414102165828,50.0,20,slope,DoK,0.0,sine
27,27,23.37998366121045,48.333333333333336,20,slope,DoK,0.0,sine
28,28,22.98256463345564,46.774193548387096,20,slope,DoK,0.0,sine
29,29,22.337442153481348,45.3125,20,slope,DoK,0.0,sine
30,30,22.117462846300324,43.93939393939394,20,slope,DoK,0.0,sine
31,31,22.018784966963672,42.64705882352941,20,slope,DoK,0.0,sine
32,32,21.751570478201568,41.42857142857143,20,slope,DoK,0.0,sine
33,33,23.493738906199688,40.27777777777778,20,slope,DoK,0.0,sine
34,34,21.283239254769786,39.18918918918919,20,slope,DoK,0.0,sine
35,35,21.016583229692987,38.1578947368421,20,slope,DoK,0.0,sine
36,36,20.66074032330321,37.17948717948718,20,slope,DoK,0.0,sine
37,37,20.5134657186899,36.25,20,slope,DoK,0.0,sine
38,38,20.541182363699527,35.36585365853659,20,slope,DoK,0.0,sine
39,39,20.432112329028826,34.523809523809526,20,slope,DoK,0.0,sine
40,40,20.53011289806946,33.72093023255814,20,slope,DoK,0.0,sine
41,41,20.447295272010347,32.95454545454545,20,slope,DoK,0.0,sine
42,42,20.506112228883214,32.22222222222222,20,slope,DoK,0.0,sine
43,43,20.33380829728316,31.52173913043478,20,slope,DoK,0.0,sine
44,44,20.50978955071185,30.851063829787236,20,slope,DoK,0.0,sine
45,45,18.71151629165141,30.20833333333333,20,slope,DoK,0.0,sine
46,46,20.338910624589783,29.59183673469388,20,slope,DoK,0.0,sine
47,47,20.651444326029157,29.0,20,slope,DoK,0.0,sine
48,48,20.977267501632724,28.431372549019606,20,slope,DoK,0.0,sine
49,49,21.320289397197623,27.884615384615383,20,slope,DoK,0.0,sine
50,50,21.569258046588452,27.358490566037737,20,slope,DoK,0.0,sine
51,51,21.976215380241108,26.85185185185185,20,slope,DoK,0.0,sine
52,52,22.019046314122185,26.363636363636363,20,slope,DoK,0.0,sine
53,53,22.311999171058268,25.892857142857142,20,slope,DoK,0.0,sine
54,54,22.976064416159865,25.43859649122807,20,slope,DoK,0.0,sine
55,55,25.062056088957267,25.0,20,slope,DoK,0.0,sine
56,56,24.20313086400738,24.57627118644068,20,slope,DoK,0.0,sine
57,57,24.464317637290097,24.166666666666668,20,slope,DoK,0.0,sine
58,58,25.28293943807514,23.770491803278688,20,slope,DoK,0.0,sine
59,59,26.7699516928964,23.387096774193548,20,slope,DoK,0.0,sine
60,60,27.9166109085662,23.015873015873016,20,slope,DoK,0.0,sine
61,61,29.718789951872,22.65625,20,slope,DoK,0.0,sine
62,62,31.824581123859385,22.307692307692307,20,slope,DoK,0.0,sine
63,63,34.20072410436164,21.96969696969697,20,slope,DoK,0.0,sine
64,64,36.408633361218186,21.64179104477612,20,slope,DoK,0.0,sine
65,65,37.88430441859556,21.323529411764707,20,slope,DoK,0.0,sine
66,66,39.22220571559038,21.014492753623188,20,slope,DoK,0.0,sine
67,67,39.54737927331208,20.714285714285715,20,slope,DoK,0.0,sine
68,68,40.93983231847579,20.422535211267604,20,slope,DoK,0.0,sine
69,69,43.69169905102437,20.13888888888889,20,slope,DoK,0.0,sine
70,70,40.12120532536309,19.863013698630137,20,slope,DoK,0.0,sine
71,71,40.13415614437929,19.594594594594597,20,slope,DoK,0.0,sine
72,72,39.416654924628816,19.33333333333333,20,slope,DoK,0.0,sine
73,73,37.987267122096206,19.07894736842105,20,slope,DoK,0.0,sine
74,74,37.11345607069158,18.83116883116883,20,slope,DoK,0.0,sine
75,75,35.04892890348478,18.58974358974359,20,slope,DoK,0.0,sine
76,76,32.686022896944905,18.354430379746837,20,slope,DoK,0.0,sine
77,77,30.172525542272297,18.125,20,slope,DoK,0.0,sine
78,78,28.4944713992033,17.901234567901234,20,slope,DoK,0.0,sine
79,79,27.081772314671475,17.682926829268293,20,slope,DoK,0.0,sine
80,80,25.728163649602223,17.46987951807229,20,slope,DoK,0.0,sine
81,81,24.96757361036392,17.261904761904763,20,slope,DoK,0.0,sine
82,82,24.19146485762256,17.058823529411764,20,slope,DoK,0.0,sine
83,83,24.28482579344294,16.86046511627907,20,slope,DoK,0.0,sine
84,84,24.277629227316424,16.666666666666668,20,slope,DoK,0.0,sine
85,85,22.45789261651598,16.477272727272727,20,slope,DoK,0.0,sine
86,86,22.097744693576896,16.292134831460675,20,slope,DoK,0.0,sine
87,87,21.587896195160145,16.11111111111111,20,slope,DoK,0.0,sine
88,88,21.59305736884684,15.934065934065934,20,slope,DoK,0.0,sine
89,89,21.46566187911419,15.76086956521739,20,slope,DoK,0.0,sine
90,90,21.04930412470914,15.591397849462366,20,slope,DoK,0.0,sine
91,91,20.69999432035693,15.425531914893616,20,slope,DoK,0.0,sine
92,92,20.37958905019621,15.263157894736842,20,slope,DoK,0.0,sine
93,93,20.920423629267844,15.104166666666666,20,slope,DoK,0.0,sine
94,94,20.17779038982815,14.948453608247425,20,slope,DoK,0.0,sine
95,95,20.480455784101085,14.79591836734694,20,slope,DoK,0.0,sine
96,96,20.369079779027327,14.646464646464649,20,slope,DoK,0.0,sine
0,0,-0.5926385777789359,483.3333333333333,0,elevation,logKoD,0.0,sine
1,1,-0.5229330554447226,362.5,0,elevation,logKoD,0.0,sine
2,2,-0.5368294178279587,290.0,0,elevation,logKoD,0.0,sine
3,3,-0.5305668767347846,241.66666666666663,0,elevation,logKoD,0.0,sine
4,4,-0.5160475958439635,207.14285714285717,0,elevation,logKoD,0.0,sine
5,5,-0.5119079299196412,181.25,0,elevation,logKoD,0.0,sine
6,6,-0.5004330916112915,161.11111111111111,0,elevation,logKoD,0.0,sine
7,7,-0.4599944662987869,145.0,0,elevation,logKoD,0.0,sine
8,8,-0.4429995959356735,131.8181818181818,0,elevation,logKoD,0.0,sine
9,9,-0.4377262346985979,120.83333333333331,0,elevation,logKoD,0.0,sine
10,10,-0.4169178916112576,111.53846153846152,0,elevation,logKoD,0.0,sine
11,11,-0.3989776748822967,103.57142857142856,0,elevation,logKoD,0.0,sine
12,12,-0.3718139259124451,96.66666666666669,0,elevation,logKoD,0.0,sine
13,13,-0.3645056429804205,90.625,0,elevation,logKoD,0.0,sine
14,14,-0.3240780681276433,85.29411764705883,0,elevation,logKoD,0.0,sine
15,15,-0.3464479639573224,80.55555555555556,0,elevation,logKoD,0.0,sine
16,16,-0.3328563896244139,76.3157894736842,0,elevation,logKoD,0.0,sine
17,17,-0.3213231475900245,72.5,0,elevation,logKoD,0.0,sine
18,18,-0.3099739980291645,69.04761904761905,0,elevation,logKoD,0.0,sine
19,19,-0.3132392042404081,65.9090909090909,0,elevation,logKoD,0.0,sine
20,20,-0.3041540073842503,63.04347826086956,0,elevation,logKoD,0.0,sine
21,21,-0.3164556247183374,60.41666666666666,0,elevation,logKoD,0.0,sine
22,22,-0.2863788927091395,58.0,0,elevation,logKoD,0.0,sine
23,23,-0.2793698725975789,55.76923076923077,0,elevation,logKoD,0.0,sine
24,24,-0.2724105386271621,53.7037037037037,0,elevation,logKoD,0.0,sine
25,25,-0.2624255069281817,51.785714285714285,0,elevation,logKoD,0.0,sine
26,26,-0.2586605743714971,50.0,0,elevation,logKoD,0.0,sine
27,27,-0.2498454998642264,48.333333333333336,0,elevation,logKoD,0.0,sine
28,28,-0.2344130007960241,46.774193548387096,0,elevation,logKoD,0.0,sine
29,29,-0.2264285934392096,45.3125,0,elevation,logKoD,0.0,sine
30,30,-0.210507582195808,43.93939393939394,0,elevation,logKoD,0.0,sine
31,31,-0.1962461044376595,42.64705882352941,0,elevation,logKoD,0.0,sine
32,32,-0.1815749411170324,41.42857142857143,0,elevation,logKoD,0.0,sine
33,33,-0.081959957991788,40.27777777777778,0,elevation,logKoD,0.0,sine
34,34,-0.1553041511483955,39.18918918918919,0,elevation,logKoD,0.0,sine
35,35,-0.1242084030418356,38.1578947368421,0,elevation,logKoD,0.0,sine
36,36,-0.1258626977906256,37.17948717948718,0,elevation,logKoD,0.0,sine
37,37,-0.1100517818682096,36.25,0,elevation,logKoD,0.0,sine
38,38,-0.1000065865551589,35.36585365853659,0,elevation,logKoD,0.0,sine
39,39,-0.0810447343606044,34.523809523809526,0,elevation,logKoD,0.0,sine
40,40,-0.0747210883179017,33.72093023255814,0,elevation,logKoD,0.0,sine
41,41,-0.0609658853257735,32.95454545454545,0,elevation,logKoD,0.0,sine
42,42,-0.0468595232800919,32.22222222222222,0,elevation,logKoD,0.0,sine
43,43,-0.0371196480765407,31.52173913043478,0,elevation,logKoD,0.0,sine
44,44,-0.0252046331223909,30.851063829787236,0,elevation,logKoD,0.0,sine
45,45,0.0087286274763414,30.20833333333333,0,elevation,logKoD,0.0,sine
46,46,0.0079178511533939,29.59183673469388,0,elevation,logKoD,0.0,sine
47,47,0.0147848523936457,29.0,0,elevation,logKoD,0.0,sine
48,48,0.021708661182421,28.431372549019606,0,elevation,logKoD,0.0,sine
49,49,0.0221163003634687,27.884615384615383,0,elevation,logKoD,0.0,sine
50,50,0.024897496438661,27.358490566037737,0,elevation,logKoD,0.0,sine
51,51,0.0138333668835055,26.85185185185185,0,elevation,logKoD,0.0,sine
52,52,0.0248158867471943,26.363636363636363,0,elevation,logKoD,0.0,sine
53,53,0.015578766533602,25.892857142857142,0,elevation,logKoD,0.0,sine
54,54,0.0176398819108671,25.43859649122807,0,elevation,logKoD,0.0,sine
55,55,0.0166938807029619,25.0,0,elevation,logKoD,0.0,sine
56,56,0.0178684217890772,24.57627118644068,0,elevation,logKoD,0.0,sine
57,57,0.0062074855533957,24.166666666666668,0,elevation,logKoD,0.0,sine
58,58,0.0050065052191925,23.770491803278688,0,elevation,logKoD,0.0,sine
59,59,0.0056895054855905,23.387096774193548,0,elevation,logKoD,0.0,sine
60,60,0.0050439949270078,23.015873015873016,0,elevation,logKoD,0.0,sine
61,61,0.005862301933621,22.65625,0,elevation,logKoD,0.0,sine
62,62,-0.0012545215517227,22.307692307692307,0,elevation,logKoD,0.0,sine
63,63,0.0086179591685549,21.96969696969697,0,elevation,logKoD,0.0,sine
64,64,0.0061839112393109,21.64179104477612,0,elevation,logKoD,0.0,sine
65,65,0.0159879609645372,21.323529411764707,0,elevation,logKoD,0.0,sine
66,66,-0.0044057852448902,21.014492753623188,0,elevation,logKoD,0.0,sine
67,67,0.024779051881437,20.714285714285715,0,elevation,logKoD,0.0,sine
68,68,0.0082263636179258,20.422535211267604,0,elevation,logKoD,0.0,sine
69,69,0.2049242193409992,20.13888888888889,0,elevation,logKoD,0.0,sine
70,70,0.0109966729439054,19.863013698630137,0,elevation,logKoD,0.0,sine
71,71,0.0515831288509827,19.594594594594597,0,elevation,logKoD,0.0,sine
72,72,0.0570609645206399,19.33333333333333,0,elevation,logKoD,0.0,sine
73,73,0.0762566771851247,19.07894736842105,0,elevation,logKoD,0.0,sine
74,74,0.0698831812907638,18.83116883116883,0,elevation,logKoD,0.0,sine
75,75,0.0848666224177558,18.58974358974359,0,elevation,logKoD,0.0,sine
76,76,0.095837273269145,18.354430379746837,0,elevation,logKoD,0.0,sine
77,77,0.1090114676453946,18.125,0,elevation,logKoD,0.0,sine
78,78,0.1028837012332637,17.901234567901234,0,elevation,logKoD,0.0,sine
79,79,0.1081157255654337,17.682926829268293,0,elevation,logKoD,0.0,sine
80,80,0.105039277577382,17.46987951807229,0,elevation,logKoD,0.0,sine
81,81,0.1090314403281607,17.261904761904763,0,elevation,logKoD,0.0,sine
82,82,0.1054139290897628,17.058823529411764,0,elevation,logKoD,0.0,sine
83,83,0.1063064788146912,16.86046511627907,0,elevation,logKoD,0.0,sine
84,84,0.1054203137998273,16.666666666666668,0,elevation,logKoD,0.0,sine
85,85,0.1056421415469437,16.477272727272727,0,elevation,logKoD,0.0,sine
86,86,0.1027014914306507,16.292134831460675,0,elevation,logKoD,0.0,sine
87,87,0.0977530137095548,16.11111111111111,0,elevation,logKoD,0.0,sine
88,88,0.0818735030815731,15.934065934065934,0,elevation,logKoD,0.0,sine
89,89,0.0715717733923368,15.76086956521739,0,elevation,logKoD,0.0,sine
90,90,0.0603403316913857,15.591397849462366,0,elevation,logKoD,0.0,sine
91,91,0.0482787958267791,15.425531914893616,0,elevation,logKoD,0.0,sine
92,92,0.0279069868262915,15.263157894736842,0,elevation,logKoD,0.0,sine
93,93,-0.0672630102651308,15.104166666666666,0,elevation,logKoD,0.0,sine
94,94,0.0124638465746482,14.948453608247425,0,elevation,logKoD,0.0,sine
95,95,0.0316196138736006,14.79591836734694,0,elevation,logKoD,0.0,sine
96,96,0.0211494260649676,14.646464646464649,0,elevation,logKoD,0.0,sine
0,0,0.0899689567768662,483.3333333333333,0,curvature,KoD,0.0,sine
1,1,0.0901388117273546,362.5,0,curvature,KoD,0.0,sine
2,2,0.0900158723301395,290.0,0,curvature,KoD,0.0,sine
3,3,0.0897073460940584,241.66666666666663,0,curvature,KoD,0.0,sine
4,4,0.0887755985587413,207.14285714285717,0,curvature,KoD,0.0,sine
5,5,0.0878605155569682,181.25,0,curvature,KoD,0.0,sine
6,6,0.0869806109971692,161.11111111111111,0,curvature,KoD,0.0,sine
7,7,0.085577891446156,145.0,0,curvature,KoD,0.0,sine
8,8,0.0845913289909393,131.8181818181818,0,curvature,KoD,0.0,sine
9,9,0.0833634427420882,120.83333333333331,0,curvature,KoD,0.0,sine
10,10,0.082105400966187,111.53846153846152,0,curvature,KoD,0.0,sine
11,11,0.0799385405082658,103.57142857142856,0,curvature,KoD,0.0,sine
12,12,0.0761004223531651,96.66666666666669,0,curvature,KoD,0.0,sine
13,13,0.0721309126377134,90.625,0,curvature,KoD,0.0,sine
14,14,0.0671639415692631,85.29411764705883,0,curvature,KoD,0.0,sine
15,15,0.0636920781578874,80.55555555555556,0,curvature,KoD,0.0,sine
16,16,0.0593539773111605,76.3157894736842,0,curvature,KoD,0.0,sine
17,17,0.0560402540205993,72.5,0,curvature,KoD,0.0,sine
18,18,0.0532629704045096,69.04761904761905,0,curvature,KoD,0.0,sine
19,19,0.0503813620974629,65.9090909090909,0,curvature,KoD,0.0,sine
20,20,0.0477342922986811,63.04347826086956,0,curvature,KoD,0.0,sine
21,21,0.0446186378011822,60.41666666666666,0,curvature,KoD,0.0,sine
22,22,0.0421302174175038,58.0,0,curvature,KoD,0.0,sine
23,23,0.0394052934984294,55.76923076923077,0,curvature,KoD,0.0,sine
24,24,0.0361592511747405,53.7037037037037,0,curvature,KoD,0.0,sine
25,25,0.0344030771431294,51.785714285714285,0,curvature,KoD,0.0,sine
26,26,0.032463468041023,50.0,0,curvature,KoD,0.0,sine
27,27,0.0308732348210844,48.333333333333336,0,curvature,KoD,0.0,sine
28,28,0.0298399913001733,46.774193548387096,0,curvature,KoD,0.0,sine
29,29,0.0292606732906977,45.3125,0,curvature,KoD,0.0,sine
30,30,0.0288955347502893,43.93939393939394,0,curvature,KoD,0.0,sine
31,31,0.0286970797423912,42.64705882352941,0,curvature,KoD,0.0,sine
32,32,0.0281972753037662,41.42857142857143,0,curvature,KoD,0.0,sine
33,33,0.0388116303664839,40.27777777777778,0,curvature,KoD,0.0,sine
34,34,0.029136668619595,39.18918918918919,0,curvature,KoD,0.0,sine
35,35,0.0316911444725404,38.1578947368421,0,curvature,KoD,0.0,sine
36,36,0.0332100722479175,37.17948717948718,0,curvature,KoD,0.0,sine
37,37,0.036930416098716,36.25,0,curvature,KoD,0.0,sine
38,38,0.0419845422744095,35.36585365853659,0,curvature,KoD,0.0,sine
39,39,0.0506084733973483,34.523809523809526,0,curvature,KoD,0.0,sine
40,40,0.0615951989793765,33.72093023255814,0,curvature,KoD,0.0,sine
41,41,0.0743270829819594,32.95454545454545,0,curvature,KoD,0.0,sine
42,42,0.0890567958510754,32.22222222222222,0,curvature,KoD,0.0,sine
43,43,0.1102299950210831,31.52173913043478,0,curvature,KoD,0.0,sine
44,44,0.1271385664727424,30.851063829787236,0,curvature,KoD,0.0,sine
45,45,0.0948064355282511,30.20833333333333,0,curvature,KoD,0.0,sine
46,46,0.1789224362665659,29.59183673469388,0,curvature,KoD,0.0,sine
47,47,0.1975767146911702,29.0,0,curvature,KoD,0.0,sine
48,48,0.2287391335269572,28.431372549019606,0,curvature,KoD,0.0,sine
49,49,0.2646157755300429,27.884615384615383,0,curvature,KoD,0.0,sine
50,50,0.2966187591249026,27.358490566037737,0,curvature,KoD,0.0,sine
51,51,0.3064496667830448,26.85185185185185,0,curvature,KoD,0.0,sine
52,52,0.3364109744561886,26.363636363636363,0,curvature,KoD,0.0,sine
53,53,0.349199727532303,25.892857142857142,0,curvature,KoD,0.0,sine
54,54,0.3620382047074877,25.43859649122807,0,curvature,KoD,0.0,sine
55,55,0.3741703586099089,25.0,0,curvature,KoD,0.0,sine
56,56,0.3858748920509148,24.57627118644068,0,curvature,KoD,0.0,sine
57,57,0.3963546066801304,24.166666666666668,0,curvature,KoD,0.0,sine
58,58,0.4075047563112203,23.770491803278688,0,curvature,KoD,0.0,sine
59,59,0.4191904798164904,23.387096774193548,0,curvature,KoD,0.0,sine
60,60,0.4314080084182032,23.015873015873016,0,curvature,KoD,0.0,sine
61,61,0.4422963807848116,22.65625,0,curvature,KoD,0.0,sine
62,62,0.4521873512160885,22.307692307692307,0,curvature,KoD,0.0,sine
63,63,0.4612517030635696,21.96969696969697,0,curvature,KoD,0.0,sine
64,64,0.4682311059512568,21.64179104477612,0,curvature,KoD,0.0,sine
65,65,0.4756751210422077,21.323529411764707,0,curvature,KoD,0.0,sine
66,66,0.482086491033037,21.014492753623188,0,curvature,KoD,0.0,sine
67,67,0.4872078525431,20.714285714285715,0,curvature,KoD,0.0,sine
68,68,0.4908268298539362,20.422535211267604,0,curvature,KoD,0.0,sine
69,69,0.4953667130979151,20.13888888888889,0,curvature,KoD,0.0,sine
70,70,0.4952961588624297,19.863013698630137,0,curvature,KoD,0.0,sine
71,71,0.5000372473034665,19.594594594594597,0,curvature,KoD,0.0,sine
72,72,0.5014735930099027,19.33333333333333,0,curvature,KoD,0.0,sine
73,73,0.4997586633274522,19.07894736842105,0,curvature,KoD,0.0,sine
74,74,0.4951495160601865,18.83116883116883,0,curvature,KoD,0.0,sine
75,75,0.4910686088293412,18.58974358974359,0,curvature,KoD,0.0,sine
76,76,0.4865700802816189,18.354430379746837,0,curvature,KoD,0.0,sine
77,77,0.4819202573771484,18.125,0,curvature,KoD,0.0,sine
78,78,0.4749254398489846,17.901234567901234,0,curvature,KoD,0.0,sine
79,79,0.4683788012950303,17.682926829268293,0,curvature,KoD,0.0,sine
80,80,0.4620971655360537,17.46987951807229,0,curvature,KoD,0.0,sine
81,81,0.4562643538573857,17.261904761904763,0,curvature,KoD,0.0,sine
82,82,0.4498613702458466,17.058823529411764,0,curvature,KoD,0.0,sine
83,83,0.4429058023308787,16.86046511627907,0,curvature,KoD,0.0,sine
84,84,0.4352825835561492,16.666666666666668,0,curvature,KoD,0.0,sine
85,85,0.4277939882384454,16.477272727272727,0,curvature,KoD,0.0,sine
86,86,0.4190319195278875,16.292134831460675,0,curvature,KoD,0.0,sine
87,87,0.4100586974051624,16.11111111111111,0,curvature,KoD,0.0,sine
88,88,0.3987161363917357,15.934065934065934,0,curvature,KoD,0.0,sine
89,89,0.3869394868794252,15.76086956521739,0,curvature,KoD,0.0,sine
90,90,0.3740727778241605,15.591397849462366,0,curvature,KoD,0.0,sine
91,91,0.3618932765293503,15.425531914893616,0,curvature,KoD,0.0,sine
92,92,0.3500301318703126,15.263157894736842,0,curvature,KoD,0.0,sine
93,93,0.3392702035233583,15.104166666666666,0,curvature,KoD,0.0,sine
94,94,0.3282692092130035,14.948453608247425,0,curvature,KoD,0.0,sine
95,95,0.3202469753394171,14.79591836734694,0,curvature,KoD,0.0,sine
96,96,0.3106710373787616,14.646464646464649,0,curvature,KoD,0.0,sine
0,0,1.389150967310358,483.3333333333333,0,slope,logDoK,0.0,sine
1,1,1.3957104383491648,362.5,0,slope,logDoK,0.0,sine
2,2,1.406061199337487,290.0,0,slope,logDoK,0.0,sine
3,3,1.4172700899150688,241.66666666666663,0,slope,logDoK,0.0,sine
4,4,1.4307027627298632,207.14285714285717,0,slope,logDoK,0.0,sine
5,5,1.4428100966108948,181.25,0,slope,logDoK,0.0,sine
6,6,1.4529368606877835,161.11111111111111,0,slope,logDoK,0.0,sine
7,7,1.4690772644843988,145.0,0,slope,logDoK,0.0,sine
8,8,1.4817207503003424,131.8181818181818,0,slope,logDoK,0.0,sine
9,9,1.4901049796611383,120.83333333333331,0,slope,logDoK,0.0,sine
10,10,1.5023858057598871,111.53846153846152,0,slope,logDoK,0.0,sine
11,11,1.510254715348738,103.57142857142856,0,slope,logDoK,0.0,sine
12,12,1.516168225625047,96.66666666666669,0,slope,logDoK,0.0,sine
13,13,1.519172518203843,90.625,0,slope,logDoK,0.0,sine
14,14,1.515615088724258,85.29411764705883,0,slope,logDoK,0.0,sine
15,15,1.5214630738671475,80.55555555555556,0,slope,logDoK,0.0,sine
16,16,1.503351083880872,76.3157894736842,0,slope,logDoK,0.0,sine
17,17,1.492081252064276,72.5,0,slope,logDoK,0.0,sine
18,18,1.4747144723398995,69.04761904761905,0,slope,logDoK,0.0,sine
19,19,1.4521888673471384,65.9090909090909,0,slope,logDoK,0.0,sine
20,20,1.4263837519369311,63.04347826086956,0,slope,logDoK,0.0,sine
21,21,1.4330160946184949,60.41666666666666,0,slope,logDoK,0.0,sine
22,22,1.3886535329121197,58.0,0,slope,logDoK,0.0,sine
23,23,1.3784660117705454,55.76923076923077,0,slope,logDoK,0.0,sine
24,24,1.3558747383976648,53.7037037037037,0,slope,logDoK,0.0,sine
25,25,1.3728929579729057,51.785714285714285,0,slope,logDoK,0.0,sine
26,26,1.3689242262895114,50.0,0,slope,logDoK,0.0,sine
27,27,1.3566622268999278,48.333333333333336,0,slope,logDoK,0.0,sine
28,28,1.3505996582001871,46.774193548387096,0,slope,logDoK,0.0,sine
29,29,1.3505086556179524,45.3125,0,slope,logDoK,0.0,sine
30,30,1.364816545306955,43.93939393939394,0,slope,logDoK,0.0,sine
31,31,1.3661411270795885,42.64705882352941,0,slope,logDoK,0.0,sine
32,32,1.3700447019782205,41.42857142857143,0,slope,logDoK,0.0,sine
33,33,1.4685745913496973,40.27777777777778,0,slope,logDoK,0.0,sine
34,34,1.370920716941187,39.18918918918919,0,slope,logDoK,0.0,sine
35,35,1.382704947658084,38.1578947368421,0,slope,logDoK,0.0,sine
36,36,1.394668686954105,37.17948717948718,0,slope,logDoK,0.0,sine
37,37,1.403511612712651,36.25,0,slope,logDoK,0.0,sine
38,38,1.400287354593841,35.36585365853659,0,slope,logDoK,0.0,sine
39,39,1.382822798764693,34.523809523809526,0,slope,logDoK,0.0,sine
40,40,1.3661396332211435,33.72093023255814,0,slope,logDoK,0.0,sine
41,41,1.3621670338768452,32.95454545454545,0,slope,logDoK,0.0,sine
42,42,1.3500301707117648,32.22222222222222,0,slope,logDoK,0.0,sine
43,43,1.3511033135979758,31.52173913043478,0,slope,logDoK,0.0,sine
44,44,1.3527766806217023,30.851063829787236,0,slope,logDoK,0.0,sine
45,45,1.3010101062599626,30.20833333333333,0,slope,logDoK,0.0,sine
46,46,1.3412136228098637,29.59183673469388,0,slope,logDoK,0.0,sine
47,47,1.3478754743116617,29.0,0,slope,logDoK,0.0,sine
48,48,1.3460613571731137,28.431372549019606,0,slope,logDoK,0.0,sine
49,49,1.3438475408134698,27.884615384615383,0,slope,logDoK,0.0,sine
50,50,1.343599642166923,27.358490566037737,0,slope,logDoK,0.0,sine
51,51,1.3505738533303429,26.85185185185185,0,slope,logDoK,0.0,sine
52,52,1.3320219118002243,26.363636363636363,0,slope,logDoK,0.0,sine
53,53,1.318717649420223,25.892857142857142,0,slope,logDoK,0.0,sine
54,54,1.3143300439217251,25.43859649122807,0,slope,logDoK,0.0,sine
55,55,1.3210977956625751,25.0,0,slope,logDoK,0.0,sine
56,56,1.315433575572186,24.57627118644068,0,slope,logDoK,0.0,sine
57,57,1.3193942854403706,24.166666666666668,0,slope,logDoK,0.0,sine
58,58,1.3362300087195982,23.770491803278688,0,slope,logDoK,0.0,sine
59,59,1.3623805533153517,23.387096774193548,0,slope,logDoK,0.0,sine
60,60,1.399648433383466,23.015873015873016,0,slope,logDoK,0.0,sine
61,61,1.4379621985371305,22.65625,0,slope,logDoK,0.0,sine
62,62,1.4739323862846143,22.307692307692307,0,slope,logDoK,0.0,sine
63,63,1.478946143573358,21.96969696969697,0,slope,logDoK,0.0,sine
64,64,1.4956924604478667,21.64179104477612,0,slope,logDoK,0.0,sine
65,65,1.4953643845768547,21.323529411764707,0,slope,logDoK,0.0,sine
66,66,1.4889906021890935,21.014492753623188,0,slope,logDoK,0.0,sine
67,67,1.5007903649410514,20.714285714285715,0,slope,logDoK,0.0,sine
68,68,1.5082851960043224,20.422535211267604,0,slope,logDoK,0.0,sine
69,69,1.5415824003266831,20.13888888888889,0,slope,logDoK,0.0,sine
70,70,1.5029456547917697,19.863013698630137,0,slope,logDoK,0.0,sine
71,71,1.5080639821716355,19.594594594594597,0,slope,logDoK,0.0,sine
72,72,1.4932720823465817,19.33333333333333,0,slope,logDoK,0.0,sine
73,73,1.4935774843113383,19.07894736842105,0,slope,logDoK,0.0,sine
74,74,1.4985248160588331,18.83116883116883,0,slope,logDoK,0.0,sine
75,75,1.4874516824253812,18.58974358974359,0,slope,logDoK,0.0,sine
76,76,1.4774292428738427,18.354430379746837,0,slope,logDoK,0.0,sine
77,77,1.4517505733722549,18.125,0,slope,logDoK,0.0,sine
78,78,1.4085978119040503,17.901234567901234,0,slope,logDoK,0.0,sine
79,79,1.374867961619556,17.682926829268293,0,slope,logDoK,0.0,sine
80,80,1.3478179096020086,17.46987951807229,0,slope,logDoK,0.0,sine
81,81,1.3275814278055509,17.261904761904763,0,slope,logDoK,0.0,sine
82,82,1.315801842374502,17.058823529411764,0,slope,logDoK,0.0,sine
83,83,1.3111812768139033,16.86046511627907,0,slope,logDoK,0.0,sine
84,84,1.3160568215008,16.666666666666668,0,slope,logDoK,0.0,sine
85,85,1.3160929605968708,16.477272727272727,0,slope,logDoK,0.0,sine
86,86,1.323909687459232,16.292134831460675,0,slope,logDoK,0.0,sine
87,87,1.340240629830884,16.11111111111111,0,slope,logDoK,0.0,sine
88,88,1.3443727650715405,15.934065934065934,0,slope,logDoK,0.0,sine
89,89,1.345619768524126,15.76086956521739,0,slope,logDoK,0.0,sine
90,90,1.3450528594763065,15.591397849462366,0,slope,logDoK,0.0,sine
91,91,1.3467608103462163,15.425531914893616,0,slope,logDoK,0.0,sine
92,92,1.342213218747446,15.263157894736842,0,slope,logDoK,0.0,sine
93,93,1.3592359608256492,15.104166666666666,0,slope,logDoK,0.0,sine
94,94,1.345505027917292,14.948453608247425,0,slope,logDoK,0.0,sine
95,95,1.3503238878385508,14.79591836734694,0,slope,logDoK,0.0,sine
96,96,1.3595236001995852,14.646464646464649,0,slope,logDoK,0.0,sine
0,0,-1.413114278041256,483.3333333333333,10,curvature,logKoD,0.0,sine
1,1,-1.4132898575680328,362.5,10,curvature,logKoD,0.0,sine
2,2,-1.4145688050347556,290.0,10,curvature,logKoD,0.0,sine
3,3,-1.416461707858396,241.66666666666663,10,curvature,logKoD,0.0,sine
4,4,-1.4203806510815746,207.14285714285717,10,curvature,logKoD,0.0,sine
5,5,-1.4244980114482997,181.25,10,curvature,logKoD,0.0,sine
6,6,-1.428587786593335,161.11111111111111,10,curvature,logKoD,0.0,sine
7,7,-1.4332207122977765,145.0,10,curvature,logKoD,0.0,sine
8,8,-1.4377092453284497,131.8181818181818,10,curvature,logKoD,0.0,sine
9,9,-1.4448455912926443,120.83333333333331,10,curvature,logKoD,0.0,sine
10,10,-1.4510383917066512,111.53846153846152,10,curvature,logKoD,0.0,sine
11,11,-1.4558817263498245,103.57142857142856,10,curvature,logKoD,0.0,sine
12,12,-1.4586621243362583,96.66666666666669,10,curvature,logKoD,0.0,sine
13,13,-1.4656590707973765,90.625,10,curvature,logKoD,0.0,sine
14,14,-1.47074367381126,85.29411764705883,10,curvature,logKoD,0.0,sine
15,15,-1.4695110154925055,80.55555555555556,10,curvature,logKoD,0.0,sine
16,16,-1.4810778181823627,76.3157894736842,10,curvature,logKoD,0.0,sine
17,17,-1.486974343492795,72.5,10,curvature,logKoD,0.0,sine
18,18,-1.4905679529960794,69.04761904761905,10,curvature,logKoD,0.0,sine
19,19,-1.499391213029074,65.9090909090909,10,curvature,logKoD,0.0,sine
20,20,-1.5051321314954955,63.04347826086956,10,curvature,logKoD,0.0,sine
21,21,-1.4896069722760994,60.41666666666666,10,curvature,logKoD,0.0,sine
22,22,-1.5135004400087588,58.0,10,curvature,logKoD,0.0,sine
23,23,-1.5119167044917083,55.76923076923077,10,curvature,logKoD,0.0,sine
24,24,-1.498615225190453,53.7037037037037,10,curvature,logKoD,0.0,sine
25,25,-1.5030426123439686,51.785714285714285,10,curvature,logKoD,0.0,sine
26,26,-1.4919427938966572,50.0,10,curvature,logKoD,0.0,sine
27,27,-1.4772279198686646,48.333333333333336,10,curvature,logKoD,0.0,sine
28,28,-1.4578656931471423,46.774193548387096,10,curvature,logKoD,0.0,sine
29,29,-1.4353826119605166,45.3125,10,curvature,logKoD,0.0,sine
30,30,-1.40080639877999,43.93939393939394,10,curvature,logKoD,0.0,sine
31,31,-1.361210862153228,42.64705882352941,10,curvature,logKoD,0.0,sine
32,32,-1.3243085885915695,41.42857142857143,10,curvature,logKoD,0.0,sine
33,33,-1.3452098373958756,40.27777777777778,10,curvature,logKoD,0.0,sine
34,34,-1.235241637624592,39.18918918918919,10,curvature,logKoD,0.0,sine
35,35,-1.2012451643034572,38.1578947368421,10,curvature,logKoD,0.0,sine
36,36,-1.1704478041892994,37.17948717948718,10,curvature,logKoD,0.0,sine
37,37,-1.1384468085610318,36.25,10,curvature,logKoD,0.0,sine
38,38,-1.103517466684825,35.36585365853659,10,curvature,logKoD,0.0,sine
39,39,-1.0650170203851208,34.523809523809526,10,curvature,logKoD,0.0,sine
40,40,-1.0372973718995482,33.72093023255814,10,curvature,logKoD,0.0,sine
41,41,-1.0018186635803388,32.95454545454545,10,curvature,logKoD,0.0,sine
42,42,-0.9569154888275324,32.22222222222222,10,curvature,logKoD,0.0,sine
43,43,-0.9184060486814388,31.52173913043478,10,curvature,logKoD,0.0,sine
44,44,-0.8701758874619883,30.851063829787236,10,curvature,logKoD,0.0,sine
45,45,-0.8940282843193281,30.20833333333333,10,curvature,logKoD,0.0,sine
46,46,-0.8061761676888415,29.59183673469388,10,curvature,logKoD,0.0,sine
47,47,-0.7861057906731346,29.0,10,curvature,logKoD,0.0,sine
48,48,-0.7501324719620616,28.431372549019606,10,curvature,logKoD,0.0,sine
49,49,-0.714831410014874,27.884615384615383,10,curvature,logKoD,0.0,sine
50,50,-0.6881602659830837,27.358490566037737,10,curvature,logKoD,0.0,sine
51,51,-0.6894881219660065,26.85185185185185,10,curvature,logKoD,0.0,sine
52,52,-0.6627911935281859,26.363636363636363,10,curvature,logKoD,0.0,sine
53,53,-0.6429797656187531,25.892857142857142,10,curvature,logKoD,0.0,sine
54,54,-0.6196491346348658,25.43859649122807,10,curvature,logKoD,0.0,sine
55,55,-0.5963596768453693,25.0,10,curvature,logKoD,0.0,sine
56,56,-0.5883677388048889,24.57627118644068,10,curvature,logKoD,0.0,sine
57,57,-0.5698501150913677,24.166666666666668,10,curvature,logKoD,0.0,sine
58,58,-0.5559031252315296,23.770491803278688,10,curvature,logKoD,0.0,sine
59,59,-0.5299418299905114,23.387096774193548,10,curvature,logKoD,0.0,sine
60,60,-0.5052468355789728,23.015873015873016,10,curvature,logKoD,0.0,sine
61,61,-0.4791926346209889,22.65625,10,curvature,logKoD,0.0,sine
62,62,-0.4581947966131414,22.307692307692307,10,curvature,logKoD,0.0,sine
63,63,-0.4403690135338,21.96969696969697,10,curvature,logKoD,0.0,sine
64,64,-0.4277484062622544,21.64179104477612,10,curvature,logKoD,0.0,sine
65,65,-0.4128745693247049,21.323529411764707,10,curvature,logKoD,0.0,sine
66,66,-0.3971283190555074,21.014492753623188,10,curvature,logKoD,0.0,sine
67,67,-0.3841531966648619,20.714285714285715,10,curvature,logKoD,0.0,sine
68,68,-0.3655688609166914,20.422535211267604,10,curvature,logKoD,0.0,sine
69,69,-0.3029918264419782,20.13888888888889,10,curvature,logKoD,0.0,sine
70,70,-0.3800835988407357,19.863013698630137,10,curvature,logKoD,0.0,sine
71,71,-0.3648274978518823,19.594594594594597,10,curvature,logKoD,0.0,sine
72,72,-0.3537777748220007,19.33333333333333,10,curvature,logKoD,0.0,sine
73,73,-0.3480000214898215,19.07894736842105,10,curvature,logKoD,0.0,sine
74,74,-0.3476231598854955,18.83116883116883,10,curvature,logKoD,0.0,sine
75,75,-0.3458215256736763,18.58974358974359,10,curvature,logKoD,0.0,sine
76,76,-0.3430302614018437,18.354430379746837,10,curvature,logKoD,0.0,sine
77,77,-0.3428413394681372,18.125,10,curvature,logKoD,0.0,sine
78,78,-0.3410709739645831,17.901234567901234,10,curvature,logKoD,0.0,sine
79,79,-0.3389322598034556,17.682926829268293,10,curvature,logKoD,0.0,sine
80,80,-0.3333243561300464,17.46987951807229,10,curvature,logKoD,0.0,sine
81,81,-0.3247528010130602,17.261904761904763,10,curvature,logKoD,0.0,sine
82,82,-0.319802522476305,17.058823529411764,10,curvature,logKoD,0.0,sine
83,83,-0.316771913432307,16.86046511627907,10,curvature,logKoD,0.0,sine
84,84,-0.3147360094742711,16.666666666666668,10,curvature,logKoD,0.0,sine
85,85,-0.3101339432018085,16.477272727272727,10,curvature,logKoD,0.0,sine
86,86,-0.3086217491795846,16.292134831460675,10,curvature,logKoD,0.0,sine
87,87,-0.3103678855269961,16.11111111111111,10,curvature,logKoD,0.0,sine
88,88,-0.3152901695657758,15.934065934065934,10,curvature,logKoD,0.0,sine
89,89,-0.3195745555848958,15.76086956521739,10,curvature,logKoD,0.0,sine
90,90,-0.3224285209837731,15.591397849462366,10,curvature,logKoD,0.0,sine
91,91,-0.3269653486162167,15.425531914893616,10,curvature,logKoD,0.0,sine
92,92,-0.3370571195706362,15.263157894736842,10,curvature,logKoD,0.0,sine
93,93,-0.3593368927620958,15.104166666666666,10,curvature,logKoD,0.0,sine
94,94,-0.3483106621910417,14.948453608247425,10,curvature,logKoD,0.0,sine
95,95,-0.3625452914248158,14.79591836734694,10,curvature,logKoD,0.0,sine
96,96,-0.368775049487466,14.646464646464649,10,curvature,logKoD,0.0,sine
0,0,-1.4089402124450792,483.3333333333333,30,slope,logKoD,0.1,sine
1,1,-1.4156402698881931,362.5,30,slope,logKoD,0.1,sine
2,2,-1.4291254323866918,290.0,30,slope,logKoD,0.1,sine
3,3,-1.444546226153109,241.66666666666663,30,slope,logKoD,0.1,sine
4,4,-1.456986506292958,207.14285714285717,30,slope,logKoD,0.1,sine
5,5,-1.4667142259908093,181.25,30,slope,logKoD,0.1,sine
6,6,-1.4666595057513454,161.11111111111111,30,slope,logKoD,0.1,sine
7,7,-1.4692353679137549,145.0,30,slope,logKoD,0.1,sine
8,8,-1.4686753551713578,131.8181818181818,30,slope,logKoD,0.1,sine
9,9,-1.4621299223091675,120.83333333333331,30,slope,logKoD,0.1,sine
10,10,-1.4597436369225223,111.53846153846152,30,slope,logKoD,0.1,sine
11,11,-1.450040269163699,103.57142857142856,30,slope,logKoD,0.1,sine
12,12,-1.4350244952100983,96.66666666666669,30,slope,logKoD,0.1,sine
13,13,-1.4186937165489608,90.625,30,slope,logKoD,0.1,sine
14,14,-1.4140195767224997,85.29411764705883,30,slope,logKoD,0.1,sine
15,15,-1.367136323297094,80.55555555555556,30,slope,logKoD,0.1,sine
16,16,-1.3999353974515296,76.3157894736842,30,slope,logKoD,0.1,sine
17,17,-1.38702383566813,72.5,30,slope,logKoD,0.1,sine
18,18,-1.37923641298786,69.04761904761905,30,slope,logKoD,0.1,sine
19,19,-1.3738739113756515,65.9090909090909,30,slope,logKoD,0.1,sine
20,20,-1.3672265277905709,63.04347826086956,30,slope,logKoD,0.1,sine
21,21,-1.3378432939845115,60.41666666666666,30,slope,logKoD,0.1,sine
22,22,-1.3627507641800272,58.0,30,slope,logKoD,0.1,sine
23,23,-1.3616777645405165,55.76923076923077,30,slope,logKoD,0.1,sine
24,24,-1.3564969815993777,53.7037037037037,30,slope,logKoD,0.1,sine
25,25,-1.3651710194984263,51.785714285714285,30,slope,logKoD,0.1,sine
26,26,-1.3667843456909683,50.0,30,slope,logKoD,0.1,sine
27,27,-1.3660159703912709,48.333333333333336,30,slope,logKoD,0.1,sine
28,28,-1.3630826872481292,46.774193548387096,30,slope,logKoD,0.1,sine
29,29,-1.3629521690404625,45.3125,30,slope,logKoD,0.1,sine
30,30,-1.3552944460152867,43.93939393939394,30,slope,logKoD,0.1,sine
31,31,-1.3426824949371945,42.64705882352941,30,slope,logKoD,0.1,sine
32,32,-1.3352587551648347,41.42857142857143,30,slope,logKoD,0.1,sine
33,33,-1.2216545653308315,40.27777777777778,30,slope,logKoD,0.1,sine
34,34,-1.326755569651457,39.18918918918919,30,slope,logKoD,0.1,sine
35,35,-1.317047249649571,38.1578947368421,30,slope,logKoD,0.1,sine
36,36,-1.3173323105829045,37.17948717948718,30,slope,logKoD,0.1,sine
37,37,-1.3170058718170372,36.25,30,slope,logKoD,0.1,sine
38,38,-1.3245157847114544,35.36585365853659,30,slope,logKoD,0.1,sine
39,39,-1.32134383210202,34.523809523809526,30,slope,logKoD,0.1,sine
40,40,-1.329153928688545,33.72093023255814,30,slope,logKoD,0.1,sine
41,41,-1.3239117543044774,32.95454545454545,30,slope,logKoD,0.1,sine
42,42,-1.3361018643143914,32.22222222222222,30,slope,logKoD,0.1,sine
43,43,-1.3381962743175384,31.52173913043478,30,slope,logKoD,0.1,sine
44,44,-1.3515858298755823,30.851063829787236,30,slope,logKoD,0.1,sine
45,45,-1.3679081774452244,30.20833333333333,30,slope,logKoD,0.1,sine
46,46,-1.3769943156368405,29.59183673469388,30,slope,logKoD,0.1,sine
47,47,-1.3714862344496337,29.0,30,slope,logKoD,0.1,sine
48,48,-1.3640579517104974,28.431372549019606,30,slope,logKoD,0.1,sine
49,49,-1.3567522062914472,27.884615384615383,30,slope,logKoD,0.1,sine
50,50,-1.3584019171458317,27.358490566037737,30,slope,logKoD,0.1,sine
51,51,-1.370505321974516,26.85185185185185,30,slope,logKoD,0.1,sine
52,52,-1.3757383285697729,26.363636363636363,30,slope,logKoD,0.1,sine
53,53,-1.3877771086728672,25.892857142857142,30,slope,logKoD,0.1,sine
54,54,-1.4017880274886083,25.43859649122807,30,slope,logKoD,0.1,sine
55,55,-1.4168941287185723,25.0,30,slope,logKoD,0.1,sine
56,56,-1.4310965479086233,24.57627118644068,30,slope,logKoD,0.1,sine
57,57,-1.4359136070142229,24.166666666666668,30,slope,logKoD,0.1,sine
58,58,-1.4475199867209547,23.770491803278688,30,slope,logKoD,0.1,sine
59,59,-1.4532446978464433,23.387096774193548,30,slope,logKoD,0.1,sine
60,60,-1.4577499293495928,23.015873015873016,30,slope,logKoD,0.1,sine
61,61,-1.4682357515123583,22.65625,30,slope,logKoD,0.1,sine
62,62,-1.483000270753866,22.307692307692307,30,slope,logKoD,0.1,sine
63,63,-1.498902455288103,21.96969696969697,30,slope,logKoD,0.1,sine
64,64,-1.5075832462458738,21.64179104477612,30,slope,logKoD,0.1,sine
65,65,-1.5068713920012993,21.323529411764707,30,slope,logKoD,0.1,sine
66,66,-1.5058538902261962,21.014492753623188,30,slope,logKoD,0.1,sine
67,67,-1.5079236413331,20.714285714285715,30,slope,logKoD,0.1,sine
68,68,-1.5310546273445829,20.422535211267604,30,slope,logKoD,0.1,sine
69,69,-1.5680671599377414,20.13888888888889,30,slope,logKoD,0.1,sine
70,70,-1.5384493494282512,19.863013698630137,30,slope,logKoD,0.1,sine
71,71,-1.5155649114515708,19.594594594594597,30,slope,logKoD,0.1,sine
72,72,-1.50599901959728,19.33333333333333,30,slope,logKoD,0.1,sine
73,73,-1.5067762352647596,19.07894736842105,30,slope,logKoD,0.1,sine
74,74,-1.5075809133710425,18.83116883116883,30,slope,logKoD,0.1,sine
75,75,-1.5006967634543993,18.58974358974359,30,slope,logKoD,0.1,sine
76,76,-1.4894409288867911,18.354430379746837,30,slope,logKoD,0.1,sine
77,77,-1.4737558654223797,18.125,30,slope,logKoD,0.1,sine
78,78,-1.457727664719624,17.901234567901234,30,slope,logKoD,0.1,sine
79,79,-1.4523306611164897,17.682926829268293,30,slope,logKoD,0.1,sine
80,80,-1.448327652544127,17.46987951807229,30,slope,logKoD,0.1,sine
81,81,-1.443292326395101,17.261904761904763,30,slope,logKoD,0.1,sine
82,82,-1.434581535485552,17.058823529411764,30,slope,logKoD,0.1,sine
83,83,-1.421311856951734,16.86046511627907,30,slope,logKoD,0.1,sine
84,84,-1.4072444170808691,16.666666666666668,30,slope,logKoD,0.1,sine
85,85,-1.392427633257615,16.477272727272727,30,slope,logKoD,0.1,sine
86,86,-1.378448924485597,16.292134831460675,30,slope,logKoD,0.1,sine
87,87,-1.363475183206588,16.11111111111111,30,slope,logKoD,0.1,sine
88,88,-1.357378562719836,15.934065934065934,30,slope,logKoD,0.1,sine
89,89,-1.3576459224537911,15.76086956521739,30,slope,logKoD,0.1,sine
90,90,-1.361620568179521,15.591397849462366,30,slope,logKoD,0.1,sine
91,91,-1.370123978794856,15.425531914893616,30,slope,logKoD,0.1,sine
92,92,-1.3763094736271544,15.263157894736842,30,slope,logKoD,0.1,sine
93,93,-1.370887217677162,15.104166666666666,30,slope,logKoD,0.1,sine
94,94,-1.3552504078868923,14.948453608247425,30,slope,logKoD,0.1,sine
95,95,-1.3454719379295534,14.79591836734694,30,slope,logKoD,0.1,sine
96,96,-1.3338527478750637,14.646464646464649,30,slope,logKoD,0.1,sine
0,0,1.212804866049749,483.3333333333333,20,elevation,logDoK,0.0,sine
1,1,1.158277687325966,362.5,20,elevation,logDoK,0.0,sine
2,2,1.0574907927147452,290.0,20,elevation,logDoK,0.0,sine
3,3,1.0164377055659193,241.66666666666663,20,elevation,logDoK,0.0,sine
4,4,0.8045933530434349,207.14285714285717,20,elevation,logDoK,0.0,sine
5,5,0.6105528054637236,181.25,20,elevation,logDoK,0.0,sine
6,6,0.2668870277239658,161.11111111111111,20,elevation,logDoK,0.0,sine
7,7,-0.1226948017216675,145.0,20,elevation,logDoK,0.0,sine
8,8,-0.4727799961550969,131.8181818181818,20,elevation,logDoK,0.0,sine
9,9,-0.9249644807709594,120.83333333333331,20,elevation,logDoK,0.0,sine
10,10,-1.237327580313858,111.53846153846152,20,elevation,logDoK,0.0,sine
11,11,-1.6390638513410638,103.57142857142856,20,elevation,logDoK,0.0,sine
12,12,-2.0655166447124618,96.66666666666669,20,elevation,logDoK,0.0,sine
13,13,-2.552969285462102,90.625,20,elevation,logDoK,0.0,sine
14,14,-2.953437291133654,85.29411764705883,20,elevation,logDoK,0.0,sine
15,15,-4.043970981587003,80.55555555555556,20,elevation,logDoK,0.0,sine
16,16,-3.824062249121382,76.3157894736842,20,elevation,logDoK,0.0,sine
17,17,-4.385761537238683,72.5,20,elevation,logDoK,0.0,sine
18,18,-4.769305804765663,69.04761904761905,20,elevation,logDoK,0.0,sine
19,19,-5.119878119834919,65.9090909090909,20,elevation,logDoK,0.0,sine
20,20,-5.455174934219356,63.04347826086956,20,elevation,logDoK,0.0,sine
21,21,-5.584703348115607,60.41666666666666,20,elevation,logDoK,0.0,sine
22,22,-5.931014605914056,58.0,20,elevation,logDoK,0.0,sine
23,23,-6.231706291748346,55.76923076923077,20,elevation,logDoK,0.0,sine
24,24,-6.480700161636978,53.7037037037037,20,elevation,logDoK,0.0,sine
25,25,-6.571475022546236,51.785714285714285,20,elevation,logDoK,0.0,sine
26,26,-6.816706824812187,50.0,20,elevation,logDoK,0.0,sine
27,27,-7.058954511820251,48.333333333333336,20,elevation,logDoK,0.0,sine
28,28,-7.348306952579807,46.774193548387096,20,elevation,logDoK,0.0,sine
29,29,-7.551602669457332,45.3125,20,elevation,logDoK,0.0,sine
30,30,-7.768810505855112,43.93939393939394,20,elevation,logDoK,0.0,sine
31,31,-8.1011677342416,42.64705882352941,20,elevation,logDoK,0.0,sine
32,32,-8.27908242779667,41.42857142857143,20,elevation,logDoK,0.0,sine
33,33,-6.829937908592218,40.27777777777778,20,elevation,logDoK,0.0,sine
34,34,-8.575684624979326,39.18918918918919,20,elevation,logDoK,0.0,sine
35,35,-8.52183172382109,38.1578947368421,20,elevation,logDoK,0.0,sine
36,36,-8.436655107664887,37.17948717948718,20,elevation,logDoK,0.0,sine
37,37,-8.303134121741572,36.25,20,elevation,logDoK,0.0,sine
38,38,-8.298399613662896,35.36585365853659,20,elevation,logDoK,0.0,sine
39,39,-8.345229988592125,34.523809523809526,20,elevation,logDoK,0.0,sine
40,40,-8.350310908119434,33.72093023255814,20,elevation,logDoK,0.0,sine
41,41,-8.51741219477227,32.95454545454545,20,elevation,logDoK,0.0,sine
42,42,-8.563796622260064,32.22222222222222,20,elevation,logDoK,0.0,sine
43,43,-8.48763194250479,31.52173913043478,20,elevation,logDoK,0.0,sine
44,44,-8.48294327337017,30.851063829787236,20,elevation,logDoK,0.0,sine
45,45,-10.25623788544935,30.20833333333333,20,elevation,logDoK,0.0,sine
46,46,-8.254104132339828,29.59183673469388,20,elevation,logDoK,0.0,sine
47,47,-8.488777916106129,29.0,20,elevation,logDoK,0.0,sine
48,48,-8.492560283832605,28.431372549019606,20,elevation,logDoK,0.0,sine
49,49,-8.554196637691133,27.884615384615383,20,elevation,logDoK,0.0,sine
50,50,-8.719188023233391,27.358490566037737,20,elevation,logDoK,0.0,sine
51,51,-9.14191869434764,26.85185185185185,20,elevation,logDoK,0.0,sine
52,52,-9.014475952405824,26.363636363636363,20,elevation,logDoK,0.0,sine
53,53,-9.133973495659042,25.892857142857142,20,elevation,logDoK,0.0,sine
54,54,-9.26461710557991,25.43859649122807,20,elevation,logDoK,0.0,sine
55,55,-9.26558168793121,25.0,20,elevation,logDoK,0.0,sine
56,56,-9.491513985066495,24.57627118644068,20,elevation,logDoK,0.0,sine
57,57,-9.483873287934829,24.166666666666668,20,elevation,logDoK,0.0,sine
58,58,-9.510736218834326,23.770491803278688,20,elevation,logDoK,0.0,sine
59,59,-9.582345817234794,23.387096774193548,20,elevation,logDoK,0.0,sine
60,60,-9.646209288932267,23.015873015873016,20,elevation,logDoK,0.0,sine
61,61,-9.706572629830225,22.65625,20,elevation,logDoK,0.0,sine
62,62,-9.734411275396006,22.307692307692307,20,elevation,logDoK,0.0,sine
63,63,-9.712644980233202,21.96969696969697,20,elevation,logDoK,0.0,sine
64,64,-9.739532140288846,21.64179104477612,20,elevation,logDoK,0.0,sine
65,65,-9.697084623253192,21.323529411764707,20,elevation,logDoK,0.0,sine
66,66,-9.70151790398523,21.014492753623188,20,elevation,logDoK,0.0,sine
67,67,-9.699681726854855,20.714285714285715,20,elevation,logDoK,0.0,sine
68,68,-9.40346195743402,20.422535211267604,20,elevation,logDoK,0.0,sine
69,69,-8.134313219844667,20.13888888888889,20,elevation,logDoK,0.0,sine
70,70,-9.56826409362154,19.863013698630137,20,elevation,logDoK,0.0,sine
71,71,-9.33048832302693,19.594594594594597,20,elevation,logDoK,0.0,sine
72,72,-9.114892052933662,19.33333333333333,20,elevation,logDoK,0.0,sine
73,73,-8.920464862046385,19.07894736842105,20,elevation,logDoK,0.0,sine
74,74,-8.780549998269656,18.83116883116883,20,elevation,logDoK,0.0,sine
75,75,-8.684749879408011,18.58974358974359,20,elevation,logDoK,0.0,sine
76,76,-8.547125653149843,18.354430379746837,20,elevation,logDoK,0.0,sine
77,77,-8.413423930818544,18.125,20,elevation,logDoK,0.0,sine
78,78,-8.33455147915382,17.901234567901234,20,elevation,logDoK,0.0,sine
79,79,-8.143892249467745,17.682926829268293,20,elevation,logDoK,0.0,sine
80,80,-8.00428319693206,17.46987951807229,20,elevation,logDoK,0.0,sine
81,81,-7.985626091860204,17.261904761904763,20,elevation,logDoK,0.0,sine
82,82,-7.844556741535382,17.058823529411764,20,elevation,logDoK,0.0,sine
83,83,-7.824477319513751,16.86046511627907,20,elevation,logDoK,0.0,sine
84,84,-7.855992903234688,16.666666666666668,20,elevation,logDoK,0.0,sine
85,85,-8.037349446646122,16.477272727272727,20,elevation,logDoK,0.0,sine
86,86,-8.071272884613984,16.292134831460675,20,elevation,logDoK,0.0,sine
87,87,-8.12650619283029,16.11111111111111,20,elevation,logDoK,0.0,sine
88,88,-8.161844089643235,15.934065934065934,20,elevation,logDoK,0.0,sine
89,89,-8.113781301961023,15.76086956521739,20,elevation,logDoK,0.0,sine
90,90,-8.061456147323886,15.591397849462366,20,elevation,logDoK,0.0,sine
91,91,-8.135947705621206,15.425531914893616,20,elevation,logDoK,0.0,sine
92,92,-7.766439977605485,15.263157894736842,20,elevation,logDoK,0.0,sine
93,93,-6.794964758805527,15.104166666666666,20,elevation,logDoK,0.0,sine
94,94,-7.902243088100611,14.948453608247425,20,elevation,logDoK,0.0,sine
95,95,-7.705340594234442,14.79591836734694,20,elevation,logDoK,0.0,sine
96,96,-7.777340478501421,14.646464646464649,20,elevation,logDoK,0.0,sine
0,0,0.0665584097583273,483.3333333333333,10,elevation,KoD,0.0,sine
1,1,0.0668422458316956,362.5,10,elevation,KoD,0.0,sine
2,2,0.0680652736252367,290.0,10,elevation,KoD,0.0,sine
3,3,0.0697423457655475,241.66666666666663,10,elevation,KoD,0.0,sine
4,4,0.0690416162417233,207.14285714285717,10,elevation,KoD,0.0,sine
5,5,0.0665347381841923,181.25,10,elevation,KoD,0.0,sine
6,6,0.0686929215406669,161.11111111111111,10,elevation,KoD,0.0,sine
7,7,0.0667218635162225,145.0,10,elevation,KoD,0.0,sine
8,8,0.0677864116594231,131.8181818181818,10,elevation,KoD,0.0,sine
9,9,0.066475063747953,120.83333333333331,10,elevation,KoD,0.0,sine
10,10,0.0659657015531735,111.53846153846152,10,elevation,KoD,0.0,sine
11,11,0.0666624500933062,103.57142857142856,10,elevation,KoD,0.0,sine
12,12,0.0687984770261552,96.66666666666669,10,elevation,KoD,0.0,sine
13,13,0.067630652489409,90.625,10,elevation,KoD,0.0,sine
14,14,0.0684772757284598,85.29411764705883,10,elevation,KoD,0.0,sine
15,15,0.0673799417654129,80.55555555555556,10,elevation,KoD,0.0,sine
16,16,0.0670414202177767,76.3157894736842,10,elevation,KoD,0.0,sine
17,17,0.0678901336854714,72.5,10,elevation,KoD,0.0,sine
18,18,0.0665310160917645,69.04761904761905,10,elevation,KoD,0.0,sine
19,19,0.067062354335109,65.9090909090909,10,elevation,KoD,0.0,sine
20,20,0.0673859620483193,63.04347826086956,10,elevation,KoD,0.0,sine
21,21,0.0675335809979495,60.41666666666666,10,elevation,KoD,0.0,sine
22,22,0.0674043730368621,58.0,10,elevation,KoD,0.0,sine
23,23,0.0676200400696646,55.76923076923077,10,elevation,KoD,0.0,sine
24,24,0.0675873879395691,53.7037037037037,10,elevation,KoD,0.0,sine
25,25,0.0676458103606816,51.785714285714285,10,elevation,KoD,0.0,sine
26,26,0.0675722555330109,50.0,10,elevation,KoD,0.0,sine
27,27,0.0674821210541778,48.333333333333336,10,elevation,KoD,0.0,sine
28,28,0.0678381198841606,46.774193548387096,10,elevation,KoD,0.0,sine
29,29,0.0679775328295613,45.3125,10,elevation,KoD,0.0,sine
30,30,0.0680061106053458,43.93939393939394,10,elevation,KoD,0.0,sine
31,31,0.0692210915491227,42.64705882352941,10,elevation,KoD,0.0,sine
32,32,0.0671124391843007,41.42857142857143,10,elevation,KoD,0.0,sine
33,33,0.0677144229116907,40.27777777777778,10,elevation,KoD,0.0,sine
34,34,0.068492151365814,39.18918918918919,10,elevation,KoD,0.0,sine
35,35,0.0702695672133902,38.1578947368421,10,elevation,KoD,0.0,sine
36,36,0.0694184091331089,37.17948717948718,10,elevation,KoD,0.0,sine
37,37,0.0678426674577483,36.25,10,elevation,KoD,0.0,sine
38,38,0.0681191251301066,35.36585365853659,10,elevation,KoD,0.0,sine
39,39,0.068621911062381,34.523809523809526,10,elevation,KoD,0.0,sine
40,40,0.0679447830847272,33.72093023255814,10,elevation,KoD,0.0,sine
41,41,0.0678284921000413,32.95454545454545,10,elevation,KoD,0.0,sine
42,42,0.0681187622579257,32.22222222222222,10,elevation,KoD,0.0,sine
43,43,0.0687517620075082,31.52173913043478,10,elevation,KoD,0.0,sine
44,44,0.0681907064424079,30.851063829787236,10,elevation,KoD,0.0,sine
45,45,0.0681878543943902,30.20833333333333,10,elevation,KoD,0.0,sine
46,46,0.0689600294187052,29.59183673469388,10,elevation,KoD,0.0,sine
47,47,0.0684113836577771,29.0,10,elevation,KoD,0.0,sine
48,48,0.0681609551676994,28.431372549019606,10,elevation,KoD,0.0,sine
49,49,0.0685011510203103,27.884615384615383,10,elevation,KoD,0.0,sine
50,50,0.0678787403478174,27.358490566037737,10,elevation,KoD,0.0,sine
51,51,0.068441737597394,26.85185185185185,10,elevation,KoD,0.0,sine
52,52,0.0686578566288779,26.363636363636363,10,elevation,KoD,0.0,sine
53,53,0.0680197766687639,25.892857142857142,10,elevation,KoD,0.0,sine
54,54,0.0683135821778369,25.43859649122807,10,elevation,KoD,0.0,sine
55,55,0.0686186261142178,25.0,10,elevation,KoD,0.0,sine
56,56,0.0681076957174404,24.57627118644068,10,elevation,KoD,0.0,sine
57,57,0.0681439362502129,24.166666666666668,10,elevation,KoD,0.0,sine
58,58,0.0681758583918276,23.770491803278688,10,elevation,KoD,0.0,sine
59,59,0.0685033876710623,23.387096774193548,10,elevation,KoD,0.0,sine
60,60,0.0683208290111557,23.015873015873016,10,elevation,KoD,0.0,sine
61,61,0.0683914851054989,22.65625,10,elevation,KoD,0.0,sine
62,62,0.0687278845935981,22.307692307692307,10,elevation,KoD,0.0,sine
63,63,0.0696687909378768,21.96969696969697,10,elevation,KoD,0.0,sine
64,64,0.0690286143829403,21.64179104477612,10,elevation,KoD,0.0,sine
65,65,0.0688295673204314,21.323529411764707,10,elevation,KoD,0.0,sine
66,66,0.0709674234686013,21.014492753623188,10,elevation,KoD,0.0,sine
67,67,0.0707896076117599,20.714285714285715,10,elevation,KoD,0.0,sine
68,68,0.0651898001923115,20.422535211267604,10,elevation,KoD,0.0,sine
69,69,0.0685956251108965,20.13888888888889,10,elevation,KoD,0.0,sine
70,70,0.070555523224236,19.863013698630137,10,elevation,KoD,0.0,sine
71,71,0.0712383892508778,19.594594594594597,10,elevation,KoD,0.0,sine
72,72,0.069761573747012,19.33333333333333,10,elevation,KoD,0.0,sine
73,73,0.0681599556776575,19.07894736842105,10,elevation,KoD,0.0,sine
74,74,0.0689942370184413,18.83116883116883,10,elevation,KoD,0.0,sine
75,75,0.068673039964865,18.58974358974359,10,elevation,KoD,0.0,sine
76,76,0.0695558018778305,18.354430379746837,10,elevation,KoD,0.0,sine
77,77,0.0686793361155112,18.125,10,elevation,KoD,0.0,sine
78,78,0.0684497207853721,17.901234567901234,10,elevation,KoD,0.0,sine
79,79,0.0686546268542626,17.682926829268293,10,elevation,KoD,0.0,sine
80,80,0.06888328725761,17.46987951807229,10,elevation,KoD,0.0,sine
81,81,0.0685936791823011,17.261904761904763,10,elevation,KoD,0.0,sine
82,82,0.06898214340114,17.058823529411764,10,elevation,KoD,0.0,sine
83,83,0.0688134842312007,16.86046511627907,10,elevation,KoD,0.0,sine
84,84,0.0687901267218772,16.666666666666668,10,elevation,KoD,0.0,sine
85,85,0.0686043107005814,16.477272727272727,10,elevation,KoD,0.0,sine
86,86,0.0688107510185171,16.292134831460675,10,elevation,KoD,0.0,sine
87,87,0.0682930491297572,16.11111111111111,10,elevation,KoD,0.0,sine
88,88,0.0689333912053375,15.934065934065934,10,elevation,KoD,0.0,sine
89,89,0.0685732501151386,15.76086956521739,10,elevation,KoD,0.0,sine
90,90,0.0685537229232794,15.591397849462366,10,elevation,KoD,0.0,sine
91,91,0.0687065918482041,15.425531914893616,10,elevation,KoD,0.0,sine
92,92,0.0685567256375242,15.263157894736842,10,elevation,KoD,0.0,sine
93,93,0.0692585989514388,15.104166666666666,10,elevation,KoD,0.0,sine
94,94,0.0698714646001343,14.948453608247425,10,elevation,KoD,0.0,sine
95,95,0.0687488484197639,14.79591836734694,10,elevation,KoD,0.0,sine
96,96,0.069227739961652,14.646464646464649,10,elevation,KoD,0.0,sine
0,0,40.95533083959353,483.3333333333333,20,curvature,DoK,0.0,sine
1,1,40.97619938135466,362.5,20,curvature,DoK,0.0,sine
2,2,41.0515965942729,290.0,20,curvature,DoK,0.0,sine
3,3,41.229573432296085,241.66666666666663,20,curvature,DoK,0.0,sine
4,4,41.44391502549696,207.14285714285717,20,curvature,DoK,0.0,sine
5,5,41.58598634087706,181.25,20,curvature,DoK,0.0,sine
6,6,41.719454546262085,161.11111111111111,20,curvature,DoK,0.0,sine
7,7,41.86206124831569,145.0,20,curvature,DoK,0.0,sine
8,8,41.9846509503432,131.8181818181818,20,curvature,DoK,0.0,sine
9,9,42.13972385416543,120.83333333333331,20,curvature,DoK,0.0,sine
10,10,42.16434010264116,111.53846153846152,20,curvature,DoK,0.0,sine
11,11,42.14212617109271,103.57142857142856,20,curvature,DoK,0.0,sine
12,12,42.03418575614909,96.66666666666669,20,curvature,DoK,0.0,sine
13,13,41.74300463679313,90.625,20,curvature,DoK,0.0,sine
14,14,41.419458008402586,85.29411764705883,20,curvature,DoK,0.0,sine
15,15,40.312056828263565,80.55555555555556,20,curvature,DoK,0.0,sine
16,16,39.84222732984136,76.3157894736842,20,curvature,DoK,0.0,sine
17,17,38.8684328171581,72.5,20,curvature,DoK,0.0,sine
18,18,37.89848293463895,69.04761904761905,20,curvature,DoK,0.0,sine
19,19,36.87937094005431,65.9090909090909,20,curvature,DoK,0.0,sine
20,20,35.715959544601304,63.04347826086956,20,curvature,DoK,0.0,sine
21,21,37.00303833853238,60.41666666666666,20,curvature,DoK,0.0,sine
22,22,34.353200844357566,58.0,20,curvature,DoK,0.0,sine
23,23,33.8518781479464,55.76923076923077,20,curvature,DoK,0.0,sine
24,24,33.53303115300675,53.7037037037037,20,curvature,DoK,0.0,sine
25,25,32.747322363361015,51.785714285714285,20,curvature,DoK,0.0,sine
26,26,32.337359248922795,50.0,20,curvature,DoK,0.0,sine
27,27,31.45190122966808,48.333333333333336,20,curvature,DoK,0.0,sine
28,28,30.1516200772923,46.774193548387096,20,curvature,DoK,0.0,sine
29,29,28.44014811345112,45.3125,20,curvature,DoK,0.0,sine
30,30,27.236746564268305,43.93939393939394,20,curvature,DoK,0.0,sine
31,31,25.46610802682564,42.64705882352941,20,curvature,DoK,0.0,sine
32,32,24.08641829995733,41.42857142857143,20,curvature,DoK,0.0,sine
33,33,20.96407379706745,40.27777777777778,20,curvature,DoK,0.0,sine
34,34,21.01708688547529,39.18918918918919,20,curvature,DoK,0.0,sine
35,35,18.803864723579537,38.1578947368421,20,curvature,DoK,0.0,sine
36,36,16.906949931476007,37.17948717948718,20,curvature,DoK,0.0,sine
37,37,14.990509679697489,36.25,20,curvature,DoK,0.0,sine
38,38,12.665559588298189,35.36585365853659,20,curvature,DoK,0.0,sine
39,39,11.76752459761826,34.523809523809526,20,curvature,DoK,0.0,sine
40,40,10.739541222776488,33.72093023255814,20,curvature,DoK,0.0,sine
41,41,9.924308858098014,32.95454545454545,20,curvature,DoK,0.0,sine
42,42,9.13400197385324,32.22222222222222,20,curvature,DoK,0.0,sine
43,43,8.516353830264789,31.52173913043478,20,curvature,DoK,0.0,sine
44,44,7.915737675227485,30.851063829787236,20,curvature,DoK,0.0,sine
45,45,7.580975619107299,30.20833333333333,20,curvature,DoK,0.0,sine
46,46,7.597017603852681,29.59183673469388,20,curvature,DoK,0.0,sine
47,47,7.227964262064075,29.0,20,curvature,DoK,0.0,sine
48,48,7.2158649847829075,28.431372549019606,20,curvature,DoK,0.0,sine
49,49,7.155857831026999,27.884615384615383,20,curvature,DoK,0.0,sine
50,50,7.03978507712881,27.358490566037737,20,curvature,DoK,0.0,sine
51,51,7.184355632885698,26.85185185185185,20,curvature,DoK,0.0,sine
52,52,7.196893373390864,26.363636363636363,20,curvature,DoK,0.0,sine
53,53,7.601689544889441,25.892857142857142,20,curvature,DoK,0.0,sine
54,54,7.855730521471578,25.43859649122807,20,curvature,DoK,0.0,sine
55,55,8.136173907241936,25.0,20,curvature,DoK,0.0,sine
56,56,8.292547200678499,24.57627118644068,20,curvature,DoK,0.0,sine
57,57,8.443101625592371,24.166666666666668,20,curvature,DoK,0.0,sine
58,58,8.717085755762884,23.770491803278688,20,curvature,DoK,0.0,sine
59,59,9.076503291278836,23.387096774193548,20,curvature,DoK,0.0,sine
60,60,9.251319732537466,23.015873015873016,20,curvature,DoK,0.0,sine
61,61,9.42981811102709,22.65625,20,curvature,DoK,0.0,sine
62,62,9.71855537483455,22.307692307692307,20,curvature,DoK,0.0,sine
63,63,9.515344978270276,21.96969696969697,20,curvature,DoK,0.0,sine
64,64,9.525091554199518,21.64179104477612,20,curvature,DoK,0.0,sine
65,65,9.479165993037483,21.323529411764707,20,curvature,DoK,0.0,sine
66,66,10.173189814844047,21.014492753623188,20,curvature,DoK,0.0,sine
67,67,10.43004041761154,20.714285714285715,20,curvature,DoK,0.0,sine
68,68,12.762758808104438,20.422535211267604,20,curvature,DoK,0.0,sine
69,69,18.03830851140416,20.13888888888889,20,curvature,DoK,0.0,sine
70,70,9.86994057217284,19.863013698630137,20,curvature,DoK,0.0,sine
71,71,9.933883510289425,19.594594594594597,20,curvature,DoK,0.0,sine
72,72,11.591101419413796,19.33333333333333,20,curvature,DoK,0.0,sine
73,73,10.951213959563926,19.07894736842105,20,curvature,DoK,0.0,sine
74,74,10.65823514098958,18.83116883116883,20,curvature,DoK,0.0,sine
75,75,10.79026449468953,18.58974358974359,20,curvature,DoK,0.0,sine
76,76,11.008239563396646,18.354430379746837,20,curvature,DoK,0.0,sine
77,77,10.9449935510361,18.125,20,curvature,DoK,0.0,sine
78,78,11.22431193248173,17.901234567901234,20,curvature,DoK,0.0,sine
79,79,11.084730626673704,17.682926829268293,20,curvature,DoK,0.0,sine
80,80,11.157403598350207,17.46987951807229,20,curvature,DoK,0.0,sine
81,81,10.792385272072975,17.261904761904763,20,curvature,DoK,0.0,sine
82,82,10.496758366395795,17.058823529411764,20,curvature,DoK,0.0,sine
83,83,10.447215483635782,16.86046511627907,20,curvature,DoK,0.0,sine
84,84,10.883851008300155,16.666666666666668,20,curvature,DoK,0.0,sine
85,85,10.772431733829292,16.477272727272727,20,curvature,DoK,0.0,sine
86,86,10.858950912579424,16.292134831460675,20,curvature,DoK,0.0,sine
87,87,10.782479464762384,16.11111111111111,20,curvature,DoK,0.0,sine
88,88,10.651096267392536,15.934065934065934,20,curvature,DoK,0.0,sine
89,89,10.74057622675524,15.76086956521739,20,curvature,DoK,0.0,sine
90,90,10.568448257370076,15.591397849462366,20,curvature,DoK,0.0,sine
91,91,10.481589846546642,15.425531914893616,20,curvature,DoK,0.0,sine
92,92,10.627097328982178,15.263157894736842,20,curvature,DoK,0.0,sine
93,93,9.983135622700894,15.104166666666666,20,curvature,DoK,0.0,sine
94,94,10.46997518651305,14.948453608247425,20,curvature,DoK,0.0,sine
95,95,10.251088575840257,14.79591836734694,20,curvature,DoK,0.0,sine
96,96,10.6280481018679,14.646464646464649,20,curvature,DoK,0.0,sine
0,0,-1.323502478018285,483.3333333333333,20,curvature,logKoD,0.1,sine
1,1,-1.323879216839725,362.5,20,curvature,logKoD,0.1,sine
2,2,-1.3245011735480374,290.0,20,curvature,logKoD,0.1,sine
3,3,-1.326575262983575,241.66666666666663,20,curvature,logKoD,0.1,sine
4,4,-1.3298954759276829,207.14285714285717,20,curvature,logKoD,0.1,sine
5,5,-1.3321287329109206,181.25,20,curvature,logKoD,0.1,sine
6,6,-1.3319113253476953,161.11111111111111,20,curvature,logKoD,0.1,sine
7,7,-1.3329898911446982,145.0,20,curvature,logKoD,0.1,sine
8,8,-1.332572306549896,131.8181818181818,20,curvature,logKoD,0.1,sine
9,9,-1.3323117817299202,120.83333333333331,20,curvature,logKoD,0.1,sine
10,10,-1.3385963214234773,111.53846153846152,20,curvature,logKoD,0.1,sine
11,11,-1.3430243634190508,103.57142857142856,20,curvature,logKoD,0.1,sine
12,12,-1.3463706267987747,96.66666666666669,20,curvature,logKoD,0.1,sine
13,13,-1.34854527541783,90.625,20,curvature,logKoD,0.1,sine
14,14,-1.3527920284824344,85.29411764705883,20,curvature,logKoD,0.1,sine
15,15,-1.3586406684673822,80.55555555555556,20,curvature,logKoD,0.1,sine
16,16,-1.3495765084123348,76.3157894736842,20,curvature,logKoD,0.1,sine
17,17,-1.3443557801056636,72.5,20,curvature,logKoD,0.1,sine
18,18,-1.3372702253285849,69.04761904761905,20,curvature,logKoD,0.1,sine
19,19,-1.3339958513285308,65.9090909090909,20,curvature,logKoD,0.1,sine
20,20,-1.3227437207113126,63.04347826086956,20,curvature,logKoD,0.1,sine
21,21,-1.3341380748379823,60.41666666666666,20,curvature,logKoD,0.1,sine
22,22,-1.3277200292198696,58.0,20,curvature,logKoD,0.1,sine
23,23,-1.3356720832862603,55.76923076923077,20,curvature,logKoD,0.1,sine
24,24,-1.3510661513111897,53.7037037037037,20,curvature,logKoD,0.1,sine
25,25,-1.350943204714817,51.785714285714285,20,curvature,logKoD,0.1,sine
26,26,-1.361118734061206,50.0,20,curvature,logKoD,0.1,sine
27,27,-1.3627883357430997,48.333333333333336,20,curvature,logKoD,0.1,sine
28,28,-1.3611676835050346,46.774193548387096,20,curvature,logKoD,0.1,sine
29,29,-1.354836977446395,45.3125,20,curvature,logKoD,0.1,sine
30,30,-1.345875402492482,43.93939393939394,20,curvature,logKoD,0.1,sine
31,31,-1.3250217115926313,42.64705882352941,20,curvature,logKoD,0.1,sine
32,32,-1.3024319934696382,41.42857142857143,20,curvature,logKoD,0.1,sine
33,33,-1.1653719443400796,40.27777777777778,20,curvature,logKoD,0.1,sine
34,34,-1.2315369914648635,39.18918918918919,20,curvature,logKoD,0.1,sine
35,35,-1.1853096032880814,38.1578947368421,20,curvature,logKoD,0.1,sine
36,36,-1.1458367983876412,37.17948717948718,20,curvature,logKoD,0.1,sine
37,37,-1.1065753335294837,36.25,20,curvature,logKoD,0.1,sine
38,38,-1.0504141038852162,35.36585365853659,20,curvature,logKoD,0.1,sine
39,39,-1.0132384951558242,34.523809523809526,20,curvature,logKoD,0.1,sine
40,40,-0.9744297103340096,33.72093023255814,20,curvature,logKoD,0.1,sine
41,41,-0.9397088998415716,32.95454545454545,20,curvature,logKoD,0.1,sine
42,42,-0.8915704779016708,32.22222222222222,20,curvature,logKoD,0.1,sine
43,43,-0.8533418012879055,31.52173913043478,20,curvature,logKoD,0.1,sine
44,44,-0.8374957285325058,30.851063829787236,20,curvature,logKoD,0.1,sine
45,45,-0.7622001469709612,30.20833333333333,20,curvature,logKoD,0.1,sine
46,46,-0.8121739888801063,29.59183673469388,20,curvature,logKoD,0.1,sine
47,47,-0.7807211062862147,29.0,20,curvature,logKoD,0.1,sine
48,48,-0.7547182490383337,28.431372549019606,20,curvature,logKoD,0.1,sine
49,49,-0.7508688418561791,27.884615384615383,20,curvature,logKoD,0.1,sine
50,50,-0.7451744171758687,27.358490566037737,20,curvature,logKoD,0.1,sine
51,51,-0.7608751559220416,26.85185185185185,20,curvature,logKoD,0.1,sine
52,52,-0.7166756908157145,26.363636363636363,20,curvature,logKoD,0.1,sine
53,53,-0.6964613713301537,25.892857142857142,20,curvature,logKoD,0.1,sine
54,54,-0.686702751272695,25.43859649122807,20,curvature,logKoD,0.1,sine
55,55,-0.6989311900068109,25.0,20,curvature,logKoD,0.1,sine
56,56,-0.6946784001169849,24.57627118644068,20,curvature,logKoD,0.1,sine
57,57,-0.6779554529184177,24.166666666666668,20,curvature,logKoD,0.1,sine
58,58,-0.6621142505508236,23.770491803278688,20,curvature,logKoD,0.1,sine
59,59,-0.6506933957846226,23.387096774193548,20,curvature,logKoD,0.1,sine
60,60,-0.6347869547770095,23.015873015873016,20,curvature,logKoD,0.1,sine
61,61,-0.6429980193411173,22.65625,20,curvature,logKoD,0.1,sine
62,62,-0.6366677430225784,22.307692307692307,20,curvature,logKoD,0.1,sine
63,63,-0.6306003857902894,21.96969696969697,20,curvature,logKoD,0.1,sine
64,64,-0.6386482309714637,21.64179104477612,20,curvature,logKoD,0.1,sine
65,65,-0.6280255468185953,21.323529411764707,20,curvature,logKoD,0.1,sine
66,66,-0.6152333709278779,21.014492753623188,20,curvature,logKoD,0.1,sine
67,67,-0.6175371052875981,20.714285714285715,20,curvature,logKoD,0.1,sine
68,68,-0.6421788937819317,20.422535211267604,20,curvature,logKoD,0.1,sine
69,69,-0.7594638894319927,20.13888888888889,20,curvature,logKoD,0.1,sine
70,70,-0.6324129067513214,19.863013698630137,20,curvature,logKoD,0.1,sine
71,71,-0.6638585042273186,19.594594594594597,20,curvature,logKoD,0.1,sine
72,72,-0.6764292616472061,19.33333333333333,20,curvature,logKoD,0.1,sine
73,73,-0.6785949061879648,19.07894736842105,20,curvature,logKoD,0.1,sine
74,74,-0.6701497355881549,18.83116883116883,20,curvature,logKoD,0.1,sine
75,75,-0.650646820143254,18.58974358974359,20,curvature,logKoD,0.1,sine
76,76,-0.6488744082582689,18.354430379746837,20,curvature,logKoD,0.1,sine
77,77,-0.6689914836982302,18.125,20,curvature,logKoD,0.1,sine
78,78,-0.699041367183054,17.901234567901234,20,curvature,logKoD,0.1,sine
79,79,-0.7092839155213067,17.682926829268293,20,curvature,logKoD,0.1,sine
80,80,-0.7066869756301583,17.46987951807229,20,curvature,logKoD,0.1,sine
81,81,-0.7036709368219487,17.261904761904763,20,curvature,logKoD,0.1,sine
82,82,-0.7118177450091243,17.058823529411764,20,curvature,logKoD,0.1,sine
83,83,-0.7116379908642285,16.86046511627907,20,curvature,logKoD,0.1,sine
84,84,-0.7075568514488317,16.666666666666668,20,curvature,logKoD,0.1,sine
85,85,-0.702157842391895,16.477272727272727,20,curvature,logKoD,0.1,sine
86,86,-0.6948793547735055,16.292134831460675,20,curvature,logKoD,0.1,sine
87,87,-0.6881789289817339,16.11111111111111,20,curvature,logKoD,0.1,sine
88,88,-0.6913779142898716,15.934065934065934,20,curvature,logKoD,0.1,sine
89,89,-0.6939399019861792,15.76086956521739,20,curvature,logKoD,0.1,sine
90,90,-0.6940198745725012,15.591397849462366,20,curvature,logKoD,0.1,sine
91,91,-0.6947113059303949,15.425531914893616,20,curvature,logKoD,0.1,sine
92,92,-0.6982706180808962,15.263157894736842,20,curvature,logKoD,0.1,sine
93,93,-0.6957218909362612,15.104166666666666,20,curvature,logKoD,0.1,sine
94,94,-0.7074199076034717,14.948453608247425,20,curvature,logKoD,0.1,sine
95,95,-0.7051544815041392,14.79591836734694,20,curvature,logKoD,0.1,sine
96,96,-0.7043365019185549,14.646464646464649,20,curvature,logKoD,0.1,sine
0,0,1.44489685314749,483.3333333333333,10,slope,logDoK,0.0,sine
1,1,1.4465755816905657,362.5,10,slope,logDoK,0.0,sine
2,2,1.4510280165527962,290.0,10,slope,logDoK,0.0,sine
3,3,1.458567704297034,241.66666666666663,10,slope,logDoK,0.0,sine
4,4,1.4719678191832617,207.14285714285717,10,slope,logDoK,0.0,sine
5,5,1.4867130615116897,181.25,10,slope,logDoK,0.0,sine
6,6,1.495869267803502,161.11111111111111,10,slope,logDoK,0.0,sine
7,7,1.5168448411813804,145.0,10,slope,logDoK,0.0,sine
8,8,1.5307491435245688,131.8181818181818,10,slope,logDoK,0.0,sine
9,9,1.5477464695453993,120.83333333333331,10,slope,logDoK,0.0,sine
10,10,1.5504529726983616,111.53846153846152,10,slope,logDoK,0.0,sine
11,11,1.5572341487013988,103.57142857142856,10,slope,logDoK,0.0,sine
12,12,1.5636393635079395,96.66666666666669,10,slope,logDoK,0.0,sine
13,13,1.569288645013883,90.625,10,slope,logDoK,0.0,sine
14,14,1.560245808253346,85.29411764705883,10,slope,logDoK,0.0,sine
15,15,1.578907087943321,80.55555555555556,10,slope,logDoK,0.0,sine
16,16,1.5416942964633282,76.3157894736842,10,slope,logDoK,0.0,sine
17,17,1.5357352337363657,72.5,10,slope,logDoK,0.0,sine
18,18,1.5210328426351023,69.04761904761905,10,slope,logDoK,0.0,sine
19,19,1.507581609140729,65.9090909090909,10,slope,logDoK,0.0,sine
20,20,1.4796640551069682,63.04347826086956,10,slope,logDoK,0.0,sine
21,21,1.4380882147056493,60.41666666666666,10,slope,logDoK,0.0,sine
22,22,1.430141419839536,58.0,10,slope,logDoK,0.0,sine
23,23,1.4095752864583642,55.76923076923077,10,slope,logDoK,0.0,sine
24,24,1.3614407526431822,53.7037037037037,10,slope,logDoK,0.0,sine
25,25,1.3462355656243312,51.785714285714285,10,slope,logDoK,0.0,sine
26,26,1.3243812760599971,50.0,10,slope,logDoK,0.0,sine
27,27,1.2891783585662386,48.333333333333336,10,slope,logDoK,0.0,sine
28,28,1.2557130337774174,46.774193548387096,10,slope,logDoK,0.0,sine
29,29,1.2172323248266148,45.3125,10,slope,logDoK,0.0,sine
30,30,1.209322712711102,43.93939393939394,10,slope,logDoK,0.0,sine
31,31,1.191138076184027,42.64705882352941,10,slope,logDoK,0.0,sine
32,32,1.184995637217036,41.42857142857143,10,slope,logDoK,0.0,sine
33,33,1.1121833702176858,40.27777777777778,10,slope,logDoK,0.0,sine
34,34,1.164645069655802,39.18918918918919,10,slope,logDoK,0.0,sine
35,35,1.1572467357089078,38.1578947368421,10,slope,logDoK,0.0,sine
36,36,1.1515514617803038,37.17948717948718,10,slope,logDoK,0.0,sine
37,37,1.1451933546743036,36.25,10,slope,logDoK,0.0,sine
38,38,1.1378914564523437,35.36585365853659,10,slope,logDoK,0.0,sine
39,39,1.1213640205356907,34.523809523809526,10,slope,logDoK,0.0,sine
40,40,1.1101513953119972,33.72093023255814,10,slope,logDoK,0.0,sine
41,41,1.0926344418863096,32.95454545454545,10,slope,logDoK,0.0,sine
42,42,1.0755474741268956,32.22222222222222,10,slope,logDoK,0.0,sine
43,43,1.0561439923557252,31.52173913043478,10,slope,logDoK,0.0,sine
44,44,1.0462324257501163,30.851063829787236,10,slope,logDoK,0.0,sine
45,45,1.0435311101740816,30.20833333333333,10,slope,logDoK,0.0,sine
46,46,1.0221260627252868,29.59183673469388,10,slope,logDoK,0.0,sine
47,47,1.0120414234101542,29.0,10,slope,logDoK,0.0,sine
48,48,1.000742072541417,28.431372549019606,10,slope,logDoK,0.0,sine
49,49,0.9831491574370116,27.884615384615383,10,slope,logDoK,0.0,sine
50,50,0.9645834846874914,27.358490566037737,10,slope,logDoK,0.0,sine
51,51,0.9403953584925878,26.85185185185185,10,slope,logDoK,0.0,sine
52,52,0.9180575089961176,26.363636363636363,10,slope,logDoK,0.0,sine
53,53,0.9091945491633624,25.892857142857142,10,slope,logDoK,0.0,sine
54,54,0.8951256358978674,25.43859649122807,10,slope,logDoK,0.0,sine
55,55,0.8839861995060524,25.0,10,slope,logDoK,0.0,sine
56,56,0.8558977726228061,24.57627118644068,10,slope,logDoK,0.0,sine
57,57,0.850201055995293,24.166666666666668,10,slope,logDoK,0.0,sine
58,58,0.8388670087293936,23.770491803278688,10,slope,logDoK,0.0,sine
59,59,0.8432208898619091,23.387096774193548,10,slope,logDoK,0.0,sine
60,60,0.8470855221219101,23.015873015873016,10,slope,logDoK,0.0,sine
61,61,0.8490008532860337,22.65625,10,slope,logDoK,0.0,sine
62,62,0.8470887963321997,22.307692307692307,10,slope,logDoK,0.0,sine
63,63,0.8422639200495339,21.96969696969697,10,slope,logDoK,0.0,sine
64,64,0.8224175399452602,21.64179104477612,10,slope,logDoK,0.0,sine
65,65,0.7990017385662161,21.323529411764707,10,slope,logDoK,0.0,sine
66,66,0.8197991130490867,21.014492753623188,10,slope,logDoK,0.0,sine
67,67,0.8592373852628794,20.714285714285715,10,slope,logDoK,0.0,sine
68,68,0.928611987255892,20.422535211267604,10,slope,logDoK,0.0,sine
69,69,1.1562958436493826,20.13888888888889,10,slope,logDoK,0.0,sine
70,70,0.95632909822849,19.863013698630137,10,slope,logDoK,0.0,sine
71,71,0.8779646402901884,19.594594594594597,10,slope,logDoK,0.0,sine
72,72,0.826211694828779,19.33333333333333,10,slope,logDoK,0.0,sine
73,73,0.8027129740741523,19.07894736842105,10,slope,logDoK,0.0,sine
74,74,0.8202395352606584,18.83116883116883,10,slope,logDoK,0.0,sine
75,75,0.8383955224476999,18.58974358974359,10,slope,logDoK,0.0,sine
76,76,0.8461123858962303,18.354430379746837,10,slope,logDoK,0.0,sine
77,77,0.8493757912918146,18.125,10,slope,logDoK,0.0,sine
78,78,0.853490204869279,17.901234567901234,10,slope,logDoK,0.0,sine
79,79,0.8416522566398192,17.682926829268293,10,slope,logDoK,0.0,sine
80,80,0.8374464925952767,17.46987951807229,10,slope,logDoK,0.0,sine
81,81,0.841079679115436,17.261904761904763,10,slope,logDoK,0.0,sine
82,82,0.8564160391840117,17.058823529411764,10,slope,logDoK,0.0,sine
83,83,0.8739457517979214,16.86046511627907,10,slope,logDoK,0.0,sine
84,84,0.8914194140244371,16.666666666666668,10,slope,logDoK,0.0,sine
85,85,0.9058275968673712,16.477272727272727,10,slope,logDoK,0.0,sine
86,86,0.9133940103530972,16.292134831460675,10,slope,logDoK,0.0,sine
87,87,0.9213128516488638,16.11111111111111,10,slope,logDoK,0.0,sine
88,88,0.9557684204121278,15.934065934065934,10,slope,logDoK,0.0,sine
89,89,0.9787029435743312,15.76086956521739,10,slope,logDoK,0.0,sine
90,90,0.9946029998718796,15.591397849462366,10,slope,logDoK,0.0,sine
91,91,1.0053105269988758,15.425531914893616,10,slope,logDoK,0.0,sine
92,92,1.0210608393352136,15.263157894736842,10,slope,logDoK,0.0,sine
93,93,1.017419569608402,15.104166666666666,10,slope,logDoK,0.0,sine
94,94,1.0394488861765263,14.948453608247425,10,slope,logDoK,0.0,sine
95,95,1.056618323107608,14.79591836734694,10,slope,logDoK,0.0,sine
96,96,1.0630272623283532,14.646464646464649,10,slope,logDoK,0.0,sine
0,0,-0.9805165081898928,483.3333333333333,10,elevation,logKoD,0.1,sine
1,1,-0.917399658757506,362.5,10,elevation,logKoD,0.1,sine
2,2,-0.9042915625014766,290.0,10,elevation,logKoD,0.1,sine
3,3,-0.8672970994563534,241.66666666666663,10,elevation,logKoD,0.1,sine
4,4,-0.861632879365964,207.14285714285717,10,elevation,logKoD,0.1,sine
5,5,-0.8474948188719169,181.25,10,elevation,logKoD,0.1,sine
6,6,-0.793117573399627,161.11111111111111,10,elevation,logKoD,0.1,sine
7,7,-0.757887275322322,145.0,10,elevation,logKoD,0.1,sine
8,8,-0.7219269511333356,131.8181818181818,10,elevation,logKoD,0.1,sine
9,9,-0.6891855440076244,120.83333333333331,10,elevation,logKoD,0.1,sine
10,10,-0.6517278825256028,111.53846153846152,10,elevation,logKoD,0.1,sine
11,11,-0.6234901107255248,103.57142857142856,10,elevation,logKoD,0.1,sine
12,12,-0.5835887423939052,96.66666666666669,10,elevation,logKoD,0.1,sine
13,13,-0.5506600504396323,90.625,10,elevation,logKoD,0.1,sine
14,14,-0.508112097003349,85.29411764705883,10,elevation,logKoD,0.1,sine
15,15,-0.5021656399860014,80.55555555555556,10,elevation,logKoD,0.1,sine
16,16,-0.4607905905306886,76.3157894736842,10,elevation,logKoD,0.1,sine
17,17,-0.4450161820530011,72.5,10,elevation,logKoD,0.1,sine
18,18,-0.4307045270221654,69.04761904761905,10,elevation,logKoD,0.1,sine
19,19,-0.4084754222349365,65.9090909090909,10,elevation,logKoD,0.1,sine
20,20,-0.392180741742241,63.04347826086956,10,elevation,logKoD,0.1,sine
21,21,-0.4418985608705585,60.41666666666666,10,elevation,logKoD,0.1,sine
22,22,-0.3810341839430463,58.0,10,elevation,logKoD,0.1,sine
23,23,-0.3815041149748525,55.76923076923077,10,elevation,logKoD,0.1,sine
24,24,-0.3911048362410982,53.7037037037037,10,elevation,logKoD,0.1,sine
25,25,-0.3866848160607341,51.785714285714285,10,elevation,logKoD,0.1,sine
26,26,-0.387786178546878,50.0,10,elevation,logKoD,0.1,sine
27,27,-0.4191889657233395,48.333333333333336,10,elevation,logKoD,0.1,sine
28,28,-0.4309646630296694,46.774193548387096,10,elevation,logKoD,0.1,sine
29,29,-0.4436658977295948,45.3125,10,elevation,logKoD,0.1,sine
30,30,-0.4523210270642215,43.93939393939394,10,elevation,logKoD,0.1,sine
31,31,-0.4603192679595093,42.64705882352941,10,elevation,logKoD,0.1,sine
32,32,-0.4546813234066935,41.42857142857143,10,elevation,logKoD,0.1,sine
33,33,-0.5258876209547461,40.27777777777778,10,elevation,logKoD,0.1,sine
34,34,-0.4683158717496523,39.18918918918919,10,elevation,logKoD,0.1,sine
35,35,-0.4833556292936243,38.1578947368421,10,elevation,logKoD,0.1,sine
36,36,-0.4852725975628926,37.17948717948718,10,elevation,logKoD,0.1,sine
37,37,-0.4897985384461234,36.25,10,elevation,logKoD,0.1,sine
38,38,-0.4810999439699032,35.36585365853659,10,elevation,logKoD,0.1,sine
39,39,-0.4593721207780027,34.523809523809526,10,elevation,logKoD,0.1,sine
40,40,-0.4488898183912984,33.72093023255814,10,elevation,logKoD,0.1,sine
41,41,-0.4212026869066637,32.95454545454545,10,elevation,logKoD,0.1,sine
42,42,-0.4022658824208243,32.22222222222222,10,elevation,logKoD,0.1,sine
43,43,-0.3716071595326606,31.52173913043478,10,elevation,logKoD,0.1,sine
44,44,-0.3486161460110557,30.851063829787236,10,elevation,logKoD,0.1,sine
45,45,-0.4532561415229141,30.20833333333333,10,elevation,logKoD,0.1,sine
46,46,-0.2852947198270157,29.59183673469388,10,elevation,logKoD,0.1,sine
47,47,-0.2881914955254288,29.0,10,elevation,logKoD,0.1,sine
48,48,-0.2736850249823656,28.431372549019606,10,elevation,logKoD,0.1,sine
49,49,-0.2423937246662628,27.884615384615383,10,elevation,logKoD,0.1,sine
50,50,-0.222770072716935,27.358490566037737,10,elevation,logKoD,0.1,sine
51,51,-0.1922595896996304,26.85185185185185,10,elevation,logKoD,0.1,sine
52,52,-0.1879336212098331,26.363636363636363,10,elevation,logKoD,0.1,sine
53,53,-0.1779188760524751,25.892857142857142,10,elevation,logKoD,0.1,sine
54,54,-0.1607464616364113,25.43859649122807,10,elevation,logKoD,0.1,sine
55,55,-0.1448614667061946,25.0,10,elevation,logKoD,0.1,sine
56,56,-0.1319171218922709,24.57627118644068,10,elevation,logKoD,0.1,sine
57,57,-0.1293336062633094,24.166666666666668,10,elevation,logKoD,0.1,sine
58,58,-0.1267921642365687,23.770491803278688,10,elevation,logKoD,0.1,sine
59,59,-0.1261074450097686,23.387096774193548,10,elevation,logKoD,0.1,sine
60,60,-0.1169587284739939,23.015873015873016,10,elevation,logKoD,0.1,sine
61,61,-0.1203158581391162,22.65625,10,elevation,logKoD,0.1,sine
62,62,-0.130111886049133,22.307692307692307,10,elevation,logKoD,0.1,sine
63,63,-0.1416511853725581,21.96969696969697,10,elevation,logKoD,0.1,sine
64,64,-0.158771130568732,21.64179104477612,10,elevation,logKoD,0.1,sine
65,65,-0.1660558391866718,21.323529411764707,10,elevation,logKoD,0.1,sine
66,66,-0.1777034330154233,21.014492753623188,10,elevation,logKoD,0.1,sine
67,67,-0.1733459502515894,20.714285714285715,10,elevation,logKoD,0.1,sine
68,68,-0.1897161012914586,20.422535211267604,10,elevation,logKoD,0.1,sine
69,69,-0.2217605518294128,20.13888888888889,10,elevation,logKoD,0.1,sine
70,70,-0.1504484154337508,19.863013698630137,10,elevation,logKoD,0.1,sine
71,71,-0.1392996475426107,19.594594594594597,10,elevation,logKoD,0.1,sine
72,72,-0.1376180949931602,19.33333333333333,10,elevation,logKoD,0.1,sine
73,73,-0.1061557171894291,19.07894736842105,10,elevation,logKoD,0.1,sine
74,74,-0.0850624359516414,18.83116883116883,10,elevation,logKoD,0.1,sine
75,75,-0.0571359596948415,18.58974358974359,10,elevation,logKoD,0.1,sine
76,76,-0.0287369330380038,18.354430379746837,10,elevation,logKoD,0.1,sine
77,77,0.0081724210034057,18.125,10,elevation,logKoD,0.1,sine
78,78,0.031491346685508,17.901234567901234,10,elevation,logKoD,0.1,sine
79,79,0.0466225365518153,17.682926829268293,10,elevation,logKoD,0.1,sine
80,80,0.0613180927390997,17.46987951807229,10,elevation,logKoD,0.1,sine
81,81,0.0816294925597451,17.261904761904763,10,elevation,logKoD,0.1,sine
82,82,0.0952091978803542,17.058823529411764,10,elevation,logKoD,0.1,sine
83,83,0.1011832401193912,16.86046511627907,10,elevation,logKoD,0.1,sine
84,84,0.1058271344283026,16.666666666666668,10,elevation,logKoD,0.1,sine
85,85,0.0959953357708727,16.477272727272727,10,elevation,logKoD,0.1,sine
86,86,0.0977660286954558,16.292134831460675,10,elevation,logKoD,0.1,sine
87,87,0.1010859142185345,16.11111111111111,10,elevation,logKoD,0.1,sine
88,88,0.0896423036908213,15.934065934065934,10,elevation,logKoD,0.1,sine
89,89,0.0937181225144976,15.76086956521739,10,elevation,logKoD,0.1,sine
90,90,0.0867488840579551,15.591397849462366,10,elevation,logKoD,0.1,sine
91,91,0.0926786426028261,15.425531914893616,10,elevation,logKoD,0.1,sine
92,92,0.0926008801084494,15.263157894736842,10,elevation,logKoD,0.1,sine
93,93,0.181511323823587,15.104166666666666,10,elevation,logKoD,0.1,sine
94,94,0.0814173237329829,14.948453608247425,10,elevation,logKoD,0.1,sine
95,95,0.0945310270741333,14.79591836734694,10,elevation,logKoD,0.1,sine
96,96,0.096263166172557,14.646464646464649,10,elevation,logKoD,0.1,sine
0,0,0.0292224847072703,483.3333333333333,30,elevation,KoD,0.0,sine
1,1,0.0338119392620329,362.5,30,elevation,KoD,0.0,sine
2,2,0.043297867945368,290.0,30,elevation,KoD,0.0,sine
3,3,0.0689856299449593,241.66666666666663,30,elevation,KoD,0.0,sine
4,4,0.1008646088687162,207.14285714285717,30,elevation,KoD,0.0,sine
5,5,0.1387366552853141,181.25,30,elevation,KoD,0.0,sine
6,6,0.1904253740515591,161.11111111111111,30,elevation,KoD,0.0,sine
7,7,0.2545401349896202,145.0,30,elevation,KoD,0.0,sine
8,8,0.3895448666965436,131.8181818181818,30,elevation,KoD,0.0,sine
9,9,0.6040853575084989,120.83333333333331,30,elevation,KoD,0.0,sine
10,10,0.741320102165164,111.53846153846152,30,elevation,KoD,0.0,sine
11,11,0.8837166802513813,103.57142857142856,30,elevation,KoD,0.0,sine
12,12,1.0793551549201474,96.66666666666669,30,elevation,KoD,0.0,sine
13,13,1.2650995354859984,90.625,30,elevation,KoD,0.0,sine
14,14,1.37725061968588,85.29411764705883,30,elevation,KoD,0.0,sine
15,15,1.4179482584039271,80.55555555555556,30,elevation,KoD,0.0,sine
16,16,1.5915619280678417,76.3157894736842,30,elevation,KoD,0.0,sine
17,17,1.6590576815837863,72.5,30,elevation,KoD,0.0,sine
18,18,1.71430986458338,69.04761904761905,30,elevation,KoD,0.0,sine
19,19,1.7725428451968983,65.9090909090909,30,elevation,KoD,0.0,sine
20,20,1.8266721361483815,63.04347826086956,30,elevation,KoD,0.0,sine
21,21,1.6471912604648231,60.41666666666666,30,elevation,KoD,0.0,sine
22,22,1.862919086028908,58.0,30,elevation,KoD,0.0,sine
23,23,1.8968182571436287,55.76923076923077,30,elevation,KoD,0.0,sine
24,24,1.9113535161481037,53.7037037037037,30,elevation,KoD,0.0,sine
25,25,1.9234523112746031,51.785714285714285,30,elevation,KoD,0.0,sine
26,26,1.915123108756636,50.0,30,elevation,KoD,0.0,sine
27,27,1.932123352119263,48.333333333333336,30,elevation,KoD,0.0,sine
28,28,1.8974486955673495,46.774193548387096,30,elevation,KoD,0.0,sine
29,29,1.9234686086918475,45.3125,30,elevation,KoD,0.0,sine
30,30,1.8406098231872443,43.93939393939394,30,elevation,KoD,0.0,sine
31,31,1.798007831264238,42.64705882352941,30,elevation,KoD,0.0,sine
32,32,1.7199958976479943,41.42857142857143,30,elevation,KoD,0.0,sine
33,33,1.9935143647592333,40.27777777777778,30,elevation,KoD,0.0,sine
34,34,1.6976809307102951,39.18918918918919,30,elevation,KoD,0.0,sine
35,35,1.7463004723270203,38.1578947368421,30,elevation,KoD,0.0,sine
36,36,1.7544250064467652,37.17948717948718,30,elevation,KoD,0.0,sine
37,37,1.7066953038115615,36.25,30,elevation,KoD,0.0,sine
38,38,1.7055794739775902,35.36585365853659,30,elevation,KoD,0.0,sine
39,39,1.6652379338263246,34.523809523809526,30,elevation,KoD,0.0,sine
40,40,1.6602954704234665,33.72093023255814,30,elevation,KoD,0.0,sine
41,41,1.6224754123434653,32.95454545454545,30,elevation,KoD,0.0,sine
42,42,1.580342786037086,32.22222222222222,30,elevation,KoD,0.0,sine
43,43,1.5511303446863032,31.52173913043478,30,elevation,KoD,0.0,sine
44,44,1.4899641005924895,30.851063829787236,30,elevation,KoD,0.0,sine
45,45,2.1555940806159626,30.20833333333333,30,elevation,KoD,0.0,sine
46,46,1.3339451225851755,29.59183673469388,30,elevation,KoD,0.0,sine
47,47,1.3532858108758483,29.0,30,elevation,KoD,0.0,sine
48,48,1.2820986923541424,28.431372549019606,30,elevation,KoD,0.0,sine
49,49,1.234280100889054,27.884615384615383,30,elevation,KoD,0.0,sine
50,50,1.2050026056811056,27.358490566037737,30,elevation,KoD,0.0,sine
51,51,1.1083420128539117,26.85185185185185,30,elevation,KoD,0.0,sine
52,52,1.0921306323917983,26.363636363636363,30,elevation,KoD,0.0,sine
53,53,1.017492264145059,25.892857142857142,30,elevation,KoD,0.0,sine
54,54,0.9599380709597528,25.43859649122807,30,elevation,KoD,0.0,sine
55,55,0.9464442169171682,25.0,30,elevation,KoD,0.0,sine
56,56,0.865321921219911,24.57627118644068,30,elevation,KoD,0.0,sine
57,57,0.8574669735437437,24.166666666666668,30,elevation,KoD,0.0,sine
58,58,0.7950898313487023,23.770491803278688,30,elevation,KoD,0.0,sine
59,59,0.7283475617566711,23.387096774193548,30,elevation,KoD,0.0,sine
60,60,0.7237287378979168,23.015873015873016,30,elevation,KoD,0.0,sine
61,61,0.7384029323843967,22.65625,30,elevation,KoD,0.0,sine
62,62,0.7500150458884481,22.307692307692307,30,elevation,KoD,0.0,sine
63,63,0.8354388411495384,21.96969696969697,30,elevation,KoD,0.0,sine
64,64,0.8092251924775531,21.64179104477612,30,elevation,KoD,0.0,sine
65,65,0.9974839249946242,21.323529411764707,30,elevation,KoD,0.0,sine
66,66,1.016567317810558,21.014492753623188,30,elevation,KoD,0.0,sine
67,67,1.1084985359653592,20.714285714285715,30,elevation,KoD,0.0,sine
68,68,1.321364331343685,20.422535211267604,30,elevation,KoD,0.0,sine
69,69,1.2922783307883532,20.13888888888889,30,elevation,KoD,0.0,sine
70,70,1.3416582827313204,19.863013698630137,30,elevation,KoD,0.0,sine
71,71,1.26369198188336,19.594594594594597,30,elevation,KoD,0.0,sine
72,72,1.4139320315477688,19.33333333333333,30,elevation,KoD,0.0,sine
73,73,1.389762961774946,19.07894736842105,30,elevation,KoD,0.0,sine
74,74,1.4106828697965603,18.83116883116883,30,elevation,KoD,0.0,sine
75,75,1.3677750296766091,18.58974358974359,30,elevation,KoD,0.0,sine
76,76,1.3788195177192335,18.354430379746837,30,elevation,KoD,0.0,sine
77,77,1.3536451689260782,18.125,30,elevation,KoD,0.0,sine
78,78,1.3356825630751945,17.901234567901234,30,elevation,KoD,0.0,sine
79,79,1.2938450558327412,17.682926829268293,30,elevation,KoD,0.0,sine
80,80,1.2715040130274518,17.46987951807229,30,elevation,KoD,0.0,sine
81,81,1.2791128697032348,17.261904761904763,30,elevation,KoD,0.0,sine
82,82,1.2344756698959816,17.058823529411764,30,elevation,KoD,0.0,sine
83,83,1.2028160355342048,16.86046511627907,30,elevation,KoD,0.0,sine
84,84,1.1574516992942492,16.666666666666668,30,elevation,KoD,0.0,sine
85,85,1.1424447658723715,16.477272727272727,30,elevation,KoD,0.0,sine
86,86,1.1398474329050172,16.292134831460675,30,elevation,KoD,0.0,sine
87,87,1.1161926824580526,16.11111111111111,30,elevation,KoD,0.0,sine
88,88,1.111635381349394,15.934065934065934,30,elevation,KoD,0.0,sine
89,89,1.057592330897493,15.76086956521739,30,elevation,KoD,0.0,sine
90,90,0.9556106992460448,15.591397849462366,30,elevation,KoD,0.0,sine
91,91,0.9522288493561086,15.425531914893616,30,elevation,KoD,0.0,sine
92,92,0.8609988954841349,15.263157894736842,30,elevation,KoD,0.0,sine
93,93,0.561541560946235,15.104166666666666,30,elevation,KoD,0.0,sine
94,94,0.7790643093490757,14.948453608247425,30,elevation,KoD,0.0,sine
95,95,0.7212221951257927,14.79591836734694,30,elevation,KoD,0.0,sine
96,96,0.7102313527482627,14.646464646464649,30,elevation,KoD,0.0,sine
0,0,0.0843326361399948,483.3333333333333,20,curvature,KoD,0.0,sine
1,1,0.0842197086196751,362.5,20,curvature,KoD,0.0,sine
2,2,0.0841711580195286,290.0,20,curvature,KoD,0.0,sine
3,3,0.0839770192807287,241.66666666666663,20,curvature,KoD,0.0,sine
4,4,0.0837099665762384,207.14285714285717,20,curvature,KoD,0.0,sine
5,5,0.0832450806272943,181.25,20,curvature,KoD,0.0,sine
6,6,0.0826142432563801,161.11111111111111,20,curvature,KoD,0.0,sine
7,7,0.0817693983032212,145.0,20,curvature,KoD,0.0,sine
8,8,0.0807796676131158,131.8181818181818,20,curvature,KoD,0.0,sine
9,9,0.0798546427624119,120.83333333333331,20,curvature,KoD,0.0,sine
10,10,0.0793486758628915,111.53846153846152,20,curvature,KoD,0.0,sine
11,11,0.0785594246254824,103.57142857142856,20,curvature,KoD,0.0,sine
12,12,0.0776313715958192,96.66666666666669,20,curvature,KoD,0.0,sine
13,13,0.0768864013747682,90.625,20,curvature,KoD,0.0,sine
14,14,0.0756686829741886,85.29411764705883,20,curvature,KoD,0.0,sine
15,15,0.0732182241135672,80.55555555555556,20,curvature,KoD,0.0,sine
16,16,0.0737563020180011,76.3157894736842,20,curvature,KoD,0.0,sine
17,17,0.0728732026975692,72.5,20,curvature,KoD,0.0,sine
18,18,0.0720946275416907,69.04761904761905,20,curvature,KoD,0.0,sine
19,19,0.0717970638651777,65.9090909090909,20,curvature,KoD,0.0,sine
20,20,0.071899236787764,63.04347826086956,20,curvature,KoD,0.0,sine
21,21,0.0661831298953916,60.41666666666666,20,curvature,KoD,0.0,sine
22,22,0.0686762867159565,58.0,20,curvature,KoD,0.0,sine
23,23,0.0661012778149313,55.76923076923077,20,curvature,KoD,0.0,sine
24,24,0.0632365738341563,53.7037037037037,20,curvature,KoD,0.0,sine
25,25,0.0608702737327118,51.785714285714285,20,curvature,KoD,0.0,sine
26,26,0.059062181392469,50.0,20,curvature,KoD,0.0,sine
27,27,0.0577105780115825,48.333333333333336,20,curvature,KoD,0.0,sine
28,28,0.0573249615966422,46.774193548387096,20,curvature,KoD,0.0,sine
29,29,0.0587180215326431,45.3125,20,curvature,KoD,0.0,sine
30,30,0.0610524780086757,43.93939393939394,20,curvature,KoD,0.0,sine
31,31,0.0653001324338175,42.64705882352941,20,curvature,KoD,0.0,sine
32,32,0.0707554594296908,41.42857142857143,20,curvature,KoD,0.0,sine
33,33,0.099712994744773,40.27777777777778,20,curvature,KoD,0.0,sine
34,34,0.0830999678299772,39.18918918918919,20,curvature,KoD,0.0,sine
35,35,0.0907953493613212,38.1578947368421,20,curvature,KoD,0.0,sine
36,36,0.0983489306302854,37.17948717948718,20,curvature,KoD,0.0,sine
37,37,0.1090458529075273,36.25,20,curvature,KoD,0.0,sine
38,38,0.1222543175291625,35.36585365853659,20,curvature,KoD,0.0,sine
39,39,0.1358762972824707,34.523809523809526,20,curvature,KoD,0.0,sine
40,40,0.1554030180445122,33.72093023255814,20,curvature,KoD,0.0,sine
41,41,0.1828250141021618,32.95454545454545,20,curvature,KoD,0.0,sine
42,42,0.2149203497280707,32.22222222222222,20,curvature,KoD,0.0,sine
43,43,0.2344153881412252,31.52173913043478,20,curvature,KoD,0.0,sine
44,44,0.2467344021182343,30.851063829787236,20,curvature,KoD,0.0,sine
45,45,0.2632061338208201,30.20833333333333,20,curvature,KoD,0.0,sine
46,46,0.258815219156337,29.59183673469388,20,curvature,KoD,0.0,sine
47,47,0.2698330032017484,29.0,20,curvature,KoD,0.0,sine
48,48,0.2775425473584422,28.431372549019606,20,curvature,KoD,0.0,sine
49,49,0.2830452175025855,27.884615384615383,20,curvature,KoD,0.0,sine
50,50,0.2892308682645856,27.358490566037737,20,curvature,KoD,0.0,sine
51,51,0.287164016228523,26.85185185185185,20,curvature,KoD,0.0,sine
52,52,0.3092364232729077,26.363636363636363,20,curvature,KoD,0.0,sine
53,53,0.3201702246900837,25.892857142857142,20,curvature,KoD,0.0,sine
54,54,0.3297113438978565,25.43859649122807,20,curvature,KoD,0.0,sine
55,55,0.3362807309300472,25.0,20,curvature,KoD,0.0,sine
56,56,0.3449655057440302,24.57627118644068,20,curvature,KoD,0.0,sine
57,57,0.3536600420318833,24.166666666666668,20,curvature,KoD,0.0,sine
58,58,0.3609378743963746,23.770491803278688,20,curvature,KoD,0.0,sine
59,59,0.3677614332316662,23.387096774193548,20,curvature,KoD,0.0,sine
60,60,0.3750315582759191,23.015873015873016,20,curvature,KoD,0.0,sine
61,61,0.3816689700486271,22.65625,20,curvature,KoD,0.0,sine
62,62,0.3869491295179612,22.307692307692307,20,curvature,KoD,0.0,sine
63,63,0.3910189001803564,21.96969696969697,20,curvature,KoD,0.0,sine
64,64,0.3939976266641723,21.64179104477612,20,curvature,KoD,0.0,sine
65,65,0.3976404389477279,21.323529411764707,20,curvature,KoD,0.0,sine
66,66,0.4012271949065546,21.014492753623188,20,curvature,KoD,0.0,sine
67,67,0.3977245064583447,20.714285714285715,20,curvature,KoD,0.0,sine
68,68,0.3859258214798022,20.422535211267604,20,curvature,KoD,0.0,sine
69,69,0.3170538189835088,20.13888888888889,20,curvature,KoD,0.0,sine
70,70,0.3974144820482306,19.863013698630137,20,curvature,KoD,0.0,sine
71,71,0.391389496657894,19.594594594594597,20,curvature,KoD,0.0,sine
72,72,0.3885673951443832,19.33333333333333,20,curvature,KoD,0.0,sine
73,73,0.3848297013348105,19.07894736842105,20,curvature,KoD,0.0,sine
74,74,0.3783438894954241,18.83116883116883,20,curvature,KoD,0.0,sine
75,75,0.3762141396146854,18.58974358974359,20,curvature,KoD,0.0,sine
76,76,0.3720032774577957,18.354430379746837,20,curvature,KoD,0.0,sine
77,77,0.3664427684589126,18.125,20,curvature,KoD,0.0,sine
78,78,0.3588292941815769,17.901234567901234,20,curvature,KoD,0.0,sine
79,79,0.3513078154292881,17.682926829268293,20,curvature,KoD,0.0,sine
80,80,0.3462573307077601,17.46987951807229,20,curvature,KoD,0.0,sine
81,81,0.3414589466592249,17.261904761904763,20,curvature,KoD,0.0,sine
82,82,0.3350542823765324,17.058823529411764,20,curvature,KoD,0.0,sine
83,83,0.3290943678198377,16.86046511627907,20,curvature,KoD,0.0,sine
84,84,0.3240852717475189,16.666666666666668,20,curvature,KoD,0.0,sine
85,85,0.3187261716634093,16.477272727272727,20,curvature,KoD,0.0,sine
86,86,0.3138176272601906,16.292134831460675,20,curvature,KoD,0.0,sine
87,87,0.3110153882239459,16.11111111111111,20,curvature,KoD,0.0,sine
88,88,0.3082228597321425,15.934065934065934,20,curvature,KoD,0.0,sine
89,89,0.3059415608475112,15.76086956521739,20,curvature,KoD,0.0,sine
90,90,0.3043806078050638,15.591397849462366,20,curvature,KoD,0.0,sine
91,91,0.3027752952300554,15.425531914893616,20,curvature,KoD,0.0,sine
92,92,0.3022133059587588,15.263157894736842,20,curvature,KoD,0.0,sine
93,93,0.3070984907305945,15.104166666666666,20,curvature,KoD,0.0,sine
94,94,0.2944683149195594,14.948453608247425,20,curvature,KoD,0.0,sine
95,95,0.2932207815824853,14.79591836734694,20,curvature,KoD,0.0,sine
96,96,0.289922320144114,14.646464646464649,20,curvature,KoD,0.0,sine
0,0,-1.3861473705012488,483.3333333333333,30,slope,logKoD,0.0,sine
1,1,-1.3913510319867857,362.5,30,slope,logKoD,0.0,sine
2,2,-1.4002495170011824,290.0,30,slope,logKoD,0.0,sine
3,3,-1.411555283275706,241.66666666666663,30,slope,logKoD,0.0,sine
4,4,-1.4212073277882404,207.14285714285717,30,slope,logKoD,0.0,sine
5,5,-1.4306075446018804,181.25,30,slope,logKoD,0.0,sine
6,6,-1.435362802988265,161.11111111111111,30,slope,logKoD,0.0,sine
7,7,-1.4382638351600543,145.0,30,slope,logKoD,0.0,sine
8,8,-1.4395588671848247,131.8181818181818,30,slope,logKoD,0.0,sine
9,9,-1.4398099581864037,120.83333333333331,30,slope,logKoD,0.0,sine
10,10,-1.438124149163577,111.53846153846152,30,slope,logKoD,0.0,sine
11,11,-1.434520389608395,103.57142857142856,30,slope,logKoD,0.0,sine
12,12,-1.426570770735907,96.66666666666669,30,slope,logKoD,0.0,sine
13,13,-1.4180276193931824,90.625,30,slope,logKoD,0.0,sine
14,14,-1.41180948477706,85.29411764705883,30,slope,logKoD,0.0,sine
15,15,-1.3735291370321632,80.55555555555556,30,slope,logKoD,0.0,sine
16,16,-1.3991875268937704,76.3157894736842,30,slope,logKoD,0.0,sine
17,17,-1.394276313778532,72.5,30,slope,logKoD,0.0,sine
18,18,-1.3898819347574978,69.04761904761905,30,slope,logKoD,0.0,sine
19,19,-1.3829692173560784,65.9090909090909,30,slope,logKoD,0.0,sine
20,20,-1.3743023827196663,63.04347826086956,30,slope,logKoD,0.0,sine
21,21,-1.332389626079554,60.41666666666666,30,slope,logKoD,0.0,sine
22,22,-1.3636850600861474,58.0,30,slope,logKoD,0.0,sine
23,23,-1.3592433073349863,55.76923076923077,30,slope,logKoD,0.0,sine
24,24,-1.352925432087919,53.7037037037037,30,slope,logKoD,0.0,sine
25,25,-1.3581824632011754,51.785714285714285,30,slope,logKoD,0.0,sine
26,26,-1.3585357914190452,50.0,30,slope,logKoD,0.0,sine
27,27,-1.351171683201584,48.333333333333336,30,slope,logKoD,0.0,sine
28,28,-1.3475917435262583,46.774193548387096,30,slope,logKoD,0.0,sine
29,29,-1.3455343934908264,45.3125,30,slope,logKoD,0.0,sine
30,30,-1.337094666265623,43.93939393939394,30,slope,logKoD,0.0,sine
31,31,-1.3274465917330645,42.64705882352941,30,slope,logKoD,0.0,sine
32,32,-1.321229766801058,41.42857142857143,30,slope,logKoD,0.0,sine
33,33,-1.211399073630028,40.27777777777778,30,slope,logKoD,0.0,sine
34,34,-1.3140548260830751,39.18918918918919,30,slope,logKoD,0.0,sine
35,35,-1.3036789150669663,38.1578947368421,30,slope,logKoD,0.0,sine
36,36,-1.3035826942120825,37.17948717948718,30,slope,logKoD,0.0,sine
37,37,-1.303727189204923,36.25,30,slope,logKoD,0.0,sine
38,38,-1.3079577553924089,35.36585365853659,30,slope,logKoD,0.0,sine
39,39,-1.3046968056545414,34.523809523809526,30,slope,logKoD,0.0,sine
40,40,-1.3124398218577595,33.72093023255814,30,slope,logKoD,0.0,sine
41,41,-1.306613528358038,32.95454545454545,30,slope,logKoD,0.0,sine
42,42,-1.316472421105614,32.22222222222222,30,slope,logKoD,0.0,sine
43,43,-1.318604893803377,31.52173913043478,30,slope,logKoD,0.0,sine
44,44,-1.328933983612345,30.851063829787236,30,slope,logKoD,0.0,sine
45,45,-1.3442874923573125,30.20833333333333,30,slope,logKoD,0.0,sine
46,46,-1.3539385955343883,29.59183673469388,30,slope,logKoD,0.0,sine
47,47,-1.349654987140212,29.0,30,slope,logKoD,0.0,sine
48,48,-1.3405377030232168,28.431372549019606,30,slope,logKoD,0.0,sine
49,49,-1.33500991518283,27.884615384615383,30,slope,logKoD,0.0,sine
50,50,-1.3362346130778178,27.358490566037737,30,slope,logKoD,0.0,sine
51,51,-1.3513167307174108,26.85185185185185,30,slope,logKoD,0.0,sine
52,52,-1.3540620741899327,26.363636363636363,30,slope,logKoD,0.0,sine
53,53,-1.3663738415759177,25.892857142857142,30,slope,logKoD,0.0,sine
54,54,-1.380958197396243,25.43859649122807,30,slope,logKoD,0.0,sine
55,55,-1.3980646364749725,25.0,30,slope,logKoD,0.0,sine
56,56,-1.414512918357876,24.57627118644068,30,slope,logKoD,0.0,sine
57,57,-1.422206084709436,24.166666666666668,30,slope,logKoD,0.0,sine
58,58,-1.4323172962874495,23.770491803278688,30,slope,logKoD,0.0,sine
59,59,-1.4351854635734578,23.387096774193548,30,slope,logKoD,0.0,sine
60,60,-1.440801634627848,23.015873015873016,30,slope,logKoD,0.0,sine
61,61,-1.4500520972483704,22.65625,30,slope,logKoD,0.0,sine
62,62,-1.4631886791339188,22.307692307692307,30,slope,logKoD,0.0,sine
63,63,-1.484126885586868,21.96969696969697,30,slope,logKoD,0.0,sine
64,64,-1.4916734491727135,21.64179104477612,30,slope,logKoD,0.0,sine
65,65,-1.4915256185781411,21.323529411764707,30,slope,logKoD,0.0,sine
66,66,-1.4914206801383614,21.014492753623188,30,slope,logKoD,0.0,sine
67,67,-1.4933084670084242,20.714285714285715,30,slope,logKoD,0.0,sine
68,68,-1.5048209587351036,20.422535211267604,30,slope,logKoD,0.0,sine
69,69,-1.5281440999629536,20.13888888888889,30,slope,logKoD,0.0,sine
70,70,-1.5073566299662091,19.863013698630137,30,slope,logKoD,0.0,sine
71,71,-1.4994276795461736,19.594594594594597,30,slope,logKoD,0.0,sine
72,72,-1.491364813925296,19.33333333333333,30,slope,logKoD,0.0,sine
73,73,-1.4918290969443528,19.07894736842105,30,slope,logKoD,0.0,sine
74,74,-1.491975167650895,18.83116883116883,30,slope,logKoD,0.0,sine
75,75,-1.4859915892743896,18.58974358974359,30,slope,logKoD,0.0,sine
76,76,-1.471531448806923,18.354430379746837,30,slope,logKoD,0.0,sine
77,77,-1.4536637967635044,18.125,30,slope,logKoD,0.0,sine
78,78,-1.4417102279831957,17.901234567901234,30,slope,logKoD,0.0,sine
79,79,-1.4340024504682185,17.682926829268293,30,slope,logKoD,0.0,sine
80,80,-1.432685604017394,17.46987951807229,30,slope,logKoD,0.0,sine
81,81,-1.4279772077657786,17.261904761904763,30,slope,logKoD,0.0,sine
82,82,-1.4180685060941731,17.058823529411764,30,slope,logKoD,0.0,sine
83,83,-1.4029351061359203,16.86046511627907,30,slope,logKoD,0.0,sine
84,84,-1.3869164006430044,16.666666666666668,30,slope,logKoD,0.0,sine
85,85,-1.3716541605098582,16.477272727272727,30,slope,logKoD,0.0,sine
86,86,-1.357007390055888,16.292134831460675,30,slope,logKoD,0.0,sine
87,87,-1.3419115616607078,16.11111111111111,30,slope,logKoD,0.0,sine
88,88,-1.3359056572627908,15.934065934065934,30,slope,logKoD,0.0,sine
89,89,-1.3352659379636576,15.76086956521739,30,slope,logKoD,0.0,sine
90,90,-1.340007444666826,15.591397849462366,30,slope,logKoD,0.0,sine
91,91,-1.346330456331285,15.425531914893616,30,slope,logKoD,0.0,sine
92,92,-1.3529664006441668,15.263157894736842,30,slope,logKoD,0.0,sine
93,93,-1.34786677719058,15.104166666666666,30,slope,logKoD,0.0,sine
94,94,-1.3324826136517771,14.948453608247425,30,slope,logKoD,0.0,sine
95,95,-1.3229073493705323,14.79591836734694,30,slope,logKoD,0.0,sine
96,96,-1.312786970003708,14.646464646464649,30,slope,logKoD,0.0,sine
0,0,37.03561269452367,483.3333333333333,30,curvature,DoK,0.1,sine
1,1,37.010285674084834,362.5,30,curvature,DoK,0.1,sine
2,2,37.1034844938974,290.0,30,curvature,DoK,0.1,sine
3,3,37.38141479308389,241.66666666666663,30,curvature,DoK,0.1,sine
4,4,37.718355319117,207.14285714285717,30,curvature,DoK,0.1,sine
5,5,38.187829431557645,181.25,30,curvature,DoK,0.1,sine
6,6,38.62552188336198,161.11111111111111,30,curvature,DoK,0.1,sine
7,7,39.165417804979086,145.0,30,curvature,DoK,0.1,sine
8,8,39.59090251754684,131.8181818181818,30,curvature,DoK,0.1,sine
9,9,40.12704380934581,120.83333333333331,30,curvature,DoK,0.1,sine
10,10,40.80581949561254,111.53846153846152,30,curvature,DoK,0.1,sine
11,11,41.379400931338594,103.57142857142856,30,curvature,DoK,0.1,sine
12,12,41.9114737459591,96.66666666666669,30,curvature,DoK,0.1,sine
13,13,42.33852307992617,90.625,30,curvature,DoK,0.1,sine
14,14,42.69738215175681,85.29411764705883,30,curvature,DoK,0.1,sine
15,15,42.91673607191835,80.55555555555556,30,curvature,DoK,0.1,sine
16,16,42.86709972726058,76.3157894736842,30,curvature,DoK,0.1,sine
17,17,42.56022162448549,72.5,30,curvature,DoK,0.1,sine
18,18,41.705769878270985,69.04761904761905,30,curvature,DoK,0.1,sine
19,19,40.93974001042863,65.9090909090909,30,curvature,DoK,0.1,sine
20,20,39.88606442143646,63.04347826086956,30,curvature,DoK,0.1,sine
21,21,37.77621861847767,60.41666666666666,30,curvature,DoK,0.1,sine
22,22,36.716552237224974,58.0,30,curvature,DoK,0.1,sine
23,23,34.66092356576414,55.76923076923077,30,curvature,DoK,0.1,sine
24,24,32.27563978089212,53.7037037037037,30,curvature,DoK,0.1,sine
25,25,29.851780463112974,51.785714285714285,30,curvature,DoK,0.1,sine
26,26,27.42270054834178,50.0,30,curvature,DoK,0.1,sine
27,27,25.109265885825376,48.333333333333336,30,curvature,DoK,0.1,sine
28,28,22.86055416442404,46.774193548387096,30,curvature,DoK,0.1,sine
29,29,20.00719934942816,45.3125,30,curvature,DoK,0.1,sine
30,30,18.55713454433227,43.93939393939394,30,curvature,DoK,0.1,sine
31,31,17.04805835853919,42.64705882352941,30,curvature,DoK,0.1,sine
32,32,15.72526673501347,41.42857142857143,30,curvature,DoK,0.1,sine
33,33,10.968661334327283,40.27777777777778,30,curvature,DoK,0.1,sine
34,34,13.593641425253171,39.18918918918919,30,curvature,DoK,0.1,sine
35,35,12.359372065100898,38.1578947368421,30,curvature,DoK,0.1,sine
36,36,11.596080861632649,37.17948717948718,30,curvature,DoK,0.1,sine
37,37,10.487413330471693,36.25,30,curvature,DoK,0.1,sine
38,38,9.469096338943192,35.36585365853659,30,curvature,DoK,0.1,sine
39,39,8.902037620599407,34.523809523809526,30,curvature,DoK,0.1,sine
40,40,8.125551558715289,33.72093023255814,30,curvature,DoK,0.1,sine
41,41,7.666113638701834,32.95454545454545,30,curvature,DoK,0.1,sine
42,42,6.809593038380401,32.22222222222222,30,curvature,DoK,0.1,sine
43,43,5.750211658223302,31.52173913043478,30,curvature,DoK,0.1,sine
44,44,5.755032445986103,30.851063829787236,30,curvature,DoK,0.1,sine
45,45,7.98686794866587,30.20833333333333,30,curvature,DoK,0.1,sine
46,46,4.736762762331773,29.59183673469388,30,curvature,DoK,0.1,sine
47,47,4.673542134684196,29.0,30,curvature,DoK,0.1,sine
48,48,4.367798267038555,28.431372549019606,30,curvature,DoK,0.1,sine
49,49,4.122720401835412,27.884615384615383,30,curvature,DoK,0.1,sine
50,50,3.871602128796399,27.358490566037737,30,curvature,DoK,0.1,sine
51,51,3.566191723971116,26.85185185185185,30,curvature,DoK,0.1,sine
52,52,3.776100223207255,26.363636363636363,30,curvature,DoK,0.1,sine
53,53,3.701891476396169,25.892857142857142,30,curvature,DoK,0.1,sine
54,54,3.5791656199991007,25.43859649122807,30,curvature,DoK,0.1,sine
55,55,3.562370170818795,25.0,30,curvature,DoK,0.1,sine
56,56,3.4763286862127067,24.57627118644068,30,curvature,DoK,0.1,sine
57,57,3.59916877381813,24.166666666666668,30,curvature,DoK,0.1,sine
58,58,3.519701929870834,23.770491803278688,30,curvature,DoK,0.1,sine
59,59,3.6913614359166775,23.387096774193548,30,curvature,DoK,0.1,sine
60,60,3.709956892016553,23.015873015873016,30,curvature,DoK,0.1,sine
61,61,3.7253631050871383,22.65625,30,curvature,DoK,0.1,sine
62,62,3.741819322194141,22.307692307692307,30,curvature,DoK,0.1,sine
63,63,3.67938908220035,21.96969696969697,30,curvature,DoK,0.1,sine
64,64,3.8350077573514,21.64179104477612,30,curvature,DoK,0.1,sine
65,65,3.930019276440017,21.323529411764707,30,curvature,DoK,0.1,sine
66,66,3.880447547415265,21.014492753623188,30,curvature,DoK,0.1,sine
67,67,3.804143407933703,20.714285714285715,30,curvature,DoK,0.1,sine
68,68,3.968537116817661,20.422535211267604,30,curvature,DoK,0.1,sine
69,69,4.41721653393491,20.13888888888889,30,curvature,DoK,0.1,sine
70,70,3.673342905111534,19.863013698630137,30,curvature,DoK,0.1,sine
71,71,3.2915072064927937,19.594594594594597,30,curvature,DoK,0.1,sine
72,72,3.1883425791389914,19.33333333333333,30,curvature,DoK,0.1,sine
73,73,3.0813344754716656,19.07894736842105,30,curvature,DoK,0.1,sine
74,74,2.980474087745032,18.83116883116883,30,curvature,DoK,0.1,sine
75,75,2.7840679481068538,18.58974358974359,30,curvature,DoK,0.1,sine
76,76,2.5856218006264964,18.354430379746837,30,curvature,DoK,0.1,sine
77,77,2.5121145949738057,18.125,30,curvature,DoK,0.1,sine
78,78,2.5702017413488374,17.901234567901234,30,curvature,DoK,0.1,sine
79,79,2.5553262995494066,17.682926829268293,30,curvature,DoK,0.1,sine
80,80,2.4880268100680567,17.46987951807229,30,curvature,DoK,0.1,sine
81,81,2.566368649690622,17.261904761904763,30,curvature,DoK,0.1,sine
82,82,2.6318450552406105,17.058823529411764,30,curvature,DoK,0.1,sine
83,83,2.7475531923525285,16.86046511627907,30,curvature,DoK,0.1,sine
84,84,2.984683334695413,16.666666666666668,30,curvature,DoK,0.1,sine
85,85,3.6287535029321054,16.477272727272727,30,curvature,DoK,0.1,sine
86,86,4.26811134536141,16.292134831460675,30,curvature,DoK,0.1,sine
87,87,4.938828539111293,16.11111111111111,30,curvature,DoK,0.1,sine
88,88,6.269965963950641,15.934065934065934,30,curvature,DoK,0.1,sine
89,89,8.533896974627071,15.76086956521739,30,curvature,DoK,0.1,sine
90,90,11.956722055698734,15.591397849462366,30,curvature,DoK,0.1,sine
91,91,15.561786875796372,15.425531914893616,30,curvature,DoK,0.1,sine
92,92,19.38093309578696,15.263157894736842,30,curvature,DoK,0.1,sine
93,93,23.312678979401444,15.104166666666666,30,curvature,DoK,0.1,sine
94,94,26.23373713158499,14.948453608247425,30,curvature,DoK,0.1,sine
95,95,28.909116839333574,14.79591836734694,30,curvature,DoK,0.1,sine
96,96,31.26646359373339,14.646464646464649,30,curvature,DoK,0.1,sine
0,0,-1.0156391052124862,483.3333333333333,10,elevation,logKoD,0.0,sine
1,1,-0.9792132906393988,362.5,10,elevation,logKoD,0.0,sine
2,2,-0.9710844292173726,290.0,10,elevation,logKoD,0.0,sine
3,3,-0.9451241980946986,241.66666666666663,10,elevation,logKoD,0.0,sine
4,4,-0.9323815037069818,207.14285714285717,10,elevation,logKoD,0.0,sine
5,5,-0.918952821335978,181.25,10,elevation,logKoD,0.0,sine
6,6,-0.8878835943327632,161.11111111111111,10,elevation,logKoD,0.0,sine
7,7,-0.8641125616011183,145.0,10,elevation,logKoD,0.0,sine
8,8,-0.8337301820613918,131.8181818181818,10,elevation,logKoD,0.0,sine
9,9,-0.8068520670116739,120.83333333333331,10,elevation,logKoD,0.0,sine
10,10,-0.783655433083886,111.53846153846152,10,elevation,logKoD,0.0,sine
11,11,-0.7520336012390543,103.57142857142856,10,elevation,logKoD,0.0,sine
12,12,-0.7215625724557384,96.66666666666669,10,elevation,logKoD,0.0,sine
13,13,-0.6837827286812261,90.625,10,elevation,logKoD,0.0,sine
14,14,-0.6636819424374553,85.29411764705883,10,elevation,logKoD,0.0,sine
15,15,-0.6402716662882748,80.55555555555556,10,elevation,logKoD,0.0,sine
16,16,-0.6184091502705884,76.3157894736842,10,elevation,logKoD,0.0,sine
17,17,-0.6029080155691916,72.5,10,elevation,logKoD,0.0,sine
18,18,-0.5783602787654251,69.04761904761905,10,elevation,logKoD,0.0,sine
19,19,-0.5609330489335779,65.9090909090909,10,elevation,logKoD,0.0,sine
20,20,-0.5430516042793142,63.04347826086956,10,elevation,logKoD,0.0,sine
21,21,-0.6004493701351475,60.41666666666666,10,elevation,logKoD,0.0,sine
22,22,-0.537631803987039,58.0,10,elevation,logKoD,0.0,sine
23,23,-0.5343527642373223,55.76923076923077,10,elevation,logKoD,0.0,sine
24,24,-0.5548813669830501,53.7037037037037,10,elevation,logKoD,0.0,sine
25,25,-0.545762241122767,51.785714285714285,10,elevation,logKoD,0.0,sine
26,26,-0.5506404461055237,50.0,10,elevation,logKoD,0.0,sine
27,27,-0.5793919415000304,48.333333333333336,10,elevation,logKoD,0.0,sine
28,28,-0.5906957023207516,46.774193548387096,10,elevation,logKoD,0.0,sine
29,29,-0.5990708048203655,45.3125,10,elevation,logKoD,0.0,sine
30,30,-0.6043003734948184,43.93939393939394,10,elevation,logKoD,0.0,sine
31,31,-0.6066326344116862,42.64705882352941,10,elevation,logKoD,0.0,sine
32,32,-0.5895284463525308,41.42857142857143,10,elevation,logKoD,0.0,sine
33,33,-0.6710999114141794,40.27777777777778,10,elevation,logKoD,0.0,sine
34,34,-0.5954187506634128,39.18918918918919,10,elevation,logKoD,0.0,sine
35,35,-0.6026524225284644,38.1578947368421,10,elevation,logKoD,0.0,sine
36,36,-0.6041744801091856,37.17948717948718,10,elevation,logKoD,0.0,sine
37,37,-0.6170816626363231,36.25,10,elevation,logKoD,0.0,sine
38,38,-0.6200543181581963,35.36585365853659,10,elevation,logKoD,0.0,sine
39,39,-0.6120356134485989,34.523809523809526,10,elevation,logKoD,0.0,sine
40,40,-0.6082718677931443,33.72093023255814,10,elevation,logKoD,0.0,sine
41,41,-0.5773821902966823,32.95454545454545,10,elevation,logKoD,0.0,sine
42,42,-0.5591096002957046,32.22222222222222,10,elevation,logKoD,0.0,sine
43,43,-0.5398153339015045,31.52173913043478,10,elevation,logKoD,0.0,sine
44,44,-0.5237549231550257,30.851063829787236,10,elevation,logKoD,0.0,sine
45,45,-0.6575844215428739,30.20833333333333,10,elevation,logKoD,0.0,sine
46,46,-0.470972238557556,29.59183673469388,10,elevation,logKoD,0.0,sine
47,47,-0.4849592556381836,29.0,10,elevation,logKoD,0.0,sine
48,48,-0.4672574014183013,28.431372549019606,10,elevation,logKoD,0.0,sine
49,49,-0.4559567920249837,27.884615384615383,10,elevation,logKoD,0.0,sine
50,50,-0.4491346474656986,27.358490566037737,10,elevation,logKoD,0.0,sine
51,51,-0.4263209324312723,26.85185185185185,10,elevation,logKoD,0.0,sine
52,52,-0.4293756887761557,26.363636363636363,10,elevation,logKoD,0.0,sine
53,53,-0.4239484396554718,25.892857142857142,10,elevation,logKoD,0.0,sine
54,54,-0.4130675840212732,25.43859649122807,10,elevation,logKoD,0.0,sine
55,55,-0.398350418046078,25.0,10,elevation,logKoD,0.0,sine
56,56,-0.3938774375142806,24.57627118644068,10,elevation,logKoD,0.0,sine
57,57,-0.3921492274682042,24.166666666666668,10,elevation,logKoD,0.0,sine
58,58,-0.3898004727170029,23.770491803278688,10,elevation,logKoD,0.0,sine
59,59,-0.3900264750822384,23.387096774193548,10,elevation,logKoD,0.0,sine
60,60,-0.3900136238068519,23.015873015873016,10,elevation,logKoD,0.0,sine
61,61,-0.3913119300419116,22.65625,10,elevation,logKoD,0.0,sine
62,62,-0.3990636229023971,22.307692307692307,10,elevation,logKoD,0.0,sine
63,63,-0.4058397648071141,21.96969696969697,10,elevation,logKoD,0.0,sine
64,64,-0.4213862882486497,21.64179104477612,10,elevation,logKoD,0.0,sine
65,65,-0.4374083088794837,21.323529411764707,10,elevation,logKoD,0.0,sine
66,66,-0.4457062218715215,21.014492753623188,10,elevation,logKoD,0.0,sine
67,67,-0.4430137568951757,20.714285714285715,10,elevation,logKoD,0.0,sine
68,68,-0.4559072695943544,20.422535211267604,10,elevation,logKoD,0.0,sine
69,69,-0.4756310305232848,20.13888888888889,10,elevation,logKoD,0.0,sine
70,70,-0.4125891400427142,19.863013698630137,10,elevation,logKoD,0.0,sine
71,71,-0.3941160455891308,19.594594594594597,10,elevation,logKoD,0.0,sine
72,72,-0.3813652884585761,19.33333333333333,10,elevation,logKoD,0.0,sine
73,73,-0.350693059452968,19.07894736842105,10,elevation,logKoD,0.0,sine
74,74,-0.3241312740448483,18.83116883116883,10,elevation,logKoD,0.0,sine
75,75,-0.2918397024852912,18.58974358974359,10,elevation,logKoD,0.0,sine
76,76,-0.2550887383666381,18.354430379746837,10,elevation,logKoD,0.0,sine
77,77,-0.2232550651160731,18.125,10,elevation,logKoD,0.0,sine
78,78,-0.1945164209969528,17.901234567901234,10,elevation,logKoD,0.0,sine
79,79,-0.1737728254180881,17.682926829268293,10,elevation,logKoD,0.0,sine
80,80,-0.1539909472565184,17.46987951807229,10,elevation,logKoD,0.0,sine
81,81,-0.1403631928999104,17.261904761904763,10,elevation,logKoD,0.0,sine
82,82,-0.1325298903479582,17.058823529411764,10,elevation,logKoD,0.0,sine
83,83,-0.1306013804874193,16.86046511627907,10,elevation,logKoD,0.0,sine
84,84,-0.126179641346653,16.666666666666668,10,elevation,logKoD,0.0,sine
85,85,-0.129326566711187,16.477272727272727,10,elevation,logKoD,0.0,sine
86,86,-0.1337285787349587,16.292134831460675,10,elevation,logKoD,0.0,sine
87,87,-0.1408398360628101,16.11111111111111,10,elevation,logKoD,0.0,sine
88,88,-0.1428691097450096,15.934065934065934,10,elevation,logKoD,0.0,sine
89,89,-0.1493094813845344,15.76086956521739,10,elevation,logKoD,0.0,sine
90,90,-0.1487005601259372,15.591397849462366,10,elevation,logKoD,0.0,sine
91,91,-0.1510489874561097,15.425531914893616,10,elevation,logKoD,0.0,sine
92,92,-0.14174212656335,15.263157894736842,10,elevation,logKoD,0.0,sine
93,93,-0.0474307911203595,15.104166666666666,10,elevation,logKoD,0.0,sine
94,94,-0.1546044524095209,14.948453608247425,10,elevation,logKoD,0.0,sine
95,95,-0.1383285986259904,14.79591836734694,10,elevation,logKoD,0.0,sine
96,96,-0.1465461297554201,14.646464646464649,10,elevation,logKoD,0.0,sine
0,0,0.0679937771953169,483.3333333333333,10,elevation,KoD,0.1,sine
1,1,0.0693434834549773,362.5,10,elevation,KoD,0.1,sine
2,2,0.0703127978102775,290.0,10,elevation,KoD,0.1,sine
3,3,0.0698457749473797,241.66666666666663,10,elevation,KoD,0.1,sine
4,4,0.067920727417816,207.14285714285717,10,elevation,KoD,0.1,sine
5,5,0.066558246359743,181.25,10,elevation,KoD,0.1,sine
6,6,0.0699811029281718,161.11111111111111,10,elevation,KoD,0.1,sine
7,7,0.0664778330356488,145.0,10,elevation,KoD,0.1,sine
8,8,0.065816149407305,131.8181818181818,10,elevation,KoD,0.1,sine
9,9,0.0672811853586811,120.83333333333331,10,elevation,KoD,0.1,sine
10,10,0.0691804456207514,111.53846153846152,10,elevation,KoD,0.1,sine
11,11,0.0635742104829655,103.57142857142856,10,elevation,KoD,0.1,sine
12,12,0.0672292203647396,96.66666666666669,10,elevation,KoD,0.1,sine
13,13,0.067250937522041,90.625,10,elevation,KoD,0.1,sine
14,14,0.0714322478778188,85.29411764705883,10,elevation,KoD,0.1,sine
15,15,0.0713133276613666,80.55555555555556,10,elevation,KoD,0.1,sine
16,16,0.066749813162384,76.3157894736842,10,elevation,KoD,0.1,sine
17,17,0.070202123917186,72.5,10,elevation,KoD,0.1,sine
18,18,0.0674662544150199,69.04761904761905,10,elevation,KoD,0.1,sine
19,19,0.0674999187675145,65.9090909090909,10,elevation,KoD,0.1,sine
20,20,0.0671240553382061,63.04347826086956,10,elevation,KoD,0.1,sine
21,21,0.0659135774047667,60.41666666666666,10,elevation,KoD,0.1,sine
22,22,0.066890879192164,58.0,10,elevation,KoD,0.1,sine
23,23,0.0653632382403281,55.76923076923077,10,elevation,KoD,0.1,sine
24,24,0.0654628986444227,53.7037037037037,10,elevation,KoD,0.1,sine
25,25,0.0662276719250727,51.785714285714285,10,elevation,KoD,0.1,sine
26,26,0.0690388872731588,50.0,10,elevation,KoD,0.1,sine
27,27,0.0656099743468114,48.333333333333336,10,elevation,KoD,0.1,sine
28,28,0.0644124324883094,46.774193548387096,10,elevation,KoD,0.1,sine
29,29,0.0662071558534693,45.3125,10,elevation,KoD,0.1,sine
30,30,0.0655236489648472,43.93939393939394,10,elevation,KoD,0.1,sine
31,31,0.0665070325748776,42.64705882352941,10,elevation,KoD,0.1,sine
32,32,0.0627041745610433,41.42857142857143,10,elevation,KoD,0.1,sine
33,33,0.0666881248916441,40.27777777777778,10,elevation,KoD,0.1,sine
34,34,0.0634694316712678,39.18918918918919,10,elevation,KoD,0.1,sine
35,35,0.0670265339701248,38.1578947368421,10,elevation,KoD,0.1,sine
36,36,0.065430151021648,37.17948717948718,10,elevation,KoD,0.1,sine
37,37,0.0633421293196445,36.25,10,elevation,KoD,0.1,sine
38,38,0.0612254725462491,35.36585365853659,10,elevation,KoD,0.1,sine
39,39,0.0636636934895208,34.523809523809526,10,elevation,KoD,0.1,sine
40,40,0.0608695522324692,33.72093023255814,10,elevation,KoD,0.1,sine
41,41,0.0639741889968521,32.95454545454545,10,elevation,KoD,0.1,sine
42,42,0.0616317620651986,32.22222222222222,10,elevation,KoD,0.1,sine
43,43,0.0655149357883884,31.52173913043478,10,elevation,KoD,0.1,sine
44,44,0.0665066972894707,30.851063829787236,10,elevation,KoD,0.1,sine
45,45,0.0658219723386745,30.20833333333333,10,elevation,KoD,0.1,sine
46,46,0.0675367704534336,29.59183673469388,10,elevation,KoD,0.1,sine
47,47,0.0674403907533832,29.0,10,elevation,KoD,0.1,sine
48,48,0.0663719804618253,28.431372549019606,10,elevation,KoD,0.1,sine
49,49,0.0660095326929097,27.884615384615383,10,elevation,KoD,0.1,sine
50,50,0.0661502889019974,27.358490566037737,10,elevation,KoD,0.1,sine
51,51,0.0682028849420906,26.85185185185185,10,elevation,KoD,0.1,sine
52,52,0.0686373554116911,26.363636363636363,10,elevation,KoD,0.1,sine
53,53,0.0674317582151868,25.892857142857142,10,elevation,KoD,0.1,sine
54,54,0.0668688904112419,25.43859649122807,10,elevation,KoD,0.1,sine
55,55,0.0678137713730333,25.0,10,elevation,KoD,0.1,sine
56,56,0.0654142016221681,24.57627118644068,10,elevation,KoD,0.1,sine
57,57,0.0675094043736448,24.166666666666668,10,elevation,KoD,0.1,sine
58,58,0.0668620234265802,23.770491803278688,10,elevation,KoD,0.1,sine
59,59,0.0680304930694257,23.387096774193548,10,elevation,KoD,0.1,sine
60,60,0.0677093745320522,23.015873015873016,10,elevation,KoD,0.1,sine
61,61,0.0640794007086954,22.65625,10,elevation,KoD,0.1,sine
62,62,0.0638338826643863,22.307692307692307,10,elevation,KoD,0.1,sine
63,63,0.0701450065626888,21.96969696969697,10,elevation,KoD,0.1,sine
64,64,0.0641998785168477,21.64179104477612,10,elevation,KoD,0.1,sine
65,65,0.0717860121791091,21.323529411764707,10,elevation,KoD,0.1,sine
66,66,0.0707409700071724,21.014492753623188,10,elevation,KoD,0.1,sine
67,67,0.0652438851237304,20.714285714285715,10,elevation,KoD,0.1,sine
68,68,0.0604770815652245,20.422535211267604,10,elevation,KoD,0.1,sine
69,69,0.0686141994980237,20.13888888888889,10,elevation,KoD,0.1,sine
70,70,0.0683341385685716,19.863013698630137,10,elevation,KoD,0.1,sine
71,71,0.0733950744333193,19.594594594594597,10,elevation,KoD,0.1,sine
72,72,0.06228493199068,19.33333333333333,10,elevation,KoD,0.1,sine
73,73,0.0598942154722031,19.07894736842105,10,elevation,KoD,0.1,sine
74,74,0.0640638757211229,18.83116883116883,10,elevation,KoD,0.1,sine
75,75,0.0644660017592609,18.58974358974359,10,elevation,KoD,0.1,sine
76,76,0.0675210290157883,18.354430379746837,10,elevation,KoD,0.1,sine
77,77,0.0666730667571697,18.125,10,elevation,KoD,0.1,sine
78,78,0.0681437898281048,17.901234567901234,10,elevation,KoD,0.1,sine
79,79,0.0690410305532912,17.682926829268293,10,elevation,KoD,0.1,sine
80,80,0.0703470690717997,17.46987951807229,10,elevation,KoD,0.1,sine
81,81,0.069599879176473,17.261904761904763,10,elevation,KoD,0.1,sine
82,82,0.0701545728070815,17.058823529411764,10,elevation,KoD,0.1,sine
83,83,0.0713381302932348,16.86046511627907,10,elevation,KoD,0.1,sine
84,84,0.0702267143431005,16.666666666666668,10,elevation,KoD,0.1,sine
85,85,0.0700675683660654,16.477272727272727,10,elevation,KoD,0.1,sine
86,86,0.0702802411728612,16.292134831460675,10,elevation,KoD,0.1,sine
87,87,0.0700406648952556,16.11111111111111,10,elevation,KoD,0.1,sine
88,88,0.0698894893738414,15.934065934065934,10,elevation,KoD,0.1,sine
89,89,0.0700684999502022,15.76086956521739,10,elevation,KoD,0.1,sine
90,90,0.0692556344342656,15.591397849462366,10,elevation,KoD,0.1,sine
91,91,0.0713295019991575,15.425531914893616,10,elevation,KoD,0.1,sine
92,92,0.0690221611998883,15.263157894736842,10,elevation,KoD,0.1,sine
93,93,0.0699012243630809,15.104166666666666,10,elevation,KoD,0.1,sine
94,94,0.0714754317893963,14.948453608247425,10,elevation,KoD,0.1,sine
95,95,0.0671024018426908,14.79591836734694,10,elevation,KoD,0.1,sine
96,96,0.0678608216770872,14.646464646464649,10,elevation,KoD,0.1,sine
0,0,-1.3691580662956275,483.3333333333333,0,curvature,logKoD,0.1,sine
1,1,-1.3695583794311523,362.5,0,curvature,logKoD,0.1,sine
2,2,-1.3697530312328654,290.0,0,curvature,logKoD,0.1,sine
3,3,-1.3731916273427545,241.66666666666663,0,curvature,logKoD,0.1,sine
4,4,-1.3801897197774735,207.14285714285717,0,curvature,logKoD,0.1,sine
5,5,-1.3878843185960354,181.25,0,curvature,logKoD,0.1,sine
6,6,-1.3960016179629764,161.11111111111111,0,curvature,logKoD,0.1,sine
7,7,-1.4043909223497213,145.0,0,curvature,logKoD,0.1,sine
8,8,-1.412646904986239,131.8181818181818,0,curvature,logKoD,0.1,sine
9,9,-1.421326263477008,120.83333333333331,0,curvature,logKoD,0.1,sine
10,10,-1.4300382208239724,111.53846153846152,0,curvature,logKoD,0.1,sine
11,11,-1.4411995534970987,103.57142857142856,0,curvature,logKoD,0.1,sine
12,12,-1.4520594746492586,96.66666666666669,0,curvature,logKoD,0.1,sine
13,13,-1.4632215440197,90.625,0,curvature,logKoD,0.1,sine
14,14,-1.476359722082765,85.29411764705883,0,curvature,logKoD,0.1,sine
15,15,-1.492540132636355,80.55555555555556,0,curvature,logKoD,0.1,sine
16,16,-1.5003647994586686,76.3157894736842,0,curvature,logKoD,0.1,sine
17,17,-1.5090884825712323,72.5,0,curvature,logKoD,0.1,sine
18,18,-1.5193277157715672,69.04761904761905,0,curvature,logKoD,0.1,sine
19,19,-1.52893207959676,65.9090909090909,0,curvature,logKoD,0.1,sine
20,20,-1.5388144648031634,63.04347826086956,0,curvature,logKoD,0.1,sine
21,21,-1.5398252953748015,60.41666666666666,0,curvature,logKoD,0.1,sine
22,22,-1.5554888718341882,58.0,0,curvature,logKoD,0.1,sine
23,23,-1.566317585669526,55.76923076923077,0,curvature,logKoD,0.1,sine
24,24,-1.5762264919792746,53.7037037037037,0,curvature,logKoD,0.1,sine
25,25,-1.585706435813465,51.785714285714285,0,curvature,logKoD,0.1,sine
26,26,-1.593735495213103,50.0,0,curvature,logKoD,0.1,sine
27,27,-1.5986908897034358,48.333333333333336,0,curvature,logKoD,0.1,sine
28,28,-1.6002515011103162,46.774193548387096,0,curvature,logKoD,0.1,sine
29,29,-1.603762314020904,45.3125,0,curvature,logKoD,0.1,sine
30,30,-1.5957718493750537,43.93939393939394,0,curvature,logKoD,0.1,sine
31,31,-1.5864968711049885,42.64705882352941,0,curvature,logKoD,0.1,sine
32,32,-1.5807080673130822,41.42857142857143,0,curvature,logKoD,0.1,sine
33,33,-1.5346185643171182,40.27777777777778,0,curvature,logKoD,0.1,sine
34,34,-1.5570354450644524,39.18918918918919,0,curvature,logKoD,0.1,sine
35,35,-1.5395538224141705,38.1578947368421,0,curvature,logKoD,0.1,sine
36,36,-1.5363510308365709,37.17948717948718,0,curvature,logKoD,0.1,sine
37,37,-1.520551451867283,36.25,0,curvature,logKoD,0.1,sine
38,38,-1.4970808483935174,35.36585365853659,0,curvature,logKoD,0.1,sine
39,39,-1.4531068331294394,34.523809523809526,0,curvature,logKoD,0.1,sine
40,40,-1.4003540666284904,33.72093023255814,0,curvature,logKoD,0.1,sine
41,41,-1.3469290433636558,32.95454545454545,0,curvature,logKoD,0.1,sine
42,42,-1.2791701618294598,32.22222222222222,0,curvature,logKoD,0.1,sine
43,43,-1.213912838347915,31.52173913043478,0,curvature,logKoD,0.1,sine
44,44,-1.1525979249686085,30.851063829787236,0,curvature,logKoD,0.1,sine
45,45,-1.234452685959606,30.20833333333333,0,curvature,logKoD,0.1,sine
46,46,-1.0242896608846146,29.59183673469388,0,curvature,logKoD,0.1,sine
47,47,-0.9756530473853462,29.0,0,curvature,logKoD,0.1,sine
48,48,-0.9196399143652376,28.431372549019606,0,curvature,logKoD,0.1,sine
49,49,-0.8558207468257447,27.884615384615383,0,curvature,logKoD,0.1,sine
50,50,-0.7888722937296526,27.358490566037737,0,curvature,logKoD,0.1,sine
51,51,-0.7628747570734922,26.85185185185185,0,curvature,logKoD,0.1,sine
52,52,-0.6393348328691802,26.363636363636363,0,curvature,logKoD,0.1,sine
53,53,-0.5856768700060593,25.892857142857142,0,curvature,logKoD,0.1,sine
54,54,-0.5473331253644309,25.43859649122807,0,curvature,logKoD,0.1,sine
55,55,-0.5103638532747228,25.0,0,curvature,logKoD,0.1,sine
56,56,-0.478191667607848,24.57627118644068,0,curvature,logKoD,0.1,sine
57,57,-0.4527444233822877,24.166666666666668,0,curvature,logKoD,0.1,sine
58,58,-0.4263946840180442,23.770491803278688,0,curvature,logKoD,0.1,sine
59,59,-0.4019045733153735,23.387096774193548,0,curvature,logKoD,0.1,sine
60,60,-0.3759146287343219,23.015873015873016,0,curvature,logKoD,0.1,sine
61,61,-0.3550146077588744,22.65625,0,curvature,logKoD,0.1,sine
62,62,-0.3378383461457204,22.307692307692307,0,curvature,logKoD,0.1,sine
63,63,-0.3154164722276947,21.96969696969697,0,curvature,logKoD,0.1,sine
64,64,-0.301493629668742,21.64179104477612,0,curvature,logKoD,0.1,sine
65,65,-0.2890621898966746,21.323529411764707,0,curvature,logKoD,0.1,sine
66,66,-0.2827572887078796,21.014492753623188,0,curvature,logKoD,0.1,sine
67,67,-0.2757863312909349,20.714285714285715,0,curvature,logKoD,0.1,sine
68,68,-0.2625219324212086,20.422535211267604,0,curvature,logKoD,0.1,sine
69,69,-0.232156005788187,20.13888888888889,0,curvature,logKoD,0.1,sine
70,70,-0.2517369292932363,19.863013698630137,0,curvature,logKoD,0.1,sine
71,71,-0.2265440093519158,19.594594594594597,0,curvature,logKoD,0.1,sine
72,72,-0.2157995245762766,19.33333333333333,0,curvature,logKoD,0.1,sine
73,73,-0.2127270056405724,19.07894736842105,0,curvature,logKoD,0.1,sine
74,74,-0.2158242448639626,18.83116883116883,0,curvature,logKoD,0.1,sine
75,75,-0.2215362684245793,18.58974358974359,0,curvature,logKoD,0.1,sine
76,76,-0.2270577329463446,18.354430379746837,0,curvature,logKoD,0.1,sine
77,77,-0.2335775041853908,18.125,0,curvature,logKoD,0.1,sine
78,78,-0.2466236769393193,17.901234567901234,0,curvature,logKoD,0.1,sine
79,79,-0.2585994284943399,17.682926829268293,0,curvature,logKoD,0.1,sine
80,80,-0.2713848103987065,17.46987951807229,0,curvature,logKoD,0.1,sine
81,81,-0.2923458135407968,17.261904761904763,0,curvature,logKoD,0.1,sine
82,82,-0.3337303582059493,17.058823529411764,0,curvature,logKoD,0.1,sine
83,83,-0.3825022579816187,16.86046511627907,0,curvature,logKoD,0.1,sine
84,84,-0.4341329935439711,16.666666666666668,0,curvature,logKoD,0.1,sine
85,85,-0.4780521043942564,16.477272727272727,0,curvature,logKoD,0.1,sine
86,86,-0.541753461754769,16.292134831460675,0,curvature,logKoD,0.1,sine
87,87,-0.6172483199400607,16.11111111111111,0,curvature,logKoD,0.1,sine
88,88,-0.7069740829449223,15.934065934065934,0,curvature,logKoD,0.1,sine
89,89,-0.7957682512671524,15.76086956521739,0,curvature,logKoD,0.1,sine
90,90,-0.8933139334894078,15.591397849462366,0,curvature,logKoD,0.1,sine
91,91,-0.986476430397056,15.425531914893616,0,curvature,logKoD,0.1,sine
92,92,-1.065936193532466,15.263157894736842,0,curvature,logKoD,0.1,sine
93,93,-1.1160396850562848,15.104166666666666,0,curvature,logKoD,0.1,sine
94,94,-1.2799361223990688,14.948453608247425,0,curvature,logKoD,0.1,sine
95,95,-1.3487949953438505,14.79591836734694,0,curvature,logKoD,0.1,sine
96,96,-1.4172970816861432,14.646464646464649,0,curvature,logKoD,0.1,sine
0,0,-1.5629023387717642,483.3333333333333,20,elevation,logKoD,0.0,sine
1,1,-1.467629449621993,362.5,20,elevation,logKoD,0.0,sine
2,2,-1.3349268116329185,290.0,20,elevation,logKoD,0.0,sine
3,3,-1.2801374863318755,241.66666666666663,20,elevation,logKoD,0.0,sine
4,4,-1.1680999907735563,207.14285714285717,20,elevation,logKoD,0.0,sine
5,5,-1.0509349744667926,181.25,20,elevation,logKoD,0.0,sine
6,6,-0.8950736373457067,161.11111111111111,20,elevation,logKoD,0.0,sine
7,7,-0.8134349486540509,145.0,20,elevation,logKoD,0.0,sine
8,8,-0.723719867760259,131.8181818181818,20,elevation,logKoD,0.0,sine
9,9,-0.6184511829451804,120.83333333333331,20,elevation,logKoD,0.0,sine
10,10,-0.5063718951620874,111.53846153846152,20,elevation,logKoD,0.0,sine
11,11,-0.3882698612619003,103.57142857142856,20,elevation,logKoD,0.0,sine
12,12,-0.2629657516259557,96.66666666666669,20,elevation,logKoD,0.0,sine
13,13,-0.1469784073688965,90.625,20,elevation,logKoD,0.0,sine
14,14,-0.0620613542333963,85.29411764705883,20,elevation,logKoD,0.0,sine
15,15,0.0474049091005008,80.55555555555556,20,elevation,logKoD,0.0,sine
16,16,0.0984985513924829,76.3157894736842,20,elevation,logKoD,0.0,sine
17,17,0.160094959885479,72.5,20,elevation,logKoD,0.0,sine
18,18,0.2082479520611682,69.04761904761905,20,elevation,logKoD,0.0,sine
19,19,0.2492001372575869,65.9090909090909,20,elevation,logKoD,0.0,sine
20,20,0.2971991596944106,63.04347826086956,20,elevation,logKoD,0.0,sine
21,21,0.2572026346262512,60.41666666666666,20,elevation,logKoD,0.0,sine
22,22,0.3860209541659587,58.0,20,elevation,logKoD,0.0,sine
23,23,0.4437524848331822,55.76923076923077,20,elevation,logKoD,0.0,sine
24,24,0.4999140316665711,53.7037037037037,20,elevation,logKoD,0.0,sine
25,25,0.5622874102612749,51.785714285714285,20,elevation,logKoD,0.0,sine
26,26,0.6273322170312141,50.0,20,elevation,logKoD,0.0,sine
27,27,0.683413382001995,48.333333333333336,20,elevation,logKoD,0.0,sine
28,28,0.7366689034929028,46.774193548387096,20,elevation,logKoD,0.0,sine
29,29,0.809274025531904,45.3125,20,elevation,logKoD,0.0,sine
30,30,0.8699955650355351,43.93939393939394,20,elevation,logKoD,0.0,sine
31,31,0.9505820657868328,42.64705882352941,20,elevation,logKoD,0.0,sine
32,32,1.0201443004932502,41.42857142857143,20,elevation,logKoD,0.0,sine
33,33,1.0465239579540142,40.27777777777778,20,elevation,logKoD,0.0,sine
34,34,1.137140183374745,39.18918918918919,20,elevation,logKoD,0.0,sine
35,35,1.172403264482574,38.1578947368421,20,elevation,logKoD,0.0,sine
36,36,1.1857829974097494,37.17948717948718,20,elevation,logKoD,0.0,sine
37,37,1.2001279675302807,36.25,20,elevation,logKoD,0.0,sine
38,38,1.2111388093129742,35.36585365853659,20,elevation,logKoD,0.0,sine
39,39,1.2413784332840765,34.523809523809526,20,elevation,logKoD,0.0,sine
40,40,1.276022361226154,33.72093023255814,20,elevation,logKoD,0.0,sine
41,41,1.3069109336766431,32.95454545454545,20,elevation,logKoD,0.0,sine
42,42,1.3218624512533117,32.22222222222222,20,elevation,logKoD,0.0,sine
43,43,1.326615622330637,31.52173913043478,20,elevation,logKoD,0.0,sine
44,44,1.3062608392236548,30.851063829787236,20,elevation,logKoD,0.0,sine
45,45,1.7531271877767325,30.20833333333333,20,elevation,logKoD,0.0,sine
46,46,1.2891250959628338,29.59183673469388,20,elevation,logKoD,0.0,sine
47,47,1.339832954427451,29.0,20,elevation,logKoD,0.0,sine
48,48,1.337408729129076,28.431372549019606,20,elevation,logKoD,0.0,sine
49,49,1.3485593796911324,27.884615384615383,20,elevation,logKoD,0.0,sine
50,50,1.3699249115144954,27.358490566037737,20,elevation,logKoD,0.0,sine
51,51,1.4390474197790273,26.85185185185185,20,elevation,logKoD,0.0,sine
52,52,1.4180301002199571,26.363636363636363,20,elevation,logKoD,0.0,sine
53,53,1.4364463871250173,25.892857142857142,20,elevation,logKoD,0.0,sine
54,54,1.4474935726419245,25.43859649122807,20,elevation,logKoD,0.0,sine
55,55,1.4320070491039447,25.0,20,elevation,logKoD,0.0,sine
56,56,1.476291234401513,24.57627118644068,20,elevation,logKoD,0.0,sine
57,57,1.4932707978315232,24.166666666666668,20,elevation,logKoD,0.0,sine
58,58,1.5006541420344357,23.770491803278688,20,elevation,logKoD,0.0,sine
59,59,1.5235708309824678,23.387096774193548,20,elevation,logKoD,0.0,sine
60,60,1.5510958072025132,23.015873015873016,20,elevation,logKoD,0.0,sine
61,61,1.5650521285616763,22.65625,20,elevation,logKoD,0.0,sine
62,62,1.5796921050292954,22.307692307692307,20,elevation,logKoD,0.0,sine
63,63,1.582637093474222,21.96969696969697,20,elevation,logKoD,0.0,sine
64,64,1.6068965360619945,21.64179104477612,20,elevation,logKoD,0.0,sine
65,65,1.632899495628947,21.323529411764707,20,elevation,logKoD,0.0,sine
66,66,1.6725973308634432,21.014492753623188,20,elevation,logKoD,0.0,sine
67,67,1.680540892446896,20.714285714285715,20,elevation,logKoD,0.0,sine
68,68,1.625762863171352,20.422535211267604,20,elevation,logKoD,0.0,sine
69,69,1.1832340246993425,20.13888888888889,20,elevation,logKoD,0.0,sine
70,70,1.75002585579048,19.863013698630137,20,elevation,logKoD,0.0,sine
71,71,1.6800039219594114,19.594594594594597,20,elevation,logKoD,0.0,sine
72,72,1.6259010348455705,19.33333333333333,20,elevation,logKoD,0.0,sine
73,73,1.609542916528515,19.07894736842105,20,elevation,logKoD,0.0,sine
74,74,1.5806155960414603,18.83116883116883,20,elevation,logKoD,0.0,sine
75,75,1.565628225862121,18.58974358974359,20,elevation,logKoD,0.0,sine
76,76,1.5570792627961323,18.354430379746837,20,elevation,logKoD,0.0,sine
77,77,1.5383090337587733,18.125,20,elevation,logKoD,0.0,sine
78,78,1.5194242073612805,17.901234567901234,20,elevation,logKoD,0.0,sine
79,79,1.4902842269159196,17.682926829268293,20,elevation,logKoD,0.0,sine
80,80,1.4677186970214404,17.46987951807229,20,elevation,logKoD,0.0,sine
81,81,1.4498099127112594,17.261904761904763,20,elevation,logKoD,0.0,sine
82,82,1.4319662851858397,17.058823529411764,20,elevation,logKoD,0.0,sine
83,83,1.4188072340321791,16.86046511627907,20,elevation,logKoD,0.0,sine
84,84,1.4206882678435202,16.666666666666668,20,elevation,logKoD,0.0,sine
85,85,1.450064155140242,16.477272727272727,20,elevation,logKoD,0.0,sine
86,86,1.4561126038081087,16.292134831460675,20,elevation,logKoD,0.0,sine
87,87,1.4477208028360182,16.11111111111111,20,elevation,logKoD,0.0,sine
88,88,1.473042890373261,15.934065934065934,20,elevation,logKoD,0.0,sine
89,89,1.4673146594717112,15.76086956521739,20,elevation,logKoD,0.0,sine
90,90,1.4582220137871449,15.591397849462366,20,elevation,logKoD,0.0,sine
91,91,1.4722580621668582,15.425531914893616,20,elevation,logKoD,0.0,sine
92,92,1.42147080410272,15.263157894736842,20,elevation,logKoD,0.0,sine
93,93,1.2260338467621483,15.104166666666666,20,elevation,logKoD,0.0,sine
94,94,1.4345646984716185,14.948453608247425,20,elevation,logKoD,0.0,sine
95,95,1.4069329829961343,14.79591836734694,20,elevation,logKoD,0.0,sine
96,96,1.4095148615199509,14.646464646464649,20,elevation,logKoD,0.0,sine
0,0,1.2363549509782927,483.3333333333333,20,curvature,logDoK,0.0,sine
1,1,1.2368919726253131,362.5,20,curvature,logDoK,0.0,sine
2,2,1.2371987252018144,290.0,20,curvature,logDoK,0.0,sine
3,3,1.2386887876088624,241.66666666666663,20,curvature,logDoK,0.0,sine
4,4,1.2418481345086825,207.14285714285717,20,curvature,logDoK,0.0,sine
5,5,1.2457704644931291,181.25,20,curvature,logDoK,0.0,sine
6,6,1.2478269038888248,161.11111111111111,20,curvature,logDoK,0.0,sine
7,7,1.2519447553870933,145.0,20,curvature,logDoK,0.0,sine
8,8,1.255775069830497,131.8181818181818,20,curvature,logDoK,0.0,sine
9,9,1.2604410036674198,120.83333333333331,20,curvature,logDoK,0.0,sine
10,10,1.264793002129019,111.53846153846152,20,curvature,logDoK,0.0,sine
11,11,1.270500237157087,103.57142857142856,20,curvature,logDoK,0.0,sine
12,12,1.2763117762466916,96.66666666666669,20,curvature,logDoK,0.0,sine
13,13,1.2807896067024804,90.625,20,curvature,logDoK,0.0,sine
14,14,1.2855899673356033,85.29411764705883,20,curvature,logDoK,0.0,sine
15,15,1.294881112018973,80.55555555555556,20,curvature,logDoK,0.0,sine
16,16,1.2933500912875842,76.3157894736842,20,curvature,logDoK,0.0,sine
17,17,1.294468684305377,72.5,20,curvature,logDoK,0.0,sine
18,18,1.2954461588596904,69.04761904761905,20,curvature,logDoK,0.0,sine
19,19,1.2981248312251914,65.9090909090909,20,curvature,logDoK,0.0,sine
20,20,1.2962731834511996,63.04347826086956,20,curvature,logDoK,0.0,sine
21,21,1.3193996060320912,60.41666666666666,20,curvature,logDoK,0.0,sine
22,22,1.3071188617885998,58.0,20,curvature,logDoK,0.0,sine
23,23,1.310432956052229,55.76923076923077,20,curvature,logDoK,0.0,sine
24,24,1.3123282531421434,53.7037037037037,20,curvature,logDoK,0.0,sine
25,25,1.3130959326721547,51.785714285714285,20,curvature,logDoK,0.0,sine
26,26,1.3135393426006157,50.0,20,curvature,logDoK,0.0,sine
27,27,1.3083661312707715,48.333333333333336,20,curvature,logDoK,0.0,sine
28,28,1.3000910354316888,46.774193548387096,20,curvature,logDoK,0.0,sine
29,29,1.2830335048691592,45.3125,20,curvature,logDoK,0.0,sine
30,30,1.266367794959216,43.93939393939394,20,curvature,logDoK,0.0,sine
31,31,1.234491147698601,42.64705882352941,20,curvature,logDoK,0.0,sine
32,32,1.196611133553043,41.42857142857143,20,curvature,logDoK,0.0,sine
33,33,1.0912702677489408,40.27777777777778,20,curvature,logDoK,0.0,sine
34,34,1.1022919348894038,39.18918918918919,20,curvature,logDoK,0.0,sine
35,35,1.0432481518976688,38.1578947368421,20,curvature,logDoK,0.0,sine
36,36,0.9855487033753294,37.17948717948718,20,curvature,logDoK,0.0,sine
37,37,0.9311581973513668,36.25,20,curvature,logDoK,0.0,sine
38,38,0.8714045348731381,35.36585365853659,20,curvature,logDoK,0.0,sine
39,39,0.818854544308183,34.523809523809526,20,curvature,logDoK,0.0,sine
40,40,0.7649215887083693,33.72093023255814,20,curvature,logDoK,0.0,sine
41,41,0.7235187084655954,32.95454545454545,20,curvature,logDoK,0.0,sine
42,42,0.6868032695285838,32.22222222222222,20,curvature,logDoK,0.0,sine
43,43,0.6698325055387271,31.52173913043478,20,curvature,logDoK,0.0,sine
44,44,0.6514345951389173,30.851063829787236,20,curvature,logDoK,0.0,sine
45,45,0.6328611052123307,30.20833333333333,20,curvature,logDoK,0.0,sine
46,46,0.6178001880843627,29.59183673469388,20,curvature,logDoK,0.0,sine
47,47,0.6008119479970855,29.0,20,curvature,logDoK,0.0,sine
48,48,0.5869596646698723,28.431372549019606,20,curvature,logDoK,0.0,sine
49,49,0.5765563526064031,27.884615384615383,20,curvature,logDoK,0.0,sine
50,50,0.5656770931497207,27.358490566037737,20,curvature,logDoK,0.0,sine
51,51,0.58173304278468,26.85185185185185,20,curvature,logDoK,0.0,sine
52,52,0.5381199068859522,26.363636363636363,20,curvature,logDoK,0.0,sine
53,53,0.5352711392959095,25.892857142857142,20,curvature,logDoK,0.0,sine
54,54,0.5310467531803452,25.43859649122807,20,curvature,logDoK,0.0,sine
55,55,0.5253797909388385,25.0,20,curvature,logDoK,0.0,sine
56,56,0.5300513523246966,24.57627118644068,20,curvature,logDoK,0.0,sine
57,57,0.5395504912167094,24.166666666666668,20,curvature,logDoK,0.0,sine
58,58,0.5477493184198601,23.770491803278688,20,curvature,logDoK,0.0,sine
59,59,0.5599784529236626,23.387096774193548,20,curvature,logDoK,0.0,sine
60,60,0.575619028055765,23.015873015873016,20,curvature,logDoK,0.0,sine
61,61,0.572845117098467,22.65625,20,curvature,logDoK,0.0,sine
62,62,0.5875534427058804,22.307692307692307,20,curvature,logDoK,0.0,sine
63,63,0.5993791535743829,21.96969696969697,20,curvature,logDoK,0.0,sine
64,64,0.6178145127543794,21.64179104477612,20,curvature,logDoK,0.0,sine
65,65,0.6299279039244465,21.323529411764707,20,curvature,logDoK,0.0,sine
66,66,0.6445086171858252,21.014492753623188,20,curvature,logDoK,0.0,sine
67,67,0.7005937112089533,20.714285714285715,20,curvature,logDoK,0.0,sine
68,68,0.7357101486234395,20.422535211267604,20,curvature,logDoK,0.0,sine
69,69,0.8720259799860928,20.13888888888889,20,curvature,logDoK,0.0,sine
70,70,0.724553031496061,19.863013698630137,20,curvature,logDoK,0.0,sine
71,71,0.7231244116914776,19.594594594594597,20,curvature,logDoK,0.0,sine
72,72,0.7174320333925982,19.33333333333333,20,curvature,logDoK,0.0,sine
73,73,0.7005301506017076,19.07894736842105,20,curvature,logDoK,0.0,sine
74,74,0.7009843244964955,18.83116883116883,20,curvature,logDoK,0.0,sine
75,75,0.6909480923341123,18.58974358974359,20,curvature,logDoK,0.0,sine
76,76,0.6873155197283823,18.354430379746837,20,curvature,logDoK,0.0,sine
77,77,0.6817223090736474,18.125,20,curvature,logDoK,0.0,sine
78,78,0.6683837084132345,17.901234567901234,20,curvature,logDoK,0.0,sine
79,79,0.6504251561066521,17.682926829268293,20,curvature,logDoK,0.0,sine
80,80,0.6383073038250654,17.46987951807229,20,curvature,logDoK,0.0,sine
81,81,0.6226591980092969,17.261904761904763,20,curvature,logDoK,0.0,sine
82,82,0.6140832636360485,17.058823529411764,20,curvature,logDoK,0.0,sine
83,83,0.6066079141240002,16.86046511627907,20,curvature,logDoK,0.0,sine
84,84,0.5972753916080963,16.666666666666668,20,curvature,logDoK,0.0,sine
85,85,0.5893209432754312,16.477272727272727,20,curvature,logDoK,0.0,sine
86,86,0.5831793433248269,16.292134831460675,20,curvature,logDoK,0.0,sine
87,87,0.5747363009617051,16.11111111111111,20,curvature,logDoK,0.0,sine
88,88,0.5593581537843092,15.934065934065934,20,curvature,logDoK,0.0,sine
89,89,0.5561229475248436,15.76086956521739,20,curvature,logDoK,0.0,sine
90,90,0.5493506528172167,15.591397849462366,20,curvature,logDoK,0.0,sine
91,91,0.5430364201290965,15.425531914893616,20,curvature,logDoK,0.0,sine
92,92,0.5447654078001166,15.263157894736842,20,curvature,logDoK,0.0,sine
93,93,0.5408747046406851,15.104166666666666,20,curvature,logDoK,0.0,sine
94,94,0.5603058739526166,14.948453608247425,20,curvature,logDoK,0.0,sine
95,95,0.5616361855932566,14.79591836734694,20,curvature,logDoK,0.0,sine
96,96,0.5635120625233911,14.646464646464649,20,curvature,logDoK,0.0,sine
0,0,1.3459878102244849,483.3333333333333,10,curvature,logDoK,0.1,sine
1,1,1.3462562545405985,362.5,10,curvature,logDoK,0.1,sine
2,2,1.3470097731111073,290.0,10,curvature,logDoK,0.1,sine
3,3,1.3485890475166382,241.66666666666663,10,curvature,logDoK,0.1,sine
4,4,1.350714316951764,207.14285714285717,10,curvature,logDoK,0.1,sine
5,5,1.3534114476777723,181.25,10,curvature,logDoK,0.1,sine
6,6,1.355872569233348,161.11111111111111,10,curvature,logDoK,0.1,sine
7,7,1.3590250812191884,145.0,10,curvature,logDoK,0.1,sine
8,8,1.3630936763164134,131.8181818181818,10,curvature,logDoK,0.1,sine
9,9,1.367106712157788,120.83333333333331,10,curvature,logDoK,0.1,sine
10,10,1.3710408190673702,111.53846153846152,10,curvature,logDoK,0.1,sine
11,11,1.3751964263030398,103.57142857142856,10,curvature,logDoK,0.1,sine
12,12,1.3797206482258686,96.66666666666669,10,curvature,logDoK,0.1,sine
13,13,1.3847506333193598,90.625,10,curvature,logDoK,0.1,sine
14,14,1.3898236947419726,85.29411764705883,10,curvature,logDoK,0.1,sine
15,15,1.39233159657706,80.55555555555556,10,curvature,logDoK,0.1,sine
16,16,1.3998075600035376,76.3157894736842,10,curvature,logDoK,0.1,sine
17,17,1.4062603736421626,72.5,10,curvature,logDoK,0.1,sine
18,18,1.411560501548355,69.04761904761905,10,curvature,logDoK,0.1,sine
19,19,1.4172289371844922,65.9090909090909,10,curvature,logDoK,0.1,sine
20,20,1.422117251291518,63.04347826086956,10,curvature,logDoK,0.1,sine
21,21,1.4222731855565571,60.41666666666666,10,curvature,logDoK,0.1,sine
22,22,1.431661819851298,58.0,10,curvature,logDoK,0.1,sine
23,23,1.4342497965917789,55.76923076923077,10,curvature,logDoK,0.1,sine
24,24,1.4344242710725827,53.7037037037037,10,curvature,logDoK,0.1,sine
25,25,1.4360626040462112,51.785714285714285,10,curvature,logDoK,0.1,sine
26,26,1.435151964309433,50.0,10,curvature,logDoK,0.1,sine
27,27,1.433844531213191,48.333333333333336,10,curvature,logDoK,0.1,sine
28,28,1.4313804424045409,46.774193548387096,10,curvature,logDoK,0.1,sine
29,29,1.425861474468121,45.3125,10,curvature,logDoK,0.1,sine
30,30,1.424357015767706,43.93939393939394,10,curvature,logDoK,0.1,sine
31,31,1.416897464320305,42.64705882352941,10,curvature,logDoK,0.1,sine
32,32,1.406925038330939,41.42857142857143,10,curvature,logDoK,0.1,sine
33,33,1.4167522940215924,40.27777777777778,10,curvature,logDoK,0.1,sine
34,34,1.375464850155339,39.18918918918919,10,curvature,logDoK,0.1,sine
35,35,1.358395061768038,38.1578947368421,10,curvature,logDoK,0.1,sine
36,36,1.3396442119628302,37.17948717948718,10,curvature,logDoK,0.1,sine
37,37,1.319016257398629,36.25,10,curvature,logDoK,0.1,sine
38,38,1.2985367882710586,35.36585365853659,10,curvature,logDoK,0.1,sine
39,39,1.2769318502840874,34.523809523809526,10,curvature,logDoK,0.1,sine
40,40,1.2382929560486713,33.72093023255814,10,curvature,logDoK,0.1,sine
41,41,1.2039709034418704,32.95454545454545,10,curvature,logDoK,0.1,sine
42,42,1.1625924876891036,32.22222222222222,10,curvature,logDoK,0.1,sine
43,43,1.127587393888276,31.52173913043478,10,curvature,logDoK,0.1,sine
44,44,1.099760238754228,30.851063829787236,10,curvature,logDoK,0.1,sine
45,45,1.039484851330175,30.20833333333333,10,curvature,logDoK,0.1,sine
46,46,1.023418117265075,29.59183673469388,10,curvature,logDoK,0.1,sine
47,47,0.9930134117039366,29.0,10,curvature,logDoK,0.1,sine
48,48,0.9470407980153092,28.431372549019606,10,curvature,logDoK,0.1,sine
49,49,0.9047888536530148,27.884615384615383,10,curvature,logDoK,0.1,sine
50,50,0.8656371362309996,27.358490566037737,10,curvature,logDoK,0.1,sine
51,51,0.8112312209548619,26.85185185185185,10,curvature,logDoK,0.1,sine
52,52,0.8090325887454359,26.363636363636363,10,curvature,logDoK,0.1,sine
53,53,0.7890678050115667,25.892857142857142,10,curvature,logDoK,0.1,sine
54,54,0.7678306836229968,25.43859649122807,10,curvature,logDoK,0.1,sine
55,55,0.7313891733043338,25.0,10,curvature,logDoK,0.1,sine
56,56,0.7178222374038541,24.57627118644068,10,curvature,logDoK,0.1,sine
57,57,0.70030717688099,24.166666666666668,10,curvature,logDoK,0.1,sine
58,58,0.6772231757871622,23.770491803278688,10,curvature,logDoK,0.1,sine
59,59,0.6495557714195221,23.387096774193548,10,curvature,logDoK,0.1,sine
60,60,0.6146929625195894,23.015873015873016,10,curvature,logDoK,0.1,sine
61,61,0.573611200450962,22.65625,10,curvature,logDoK,0.1,sine
62,62,0.5397342562692098,22.307692307692307,10,curvature,logDoK,0.1,sine
63,63,0.5027022011971998,21.96969696969697,10,curvature,logDoK,0.1,sine
64,64,0.4830103638185924,21.64179104477612,10,curvature,logDoK,0.1,sine
65,65,0.4625722520597416,21.323529411764707,10,curvature,logDoK,0.1,sine
66,66,0.4616945999916305,21.014492753623188,10,curvature,logDoK,0.1,sine
67,67,0.4591631443062728,20.714285714285715,10,curvature,logDoK,0.1,sine
68,68,0.4412821907835527,20.422535211267604,10,curvature,logDoK,0.1,sine
69,69,0.3468556849936274,20.13888888888889,10,curvature,logDoK,0.1,sine
70,70,0.4767143029975791,19.863013698630137,10,curvature,logDoK,0.1,sine
71,71,0.4296659475183234,19.594594594594597,10,curvature,logDoK,0.1,sine
72,72,0.4053848132873826,19.33333333333333,10,curvature,logDoK,0.1,sine
73,73,0.3821693526504297,19.07894736842105,10,curvature,logDoK,0.1,sine
74,74,0.370115674890518,18.83116883116883,10,curvature,logDoK,0.1,sine
75,75,0.3501646019122363,18.58974358974359,10,curvature,logDoK,0.1,sine
76,76,0.3340441094069445,18.354430379746837,10,curvature,logDoK,0.1,sine
77,77,0.3221416183071522,18.125,10,curvature,logDoK,0.1,sine
78,78,0.3194657699480259,17.901234567901234,10,curvature,logDoK,0.1,sine
79,79,0.3117535313215294,17.682926829268293,10,curvature,logDoK,0.1,sine
80,80,0.3055464471651343,17.46987951807229,10,curvature,logDoK,0.1,sine
81,81,0.2963796406175099,17.261904761904763,10,curvature,logDoK,0.1,sine
82,82,0.2890581789890699,17.058823529411764,10,curvature,logDoK,0.1,sine
83,83,0.284087764059034,16.86046511627907,10,curvature,logDoK,0.1,sine
84,84,0.2778328764324117,16.666666666666668,10,curvature,logDoK,0.1,sine
85,85,0.2764351160598072,16.477272727272727,10,curvature,logDoK,0.1,sine
86,86,0.2749484608778416,16.292134831460675,10,curvature,logDoK,0.1,sine
87,87,0.2722263642983755,16.11111111111111,10,curvature,logDoK,0.1,sine
88,88,0.2774974335882484,15.934065934065934,10,curvature,logDoK,0.1,sine
89,89,0.280316119371256,15.76086956521739,10,curvature,logDoK,0.1,sine
90,90,0.2848167669800001,15.591397849462366,10,curvature,logDoK,0.1,sine
91,91,0.2912549285275794,15.425531914893616,10,curvature,logDoK,0.1,sine
92,92,0.3033470782583932,15.263157894736842,10,curvature,logDoK,0.1,sine
93,93,0.3167055288186866,15.104166666666666,10,curvature,logDoK,0.1,sine
94,94,0.3286047457081893,14.948453608247425,10,curvature,logDoK,0.1,sine
95,95,0.3438609285522999,14.79591836734694,10,curvature,logDoK,0.1,sine
96,96,0.3616865479211268,14.646464646464649,10,curvature,logDoK,0.1,sine
0,0,48.514529129367816,483.3333333333333,20,curvature,DoK,0.1,sine
1,1,48.51672836859135,362.5,20,curvature,DoK,0.1,sine
2,2,48.56878549178581,290.0,20,curvature,DoK,0.1,sine
3,3,48.77098857678548,241.66666666666663,20,curvature,DoK,0.1,sine
4,4,49.02152415527681,207.14285714285717,20,curvature,DoK,0.1,sine
5,5,49.27325512297883,181.25,20,curvature,DoK,0.1,sine
6,6,49.46286046724268,161.11111111111111,20,curvature,DoK,0.1,sine
7,7,49.603307160992806,145.0,20,curvature,DoK,0.1,sine
8,8,49.6368772900428,131.8181818181818,20,curvature,DoK,0.1,sine
9,9,49.69071365084624,120.83333333333331,20,curvature,DoK,0.1,sine
10,10,49.56102545999232,111.53846153846152,20,curvature,DoK,0.1,sine
11,11,49.40602871030899,103.57142857142856,20,curvature,DoK,0.1,sine
12,12,49.12003761090446,96.66666666666669,20,curvature,DoK,0.1,sine
13,13,48.62848110588256,90.625,20,curvature,DoK,0.1,sine
14,14,48.25665506112746,85.29411764705883,20,curvature,DoK,0.1,sine
15,15,48.05430197555116,80.55555555555556,20,curvature,DoK,0.1,sine
16,16,46.85740122058942,76.3157894736842,20,curvature,DoK,0.1,sine
17,17,45.86910511369772,72.5,20,curvature,DoK,0.1,sine
18,18,44.79221635854661,69.04761904761905,20,curvature,DoK,0.1,sine
19,19,43.5330145948571,65.9090909090909,20,curvature,DoK,0.1,sine
20,20,41.98427017964868,63.04347826086956,20,curvature,DoK,0.1,sine
21,21,41.974614757916,60.41666666666666,20,curvature,DoK,0.1,sine
22,22,38.95491622653996,58.0,20,curvature,DoK,0.1,sine
23,23,37.63840039637036,55.76923076923077,20,curvature,DoK,0.1,sine
24,24,36.626625737684144,53.7037037037037,20,curvature,DoK,0.1,sine
25,25,35.5678847446042,51.785714285714285,20,curvature,DoK,0.1,sine
26,26,34.58009056271892,50.0,20,curvature,DoK,0.1,sine
27,27,33.671358223224026,48.333333333333336,20,curvature,DoK,0.1,sine
28,28,32.57690324669885,46.774193548387096,20,curvature,DoK,0.1,sine
29,29,31.1409246495992,45.3125,20,curvature,DoK,0.1,sine
30,30,29.84268812046796,43.93939393939394,20,curvature,DoK,0.1,sine
31,31,27.817521104569103,42.64705882352941,20,curvature,DoK,0.1,sine
32,32,26.24059850411527,41.42857142857143,20,curvature,DoK,0.1,sine
33,33,21.307901080343797,40.27777777777778,20,curvature,DoK,0.1,sine
34,34,22.433162713757195,39.18918918918919,20,curvature,DoK,0.1,sine
35,35,19.868891317745607,38.1578947368421,20,curvature,DoK,0.1,sine
36,36,17.769727863544126,37.17948717948718,20,curvature,DoK,0.1,sine
37,37,15.991894490750829,36.25,20,curvature,DoK,0.1,sine
38,38,13.531032915343308,35.36585365853659,20,curvature,DoK,0.1,sine
39,39,12.163192080178256,34.523809523809526,20,curvature,DoK,0.1,sine
40,40,11.162388232896712,33.72093023255814,20,curvature,DoK,0.1,sine
41,41,10.402447234614987,32.95454545454545,20,curvature,DoK,0.1,sine
42,42,9.38686486898353,32.22222222222222,20,curvature,DoK,0.1,sine
43,43,8.688866031896248,31.52173913043478,20,curvature,DoK,0.1,sine
44,44,7.90204377643167,30.851063829787236,20,curvature,DoK,0.1,sine
45,45,5.182858707979202,30.20833333333333,20,curvature,DoK,0.1,sine
46,46,7.566169408343237,29.59183673469388,20,curvature,DoK,0.1,sine
47,47,6.655052059679914,29.0,20,curvature,DoK,0.1,sine
48,48,6.392236049364868,28.431372549019606,20,curvature,DoK,0.1,sine
49,49,6.341723932109698,27.884615384615383,20,curvature,DoK,0.1,sine
50,50,6.097276069328403,27.358490566037737,20,curvature,DoK,0.1,sine
51,51,6.312515358287888,26.85185185185185,20,curvature,DoK,0.1,sine
52,52,6.0027618598438455,26.363636363636363,20,curvature,DoK,0.1,sine
53,53,6.354905521243788,25.892857142857142,20,curvature,DoK,0.1,sine
54,54,6.529033113700505,25.43859649122807,20,curvature,DoK,0.1,sine
55,55,7.077342913816015,25.0,20,curvature,DoK,0.1,sine
56,56,6.870983658993081,24.57627118644068,20,curvature,DoK,0.1,sine
57,57,6.919516922487311,24.166666666666668,20,curvature,DoK,0.1,sine
58,58,7.424388863311686,23.770491803278688,20,curvature,DoK,0.1,sine
59,59,7.923336935209726,23.387096774193548,20,curvature,DoK,0.1,sine
60,60,8.241148926170617,23.015873015873016,20,curvature,DoK,0.1,sine
61,61,8.271294426671076,22.65625,20,curvature,DoK,0.1,sine
62,62,8.53055657717056,22.307692307692307,20,curvature,DoK,0.1,sine
63,63,8.998721069192165,21.96969696969697,20,curvature,DoK,0.1,sine
64,64,9.081191386223848,21.64179104477612,20,curvature,DoK,0.1,sine
65,65,9.55679244529458,21.323529411764707,20,curvature,DoK,0.1,sine
66,66,9.939706994214472,21.014492753623188,20,curvature,DoK,0.1,sine
67,67,10.453747431822764,20.714285714285715,20,curvature,DoK,0.1,sine
68,68,11.970479993202265,20.422535211267604,20,curvature,DoK,0.1,sine
69,69,16.200296638042417,20.13888888888889,20,curvature,DoK,0.1,sine
70,70,10.48661025046142,19.863013698630137,20,curvature,DoK,0.1,sine
71,71,10.62589963207031,19.594594594594597,20,curvature,DoK,0.1,sine
72,72,12.258280907256369,19.33333333333333,20,curvature,DoK,0.1,sine
73,73,12.52243192270343,19.07894736842105,20,curvature,DoK,0.1,sine
74,74,12.60427281423856,18.83116883116883,20,curvature,DoK,0.1,sine
75,75,12.818619022841794,18.58974358974359,20,curvature,DoK,0.1,sine
76,76,13.054278005683107,18.354430379746837,20,curvature,DoK,0.1,sine
77,77,13.221933650183496,18.125,20,curvature,DoK,0.1,sine
78,78,13.435029661673042,17.901234567901234,20,curvature,DoK,0.1,sine
79,79,13.253151654806864,17.682926829268293,20,curvature,DoK,0.1,sine
80,80,13.285327932344789,17.46987951807229,20,curvature,DoK,0.1,sine
81,81,13.075500779575204,17.261904761904763,20,curvature,DoK,0.1,sine
82,82,12.97581385789806,17.058823529411764,20,curvature,DoK,0.1,sine
83,83,12.694157198232872,16.86046511627907,20,curvature,DoK,0.1,sine
84,84,12.703056270904147,16.666666666666668,20,curvature,DoK,0.1,sine
85,85,12.75395954350915,16.477272727272727,20,curvature,DoK,0.1,sine
86,86,12.61811267513394,16.292134831460675,20,curvature,DoK,0.1,sine
87,87,12.66007014411879,16.11111111111111,20,curvature,DoK,0.1,sine
88,88,12.375207510590766,15.934065934065934,20,curvature,DoK,0.1,sine
89,89,12.407408595916362,15.76086956521739,20,curvature,DoK,0.1,sine
90,90,12.239140256752968,15.591397849462366,20,curvature,DoK,0.1,sine
91,91,12.004755701887724,15.425531914893616,20,curvature,DoK,0.1,sine
92,92,12.374766739665588,15.263157894736842,20,curvature,DoK,0.1,sine
93,93,11.642462770702815,15.104166666666666,20,curvature,DoK,0.1,sine
94,94,11.984122545646844,14.948453608247425,20,curvature,DoK,0.1,sine
95,95,11.210357263452694,14.79591836734694,20,curvature,DoK,0.1,sine
96,96,11.841466228017886,14.646464646464649,20,curvature,DoK,0.1,sine
0,0,30.14888314369408,483.3333333333333,10,curvature,DoK,0.1,sine
1,1,30.172664004343037,362.5,10,curvature,DoK,0.1,sine
2,2,30.200176417798325,290.0,10,curvature,DoK,0.1,sine
3,3,30.386184055924208,241.66666666666663,10,curvature,DoK,0.1,sine
4,4,30.58771559988081,207.14285714285717,10,curvature,DoK,0.1,sine
5,5,30.85830971701946,181.25,10,curvature,DoK,0.1,sine
6,6,31.021881884283715,161.11111111111111,10,curvature,DoK,0.1,sine
7,7,31.07455977909532,145.0,10,curvature,DoK,0.1,sine
8,8,31.211946461082174,131.8181818181818,10,curvature,DoK,0.1,sine
9,9,31.44388427577245,120.83333333333331,10,curvature,DoK,0.1,sine
10,10,31.66438281571873,111.53846153846152,10,curvature,DoK,0.1,sine
11,11,31.884145198988936,103.57142857142856,10,curvature,DoK,0.1,sine
12,12,32.14420004484339,96.66666666666669,10,curvature,DoK,0.1,sine
13,13,32.48978060409043,90.625,10,curvature,DoK,0.1,sine
14,14,32.69553754890566,85.29411764705883,10,curvature,DoK,0.1,sine
15,15,32.640284259578365,80.55555555555556,10,curvature,DoK,0.1,sine
16,16,33.31452531302848,76.3157894736842,10,curvature,DoK,0.1,sine
17,17,33.83180807079318,72.5,10,curvature,DoK,0.1,sine
18,18,33.88496365974883,69.04761904761905,10,curvature,DoK,0.1,sine
19,19,33.99494177483344,65.9090909090909,10,curvature,DoK,0.1,sine
20,20,34.10417450243726,63.04347826086956,10,curvature,DoK,0.1,sine
21,21,33.6985983279402,60.41666666666666,10,curvature,DoK,0.1,sine
22,22,33.68984290966731,58.0,10,curvature,DoK,0.1,sine
23,23,33.270653605915705,55.76923076923077,10,curvature,DoK,0.1,sine
24,24,32.72503227767366,53.7037037037037,10,curvature,DoK,0.1,sine
25,25,32.115256856657155,51.785714285714285,10,curvature,DoK,0.1,sine
26,26,31.513775313677748,50.0,10,curvature,DoK,0.1,sine
27,27,30.96121011258828,48.333333333333336,10,curvature,DoK,0.1,sine
28,28,30.24599582470612,46.774193548387096,10,curvature,DoK,0.1,sine
29,29,29.362605505707734,45.3125,10,curvature,DoK,0.1,sine
30,30,28.530596153458383,43.93939393939394,10,curvature,DoK,0.1,sine
31,31,27.554763363708823,42.64705882352941,10,curvature,DoK,0.1,sine
32,32,26.11549975398096,41.42857142857143,10,curvature,DoK,0.1,sine
33,33,26.6547783655327,40.27777777777778,10,curvature,DoK,0.1,sine
34,34,23.882833478876776,39.18918918918919,10,curvature,DoK,0.1,sine
35,35,23.366766302708083,38.1578947368421,10,curvature,DoK,0.1,sine
36,36,22.5531452903778,37.17948717948718,10,curvature,DoK,0.1,sine
37,37,21.71962266308036,36.25,10,curvature,DoK,0.1,sine
38,38,20.985796188264786,35.36585365853659,10,curvature,DoK,0.1,sine
39,39,20.05222144557863,34.523809523809526,10,curvature,DoK,0.1,sine
40,40,18.82889578134217,33.72093023255814,10,curvature,DoK,0.1,sine
41,41,18.062582931642755,32.95454545454545,10,curvature,DoK,0.1,sine
42,42,17.0624708177896,32.22222222222222,10,curvature,DoK,0.1,sine
43,43,15.952194241981626,31.52173913043478,10,curvature,DoK,0.1,sine
44,44,14.667221802301624,30.851063829787236,10,curvature,DoK,0.1,sine
45,45,14.102073860534,30.20833333333333,10,curvature,DoK,0.1,sine
46,46,12.978695599745258,29.59183673469388,10,curvature,DoK,0.1,sine
47,47,12.802500307032211,29.0,10,curvature,DoK,0.1,sine
48,48,12.175478858180211,28.431372549019606,10,curvature,DoK,0.1,sine
49,49,11.48489985730851,27.884615384615383,10,curvature,DoK,0.1,sine
50,50,11.194692587850067,27.358490566037737,10,curvature,DoK,0.1,sine
51,51,10.764767858214045,26.85185185185185,10,curvature,DoK,0.1,sine
52,52,11.085664091800584,26.363636363636363,10,curvature,DoK,0.1,sine
53,53,11.243338928702066,25.892857142857142,10,curvature,DoK,0.1,sine
54,54,11.341463536681072,25.43859649122807,10,curvature,DoK,0.1,sine
55,55,11.138479294832331,25.0,10,curvature,DoK,0.1,sine
56,56,11.700499724577206,24.57627118644068,10,curvature,DoK,0.1,sine
57,57,12.008344177220971,24.166666666666668,10,curvature,DoK,0.1,sine
58,58,12.039004872009627,23.770491803278688,10,curvature,DoK,0.1,sine
59,59,11.664857856793812,23.387096774193548,10,curvature,DoK,0.1,sine
60,60,11.594931049520245,23.015873015873016,10,curvature,DoK,0.1,sine
61,61,11.48280619541392,22.65625,10,curvature,DoK,0.1,sine
62,62,11.171239997693824,22.307692307692307,10,curvature,DoK,0.1,sine
63,63,10.868974989575433,21.96969696969697,10,curvature,DoK,0.1,sine
64,64,10.534155240925772,21.64179104477612,10,curvature,DoK,0.1,sine
65,65,10.09562278589231,21.323529411764707,10,curvature,DoK,0.1,sine
66,66,9.521878080307848,21.014492753623188,10,curvature,DoK,0.1,sine
67,67,9.300192805030296,20.714285714285715,10,curvature,DoK,0.1,sine
68,68,8.656405907113317,20.422535211267604,10,curvature,DoK,0.1,sine
69,69,7.927857721819263,20.13888888888889,10,curvature,DoK,0.1,sine
70,70,8.70061223089704,19.863013698630137,10,curvature,DoK,0.1,sine
71,71,7.362046315962694,19.594594594594597,10,curvature,DoK,0.1,sine
72,72,6.622483472941573,19.33333333333333,10,curvature,DoK,0.1,sine
73,73,6.063913633384507,19.07894736842105,10,curvature,DoK,0.1,sine
74,74,5.528575421595804,18.83116883116883,10,curvature,DoK,0.1,sine
75,75,5.103519941447336,18.58974358974359,10,curvature,DoK,0.1,sine
76,76,4.645058179032571,18.354430379746837,10,curvature,DoK,0.1,sine
77,77,4.10597918363281,18.125,10,curvature,DoK,0.1,sine
78,78,3.7731509811005743,17.901234567901234,10,curvature,DoK,0.1,sine
79,79,3.494754526275932,17.682926829268293,10,curvature,DoK,0.1,sine
80,80,3.1199377007929296,17.46987951807229,10,curvature,DoK,0.1,sine
81,81,2.7290546597021663,17.261904761904763,10,curvature,DoK,0.1,sine
82,82,2.4612597840935635,17.058823529411764,10,curvature,DoK,0.1,sine
83,83,2.083433716273227,16.86046511627907,10,curvature,DoK,0.1,sine
84,84,2.0085811208332167,16.666666666666668,10,curvature,DoK,0.1,sine
85,85,1.9026784060306028,16.477272727272727,10,curvature,DoK,0.1,sine
86,86,1.7688040452380918,16.292134831460675,10,curvature,DoK,0.1,sine
87,87,1.7674401938413382,16.11111111111111,10,curvature,DoK,0.1,sine
88,88,1.7351116080256048,15.934065934065934,10,curvature,DoK,0.1,sine
89,89,1.7362331507985689,15.76086956521739,10,curvature,DoK,0.1,sine
90,90,1.6877529644314535,15.591397849462366,10,curvature,DoK,0.1,sine
91,91,1.7798948571040647,15.425531914893616,10,curvature,DoK,0.1,sine
92,92,1.9565632285587888,15.263157894736842,10,curvature,DoK,0.1,sine
93,93,2.026258111863875,15.104166666666666,10,curvature,DoK,0.1,sine
94,94,1.8222665584505329,14.948453608247425,10,curvature,DoK,0.1,sine
95,95,1.9371093076203465,14.79591836734694,10,curvature,DoK,0.1,sine
96,96,2.013198830892268,14.646464646464649,10,curvature,DoK,0.1,sine
0,0,0.0364856027109322,483.3333333333333,10,slope,KoD,0.1,sine
1,1,0.0363459032874939,362.5,10,slope,KoD,0.1,sine
2,2,0.0359766352192265,290.0,10,slope,KoD,0.1,sine
3,3,0.0355297719219299,241.66666666666663,10,slope,KoD,0.1,sine
4,4,0.034801735735984,207.14285714285717,10,slope,KoD,0.1,sine
5,5,0.0338855959485614,181.25,10,slope,KoD,0.1,sine
6,6,0.0333984262524195,161.11111111111111,10,slope,KoD,0.1,sine
7,7,0.0321349265393892,145.0,10,slope,KoD,0.1,sine
8,8,0.0310885899111349,131.8181818181818,10,slope,KoD,0.1,sine
9,9,0.0293271192189196,120.83333333333331,10,slope,KoD,0.1,sine
10,10,0.0286780915536543,111.53846153846152,10,slope,KoD,0.1,sine
11,11,0.0278271371910886,103.57142857142856,10,slope,KoD,0.1,sine
12,12,0.0272313138025344,96.66666666666669,10,slope,KoD,0.1,sine
13,13,0.0265731103518313,90.625,10,slope,KoD,0.1,sine
14,14,0.0262103654945805,85.29411764705883,10,slope,KoD,0.1,sine
15,15,0.023319118793117,80.55555555555556,10,slope,KoD,0.1,sine
16,16,0.0245928553213536,76.3157894736842,10,slope,KoD,0.1,sine
17,17,0.0241333360609786,72.5,10,slope,KoD,0.1,sine
18,18,0.0243681801458167,69.04761904761905,10,slope,KoD,0.1,sine
19,19,0.0247820411731942,65.9090909090909,10,slope,KoD,0.1,sine
20,20,0.0260992799219389,63.04347826086956,10,slope,KoD,0.1,sine
21,21,0.026067780070172,60.41666666666666,10,slope,KoD,0.1,sine
22,22,0.0285403698897045,58.0,10,slope,KoD,0.1,sine
23,23,0.0299470449596947,55.76923076923077,10,slope,KoD,0.1,sine
24,24,0.0349442065691776,53.7037037037037,10,slope,KoD,0.1,sine
25,25,0.036359051568385,51.785714285714285,10,slope,KoD,0.1,sine
26,26,0.040421522345973,50.0,10,slope,KoD,0.1,sine
27,27,0.0443217319631257,48.333333333333336,10,slope,KoD,0.1,sine
28,28,0.0481967527335744,46.774193548387096,10,slope,KoD,0.1,sine
29,29,0.0525936558500708,45.3125,10,slope,KoD,0.1,sine
30,30,0.0557461747658461,43.93939393939394,10,slope,KoD,0.1,sine
31,31,0.0599801546393316,42.64705882352941,10,slope,KoD,0.1,sine
32,32,0.0641229283939179,41.42857142857143,10,slope,KoD,0.1,sine
33,33,0.0744825811386504,40.27777777777778,10,slope,KoD,0.1,sine
34,34,0.0704646078274933,39.18918918918919,10,slope,KoD,0.1,sine
35,35,0.0724029097409249,38.1578947368421,10,slope,KoD,0.1,sine
36,36,0.0740131242734637,37.17948717948718,10,slope,KoD,0.1,sine
37,37,0.0766366774084568,36.25,10,slope,KoD,0.1,sine
38,38,0.0798326794462042,35.36585365853659,10,slope,KoD,0.1,sine
39,39,0.084118657205554,34.523809523809526,10,slope,KoD,0.1,sine
40,40,0.0876078896742399,33.72093023255814,10,slope,KoD,0.1,sine
41,41,0.0914137907214502,32.95454545454545,10,slope,KoD,0.1,sine
42,42,0.0925163343406604,32.22222222222222,10,slope,KoD,0.1,sine
43,43,0.0988692479574246,31.52173913043478,10,slope,KoD,0.1,sine
44,44,0.1038255959958328,30.851063829787236,10,slope,KoD,0.1,sine
45,45,0.1042412671399953,30.20833333333333,10,slope,KoD,0.1,sine
46,46,0.1147231377817005,29.59183673469388,10,slope,KoD,0.1,sine
47,47,0.1185241655191841,29.0,10,slope,KoD,0.1,sine
48,48,0.1232863344996613,28.431372549019606,10,slope,KoD,0.1,sine
49,49,0.1273448709788678,27.884615384615383,10,slope,KoD,0.1,sine
50,50,0.1321490822028915,27.358490566037737,10,slope,KoD,0.1,sine
51,51,0.1415693586082715,26.85185185185185,10,slope,KoD,0.1,sine
52,52,0.1451276237957549,26.363636363636363,10,slope,KoD,0.1,sine
53,53,0.1505258291930118,25.892857142857142,10,slope,KoD,0.1,sine
54,54,0.1518230441879657,25.43859649122807,10,slope,KoD,0.1,sine
55,55,0.1510873855641629,25.0,10,slope,KoD,0.1,sine
56,56,0.1553243957386672,24.57627118644068,10,slope,KoD,0.1,sine
57,57,0.1569164624180458,24.166666666666668,10,slope,KoD,0.1,sine
58,58,0.1586348553016605,23.770491803278688,10,slope,KoD,0.1,sine
59,59,0.1586762694155842,23.387096774193548,10,slope,KoD,0.1,sine
60,60,0.1596571871924325,23.015873015873016,10,slope,KoD,0.1,sine
61,61,0.1600452694405548,22.65625,10,slope,KoD,0.1,sine
62,62,0.1614909861619062,22.307692307692307,10,slope,KoD,0.1,sine
63,63,0.1703101467622469,21.96969696969697,10,slope,KoD,0.1,sine
64,64,0.1797835001207658,21.64179104477612,10,slope,KoD,0.1,sine
65,65,0.1862619950988688,21.323529411764707,10,slope,KoD,0.1,sine
66,66,0.1770189743266124,21.014492753623188,10,slope,KoD,0.1,sine
67,67,0.1706530800716605,20.714285714285715,10,slope,KoD,0.1,sine
68,68,0.1587602265791051,20.422535211267604,10,slope,KoD,0.1,sine
69,69,0.1066338701694006,20.13888888888889,10,slope,KoD,0.1,sine
70,70,0.1569812743604241,19.863013698630137,10,slope,KoD,0.1,sine
71,71,0.1696409255784279,19.594594594594597,10,slope,KoD,0.1,sine
72,72,0.1746512991305879,19.33333333333333,10,slope,KoD,0.1,sine
73,73,0.1855210822556525,19.07894736842105,10,slope,KoD,0.1,sine
74,74,0.1812833123838339,18.83116883116883,10,slope,KoD,0.1,sine
75,75,0.173742081501375,18.58974358974359,10,slope,KoD,0.1,sine
76,76,0.1636207275544067,18.354430379746837,10,slope,KoD,0.1,sine
77,77,0.1601732890483015,18.125,10,slope,KoD,0.1,sine
78,78,0.158690606049816,17.901234567901234,10,slope,KoD,0.1,sine
79,79,0.159256754557805,17.682926829268293,10,slope,KoD,0.1,sine
80,80,0.1600100177875266,17.46987951807229,10,slope,KoD,0.1,sine
81,81,0.157870913868349,17.261904761904763,10,slope,KoD,0.1,sine
82,82,0.1553271077307555,17.058823529411764,10,slope,KoD,0.1,sine
83,83,0.1526186637260452,16.86046511627907,10,slope,KoD,0.1,sine
84,84,0.1511889048924118,16.666666666666668,10,slope,KoD,0.1,sine
85,85,0.1512971935905838,16.477272727272727,10,slope,KoD,0.1,sine
86,86,0.1471826007866485,16.292134831460675,10,slope,KoD,0.1,sine
87,87,0.1405248596835763,16.11111111111111,10,slope,KoD,0.1,sine
88,88,0.1341741805955046,15.934065934065934,10,slope,KoD,0.1,sine
89,89,0.1281349307209605,15.76086956521739,10,slope,KoD,0.1,sine
90,90,0.1243299718681845,15.591397849462366,10,slope,KoD,0.1,sine
91,91,0.1210081677749065,15.425531914893616,10,slope,KoD,0.1,sine
92,92,0.1156247648039497,15.263157894736842,10,slope,KoD,0.1,sine
93,93,0.1107085831084574,15.104166666666666,10,slope,KoD,0.1,sine
94,94,0.1045094105830877,14.948453608247425,10,slope,KoD,0.1,sine
95,95,0.0995909179647596,14.79591836734694,10,slope,KoD,0.1,sine
96,96,0.0973603235707048,14.646464646464649,10,slope,KoD,0.1,sine
0,0,-1.370283125878742,483.3333333333333,0,slope,logKoD,0.0,sine
1,1,-1.3763574408078962,362.5,0,slope,logKoD,0.0,sine
2,2,-1.387188999113423,290.0,0,slope,logKoD,0.0,sine
3,3,-1.3983474463887315,241.66666666666663,0,slope,logKoD,0.0,sine
4,4,-1.4079066670395577,207.14285714285717,0,slope,logKoD,0.0,sine
5,5,-1.416751946136749,181.25,0,slope,logKoD,0.0,sine
6,6,-1.426098138480612,161.11111111111111,0,slope,logKoD,0.0,sine
7,7,-1.440639233797487,145.0,0,slope,logKoD,0.0,sine
8,8,-1.45220971997392,131.8181818181818,0,slope,logKoD,0.0,sine
9,9,-1.4576650454478366,120.83333333333331,0,slope,logKoD,0.0,sine
10,10,-1.460839105830145,111.53846153846152,0,slope,logKoD,0.0,sine
11,11,-1.464782114498952,103.57142857142856,0,slope,logKoD,0.0,sine
12,12,-1.4690422304343007,96.66666666666669,0,slope,logKoD,0.0,sine
13,13,-1.4700022288911938,90.625,0,slope,logKoD,0.0,sine
14,14,-1.4695297194187846,85.29411764705883,0,slope,logKoD,0.0,sine
15,15,-1.4633854182446917,80.55555555555556,0,slope,logKoD,0.0,sine
16,16,-1.4642279134798186,76.3157894736842,0,slope,logKoD,0.0,sine
17,17,-1.4574631085282292,72.5,0,slope,logKoD,0.0,sine
18,18,-1.4421642177036544,69.04761904761905,0,slope,logKoD,0.0,sine
19,19,-1.420681735181512,65.9090909090909,0,slope,logKoD,0.0,sine
20,20,-1.3950658691260402,63.04347826086956,0,slope,logKoD,0.0,sine
21,21,-1.3909731062641155,60.41666666666666,0,slope,logKoD,0.0,sine
22,22,-1.3556662735212928,58.0,0,slope,logKoD,0.0,sine
23,23,-1.342149637676386,55.76923076923077,0,slope,logKoD,0.0,sine
24,24,-1.3192825120866116,53.7037037037037,0,slope,logKoD,0.0,sine
25,25,-1.3268835503461496,51.785714285714285,0,slope,logKoD,0.0,sine
26,26,-1.304012188746813,50.0,0,slope,logKoD,0.0,sine
27,27,-1.2788738457982562,48.333333333333336,0,slope,logKoD,0.0,sine
28,28,-1.268253003388676,46.774193548387096,0,slope,logKoD,0.0,sine
29,29,-1.256223452465835,45.3125,0,slope,logKoD,0.0,sine
30,30,-1.2516810586758993,43.93939393939394,0,slope,logKoD,0.0,sine
31,31,-1.2466386520471222,42.64705882352941,0,slope,logKoD,0.0,sine
32,32,-1.2415250722721762,41.42857142857143,0,slope,logKoD,0.0,sine
33,33,-1.2152599712439174,40.27777777777778,0,slope,logKoD,0.0,sine
34,34,-1.2334052763198893,39.18918918918919,0,slope,logKoD,0.0,sine
35,35,-1.2433066110183435,38.1578947368421,0,slope,logKoD,0.0,sine
36,36,-1.2564718422439254,37.17948717948718,0,slope,logKoD,0.0,sine
37,37,-1.26484528717458,36.25,0,slope,logKoD,0.0,sine
38,38,-1.2763645114961673,35.36585365853659,0,slope,logKoD,0.0,sine
39,39,-1.2715886767444946,34.523809523809526,0,slope,logKoD,0.0,sine
40,40,-1.258898676678625,33.72093023255814,0,slope,logKoD,0.0,sine
41,41,-1.255462781792225,32.95454545454545,0,slope,logKoD,0.0,sine
42,42,-1.2400931987211177,32.22222222222222,0,slope,logKoD,0.0,sine
43,43,-1.2476251716073603,31.52173913043478,0,slope,logKoD,0.0,sine
44,44,-1.2599496367901244,30.851063829787236,0,slope,logKoD,0.0,sine
45,45,-1.17878902372837,30.20833333333333,0,slope,logKoD,0.0,sine
46,46,-1.2564380564865,29.59183673469388,0,slope,logKoD,0.0,sine
47,47,-1.2511030991683527,29.0,0,slope,logKoD,0.0,sine
48,48,-1.235810296328535,28.431372549019606,0,slope,logKoD,0.0,sine
49,49,-1.218500518558918,27.884615384615383,0,slope,logKoD,0.0,sine
50,50,-1.210216960932618,27.358490566037737,0,slope,logKoD,0.0,sine
51,51,-1.2116610513808197,26.85185185185185,0,slope,logKoD,0.0,sine
52,52,-1.2008476751743071,26.363636363636363,0,slope,logKoD,0.0,sine
53,53,-1.1935785702147783,25.892857142857142,0,slope,logKoD,0.0,sine
54,54,-1.204207802788226,25.43859649122807,0,slope,logKoD,0.0,sine
55,55,-1.2249253990910105,25.0,0,slope,logKoD,0.0,sine
56,56,-1.2346174196647983,24.57627118644068,0,slope,logKoD,0.0,sine
57,57,-1.2585131179532174,24.166666666666668,0,slope,logKoD,0.0,sine
58,58,-1.2828090782176256,23.770491803278688,0,slope,logKoD,0.0,sine
59,59,-1.3142410877209212,23.387096774193548,0,slope,logKoD,0.0,sine
60,60,-1.3471569283998075,23.015873015873016,0,slope,logKoD,0.0,sine
61,61,-1.3861087348198322,22.65625,0,slope,logKoD,0.0,sine
62,62,-1.414965782568548,22.307692307692307,0,slope,logKoD,0.0,sine
63,63,-1.4349921623834891,21.96969696969697,0,slope,logKoD,0.0,sine
64,64,-1.4530274539937325,21.64179104477612,0,slope,logKoD,0.0,sine
65,65,-1.4572605576941924,21.323529411764707,0,slope,logKoD,0.0,sine
66,66,-1.4443745142872368,21.014492753623188,0,slope,logKoD,0.0,sine
67,67,-1.43644664844936,20.714285714285715,0,slope,logKoD,0.0,sine
68,68,-1.4294800702886774,20.422535211267604,0,slope,logKoD,0.0,sine
69,69,-1.4790666754396415,20.13888888888889,0,slope,logKoD,0.0,sine
70,70,-1.4269372367225637,19.863013698630137,0,slope,logKoD,0.0,sine
71,71,-1.4425710792597584,19.594594594594597,0,slope,logKoD,0.0,sine
72,72,-1.4449076785052597,19.33333333333333,0,slope,logKoD,0.0,sine
73,73,-1.454954224430055,19.07894736842105,0,slope,logKoD,0.0,sine
74,74,-1.4619561845256788,18.83116883116883,0,slope,logKoD,0.0,sine
75,75,-1.4481670934570536,18.58974358974359,0,slope,logKoD,0.0,sine
76,76,-1.4195014642273902,18.354430379746837,0,slope,logKoD,0.0,sine
77,77,-1.395676345634525,18.125,0,slope,logKoD,0.0,sine
78,78,-1.3642166485904683,17.901234567901234,0,slope,logKoD,0.0,sine
79,79,-1.3248468687631698,17.682926829268293,0,slope,logKoD,0.0,sine
80,80,-1.2965016619379663,17.46987951807229,0,slope,logKoD,0.0,sine
81,81,-1.2676092117904951,17.261904761904763,0,slope,logKoD,0.0,sine
82,82,-1.2420642119239775,17.058823529411764,0,slope,logKoD,0.0,sine
83,83,-1.224573360093442,16.86046511627907,0,slope,logKoD,0.0,sine
84,84,-1.208743535606604,16.666666666666668,0,slope,logKoD,0.0,sine
85,85,-1.1917364432303938,16.477272727272727,0,slope,logKoD,0.0,sine
86,86,-1.194520074499489,16.292134831460675,0,slope,logKoD,0.0,sine
87,87,-1.21104767924261,16.11111111111111,0,slope,logKoD,0.0,sine
88,88,-1.2105188328894063,15.934065934065934,0,slope,logKoD,0.0,sine
89,89,-1.218104165171462,15.76086956521739,0,slope,logKoD,0.0,sine
90,90,-1.231836745416871,15.591397849462366,0,slope,logKoD,0.0,sine
91,91,-1.2456780601396142,15.425531914893616,0,slope,logKoD,0.0,sine
92,92,-1.2515813180449542,15.263157894736842,0,slope,logKoD,0.0,sine
93,93,-1.266974311719632,15.104166666666666,0,slope,logKoD,0.0,sine
94,94,-1.2514838386654903,14.948453608247425,0,slope,logKoD,0.0,sine
95,95,-1.2493944729925706,14.79591836734694,0,slope,logKoD,0.0,sine
96,96,-1.2563155191664142,14.646464646464649,0,slope,logKoD,0.0,sine
0,0,32.25308430956918,483.3333333333333,20,slope,DoK,0.1,sine
1,1,32.296414860755505,362.5,20,slope,DoK,0.1,sine
2,2,32.45195276636529,290.0,20,slope,DoK,0.1,sine
3,3,32.62393419672559,241.66666666666663,20,slope,DoK,0.1,sine
4,4,32.77798825047732,207.14285714285717,20,slope,DoK,0.1,sine
5,5,32.89994910393357,181.25,20,slope,DoK,0.1,sine
6,6,32.98099672318844,161.11111111111111,20,slope,DoK,0.1,sine
7,7,33.262269727532626,145.0,20,slope,DoK,0.1,sine
8,8,33.46716013055517,131.8181818181818,20,slope,DoK,0.1,sine
9,9,33.41090876046798,120.83333333333331,20,slope,DoK,0.1,sine
10,10,33.76761936250104,111.53846153846152,20,slope,DoK,0.1,sine
11,11,33.883554808179085,103.57142857142856,20,slope,DoK,0.1,sine
12,12,33.91867802012251,96.66666666666669,20,slope,DoK,0.1,sine
13,13,33.956147010314325,90.625,20,slope,DoK,0.1,sine
14,14,33.88020171836609,85.29411764705883,20,slope,DoK,0.1,sine
15,15,33.145751587306904,80.55555555555556,20,slope,DoK,0.1,sine
16,16,33.45143660857248,76.3157894736842,20,slope,DoK,0.1,sine
17,17,32.81469916083186,72.5,20,slope,DoK,0.1,sine
18,18,31.54684121002015,69.04761904761905,20,slope,DoK,0.1,sine
19,19,29.86140473087973,65.9090909090909,20,slope,DoK,0.1,sine
20,20,27.9589133788773,63.04347826086956,20,slope,DoK,0.1,sine
21,21,26.870410540617897,60.41666666666666,20,slope,DoK,0.1,sine
22,22,25.46843707424048,58.0,20,slope,DoK,0.1,sine
23,23,25.236904261107107,55.76923076923077,20,slope,DoK,0.1,sine
24,24,24.31506244813997,53.7037037037037,20,slope,DoK,0.1,sine
25,25,25.40005065750385,51.785714285714285,20,slope,DoK,0.1,sine
26,26,25.242468128649524,50.0,20,slope,DoK,0.1,sine
27,27,24.8620222430658,48.333333333333336,20,slope,DoK,0.1,sine
28,28,25.014509367717032,46.774193548387096,20,slope,DoK,0.1,sine
29,29,24.624712676956253,45.3125,20,slope,DoK,0.1,sine
30,30,24.337312725981988,43.93939393939394,20,slope,DoK,0.1,sine
31,31,23.936295992089214,42.64705882352941,20,slope,DoK,0.1,sine
32,32,23.158568386970828,41.42857142857143,20,slope,DoK,0.1,sine
33,33,27.075232866455657,40.27777777777778,20,slope,DoK,0.1,sine
34,34,22.458790312274587,39.18918918918919,20,slope,DoK,0.1,sine
35,35,22.17290940560136,38.1578947368421,20,slope,DoK,0.1,sine
36,36,21.73028885792941,37.17948717948718,20,slope,DoK,0.1,sine
37,37,21.435612725137958,36.25,20,slope,DoK,0.1,sine
38,38,21.15805454276656,35.36585365853659,20,slope,DoK,0.1,sine
39,39,20.965255916996355,34.523809523809526,20,slope,DoK,0.1,sine
40,40,21.00642415217801,33.72093023255814,20,slope,DoK,0.1,sine
41,41,20.757067808989117,32.95454545454545,20,slope,DoK,0.1,sine
42,42,20.95399087369137,32.22222222222222,20,slope,DoK,0.1,sine
43,43,20.731799058005045,31.52173913043478,20,slope,DoK,0.1,sine
44,44,20.83331771749297,30.851063829787236,20,slope,DoK,0.1,sine
45,45,18.475601730904533,30.20833333333333,20,slope,DoK,0.1,sine
46,46,20.86803765865538,29.59183673469388,20,slope,DoK,0.1,sine
47,47,21.52093824545328,29.0,20,slope,DoK,0.1,sine
48,48,22.168702466352155,28.431372549019606,20,slope,DoK,0.1,sine
49,49,22.58469271934446,27.884615384615383,20,slope,DoK,0.1,sine
50,50,22.957287228592147,27.358490566037737,20,slope,DoK,0.1,sine
51,51,23.71097031820189,26.85185185185185,20,slope,DoK,0.1,sine
52,52,23.766270915403357,26.363636363636363,20,slope,DoK,0.1,sine
53,53,24.255635681230565,25.892857142857142,20,slope,DoK,0.1,sine
54,54,25.29012965802341,25.43859649122807,20,slope,DoK,0.1,sine
55,55,26.11557417734398,25.0,20,slope,DoK,0.1,sine
56,56,26.16528206073829,24.57627118644068,20,slope,DoK,0.1,sine
57,57,26.6766576804102,24.166666666666668,20,slope,DoK,0.1,sine
58,58,27.61645687010124,23.770491803278688,20,slope,DoK,0.1,sine
59,59,29.398125642253937,23.387096774193548,20,slope,DoK,0.1,sine
60,60,31.0472804434591,23.015873015873016,20,slope,DoK,0.1,sine
61,61,33.027779595338444,22.65625,20,slope,DoK,0.1,sine
62,62,34.49545677583198,22.307692307692307,20,slope,DoK,0.1,sine
63,63,35.58138018109862,21.96969696969697,20,slope,DoK,0.1,sine
64,64,37.189201746487846,21.64179104477612,20,slope,DoK,0.1,sine
65,65,38.28556980729036,21.323529411764707,20,slope,DoK,0.1,sine
66,66,38.938033084714846,21.014492753623188,20,slope,DoK,0.1,sine
67,67,39.37509322639615,20.714285714285715,20,slope,DoK,0.1,sine
68,68,39.230852671907854,20.422535211267604,20,slope,DoK,0.1,sine
69,69,40.42734496376092,20.13888888888889,20,slope,DoK,0.1,sine
70,70,38.76830166300401,19.863013698630137,20,slope,DoK,0.1,sine
71,71,39.28441903167335,19.594594594594597,20,slope,DoK,0.1,sine
72,72,39.151633905837286,19.33333333333333,20,slope,DoK,0.1,sine
73,73,38.45186044654341,19.07894736842105,20,slope,DoK,0.1,sine
74,74,37.61734146926196,18.83116883116883,20,slope,DoK,0.1,sine
75,75,36.08520557943835,18.58974358974359,20,slope,DoK,0.1,sine
76,76,34.95339815163089,18.354430379746837,20,slope,DoK,0.1,sine
77,77,33.55454354339681,18.125,20,slope,DoK,0.1,sine
78,78,31.814047621828124,17.901234567901234,20,slope,DoK,0.1,sine
79,79,30.07709402156911,17.682926829268293,20,slope,DoK,0.1,sine
80,80,28.343035432439077,17.46987951807229,20,slope,DoK,0.1,sine
81,81,26.893401590538357,17.261904761904763,20,slope,DoK,0.1,sine
82,82,26.18755310789092,17.058823529411764,20,slope,DoK,0.1,sine
83,83,25.8376092626398,16.86046511627907,20,slope,DoK,0.1,sine
84,84,25.72053208180348,16.666666666666668,20,slope,DoK,0.1,sine
85,85,24.54839872974468,16.477272727272727,20,slope,DoK,0.1,sine
86,86,23.90396221394583,16.292134831460675,20,slope,DoK,0.1,sine
87,87,22.995537375633035,16.11111111111111,20,slope,DoK,0.1,sine
88,88,22.98576137651376,15.934065934065934,20,slope,DoK,0.1,sine
89,89,22.769031889517976,15.76086956521739,20,slope,DoK,0.1,sine
90,90,22.242119671658863,15.591397849462366,20,slope,DoK,0.1,sine
91,91,21.615464570369024,15.425531914893616,20,slope,DoK,0.1,sine
92,92,21.009574164287255,15.263157894736842,20,slope,DoK,0.1,sine
93,93,21.34961566377956,15.104166666666666,20,slope,DoK,0.1,sine
94,94,20.420680554313662,14.948453608247425,20,slope,DoK,0.1,sine
95,95,20.88545157175164,14.79591836734694,20,slope,DoK,0.1,sine
96,96,20.812531099123696,14.646464646464649,20,slope,DoK,0.1,sine
0,0,0.0469006412095798,483.3333333333333,10,slope,KoD,0.0,sine
1,1,0.0466811438593131,362.5,10,slope,KoD,0.0,sine
2,2,0.0463246887865299,290.0,10,slope,KoD,0.0,sine
3,3,0.0457965251442527,241.66666666666663,10,slope,KoD,0.0,sine
4,4,0.044912458164672,207.14285714285717,10,slope,KoD,0.0,sine
5,5,0.0438757259778821,181.25,10,slope,KoD,0.0,sine
6,6,0.0432291683899179,161.11111111111111,10,slope,KoD,0.0,sine
7,7,0.0420005128944847,145.0,10,slope,KoD,0.0,sine
8,8,0.0410902978972894,131.8181818181818,10,slope,KoD,0.0,sine
9,9,0.0399633654478207,120.83333333333331,10,slope,KoD,0.0,sine
10,10,0.0390775923323722,111.53846153846152,10,slope,KoD,0.0,sine
11,11,0.0385596103317535,103.57142857142856,10,slope,KoD,0.0,sine
12,12,0.0379267867131126,96.66666666666669,10,slope,KoD,0.0,sine
13,13,0.0374097214422138,90.625,10,slope,KoD,0.0,sine
14,14,0.0374536650511055,85.29411764705883,10,slope,KoD,0.0,sine
15,15,0.0363451435901797,80.55555555555556,10,slope,KoD,0.0,sine
16,16,0.0371071242404791,76.3157894736842,10,slope,KoD,0.0,sine
17,17,0.0372304116554584,72.5,10,slope,KoD,0.0,sine
18,18,0.0377575057797289,69.04761904761905,10,slope,KoD,0.0,sine
19,19,0.038438262479191,65.9090909090909,10,slope,KoD,0.0,sine
20,20,0.0395688406269442,63.04347826086956,10,slope,KoD,0.0,sine
21,21,0.0410822340710489,60.41666666666666,10,slope,KoD,0.0,sine
22,22,0.0419734651236264,58.0,10,slope,KoD,0.0,sine
23,23,0.0437322577767062,55.76923076923077,10,slope,KoD,0.0,sine
24,24,0.0486028215583321,53.7037037037037,10,slope,KoD,0.0,sine
25,25,0.0497083381829536,51.785714285714285,10,slope,KoD,0.0,sine
26,26,0.0528517152662435,50.0,10,slope,KoD,0.0,sine
27,27,0.0557015860508551,48.333333333333336,10,slope,KoD,0.0,sine
28,28,0.0604624096455858,46.774193548387096,10,slope,KoD,0.0,sine
29,29,0.0664075334473078,45.3125,10,slope,KoD,0.0,sine
30,30,0.0696778648644569,43.93939393939394,10,slope,KoD,0.0,sine
31,31,0.0735387357419131,42.64705882352941,10,slope,KoD,0.0,sine
32,32,0.077027197902987,41.42857142857143,10,slope,KoD,0.0,sine
33,33,0.0890728216446987,40.27777777777778,10,slope,KoD,0.0,sine
34,34,0.0836066944268119,39.18918918918919,10,slope,KoD,0.0,sine
35,35,0.0848194758558787,38.1578947368421,10,slope,KoD,0.0,sine
36,36,0.0865014340382733,37.17948717948718,10,slope,KoD,0.0,sine
37,37,0.0880545662302972,36.25,10,slope,KoD,0.0,sine
38,38,0.0899528397346829,35.36585365853659,10,slope,KoD,0.0,sine
39,39,0.092122821742183,34.523809523809526,10,slope,KoD,0.0,sine
40,40,0.0942469577144165,33.72093023255814,10,slope,KoD,0.0,sine
41,41,0.0982527450986826,32.95454545454545,10,slope,KoD,0.0,sine
42,42,0.1013189301442555,32.22222222222222,10,slope,KoD,0.0,sine
43,43,0.1061905337350545,31.52173913043478,10,slope,KoD,0.0,sine
44,44,0.108238096249926,30.851063829787236,10,slope,KoD,0.0,sine
45,45,0.1042676613165162,30.20833333333333,10,slope,KoD,0.0,sine
46,46,0.114738030395531,29.59183673469388,10,slope,KoD,0.0,sine
47,47,0.1200850379233691,29.0,10,slope,KoD,0.0,sine
48,48,0.1237344285914893,28.431372549019606,10,slope,KoD,0.0,sine
49,49,0.1282589438803014,27.884615384615383,10,slope,KoD,0.0,sine
50,50,0.1327408821665635,27.358490566037737,10,slope,KoD,0.0,sine
51,51,0.1404274486625909,26.85185185185185,10,slope,KoD,0.0,sine
52,52,0.1439117685634487,26.363636363636363,10,slope,KoD,0.0,sine
53,53,0.1466251315021657,25.892857142857142,10,slope,KoD,0.0,sine
54,54,0.1479162010127004,25.43859649122807,10,slope,KoD,0.0,sine
55,55,0.1477780846456768,25.0,10,slope,KoD,0.0,sine
56,56,0.1512279889849639,24.57627118644068,10,slope,KoD,0.0,sine
57,57,0.1520367737804109,24.166666666666668,10,slope,KoD,0.0,sine
58,58,0.153658311622639,23.770491803278688,10,slope,KoD,0.0,sine
59,59,0.1555304137667551,23.387096774193548,10,slope,KoD,0.0,sine
60,60,0.1595997515290047,23.015873015873016,10,slope,KoD,0.0,sine
61,61,0.1646561185995693,22.65625,10,slope,KoD,0.0,sine
62,62,0.1672694688723085,22.307692307692307,10,slope,KoD,0.0,sine
63,63,0.1723038004766411,21.96969696969697,10,slope,KoD,0.0,sine
64,64,0.176077314651198,21.64179104477612,10,slope,KoD,0.0,sine
65,65,0.1780262226181955,21.323529411764707,10,slope,KoD,0.0,sine
66,66,0.173225580698313,21.014492753623188,10,slope,KoD,0.0,sine
67,67,0.1592749151433225,20.714285714285715,10,slope,KoD,0.0,sine
68,68,0.1350650169450083,20.422535211267604,10,slope,KoD,0.0,sine
69,69,0.0937517188868853,20.13888888888889,10,slope,KoD,0.0,sine
70,70,0.1294821838797961,19.863013698630137,10,slope,KoD,0.0,sine
71,71,0.1562246370560388,19.594594594594597,10,slope,KoD,0.0,sine
72,72,0.1688460487611862,19.33333333333333,10,slope,KoD,0.0,sine
73,73,0.1777511527727745,19.07894736842105,10,slope,KoD,0.0,sine
74,74,0.176399782818437,18.83116883116883,10,slope,KoD,0.0,sine
75,75,0.1737490333684181,18.58974358974359,10,slope,KoD,0.0,sine
76,76,0.1691749170599887,18.354430379746837,10,slope,KoD,0.0,sine
77,77,0.1655089233980513,18.125,10,slope,KoD,0.0,sine
78,78,0.1584678025307907,17.901234567901234,10,slope,KoD,0.0,sine
79,79,0.156498913251193,17.682926829268293,10,slope,KoD,0.0,sine
80,80,0.1553311651085902,17.46987951807229,10,slope,KoD,0.0,sine
81,81,0.1530887720635098,17.261904761904763,10,slope,KoD,0.0,sine
82,82,0.1507246407069121,17.058823529411764,10,slope,KoD,0.0,sine
83,83,0.1487498902988734,16.86046511627907,10,slope,KoD,0.0,sine
84,84,0.1478447894651621,16.666666666666668,10,slope,KoD,0.0,sine
85,85,0.1474312509908342,16.477272727272727,10,slope,KoD,0.0,sine
86,86,0.1452882339938704,16.292134831460675,10,slope,KoD,0.0,sine
87,87,0.1419398744475467,16.11111111111111,10,slope,KoD,0.0,sine
88,88,0.1351613329832726,15.934065934065934,10,slope,KoD,0.0,sine
89,89,0.1295889871362922,15.76086956521739,10,slope,KoD,0.0,sine
90,90,0.1247502500036018,15.591397849462366,10,slope,KoD,0.0,sine
91,91,0.1219079889244898,15.425531914893616,10,slope,KoD,0.0,sine
92,92,0.1168931346436174,15.263157894736842,10,slope,KoD,0.0,sine
93,93,0.1150647087288913,15.104166666666666,10,slope,KoD,0.0,sine
94,94,0.1081759199054926,14.948453608247425,10,slope,KoD,0.0,sine
95,95,0.1073518499152008,14.79591836734694,10,slope,KoD,0.0,sine
96,96,0.1045625055737326,14.646464646464649,10,slope,KoD,0.0,sine
0,0,0.0461580604275674,483.3333333333333,30,slope,KoD,0.1,sine
1,1,0.0447689135693527,362.5,30,slope,KoD,0.1,sine
2,2,0.0425112204750108,290.0,30,slope,KoD,0.1,sine
3,3,0.0395217648581759,241.66666666666663,30,slope,KoD,0.1,sine
4,4,0.0371906230391401,207.14285714285717,30,slope,KoD,0.1,sine
5,5,0.034978953172036,181.25,30,slope,KoD,0.1,sine
6,6,0.0331984942910837,161.11111111111111,30,slope,KoD,0.1,sine
7,7,0.0325369974039792,145.0,30,slope,KoD,0.1,sine
8,8,0.0322576409982935,131.8181818181818,30,slope,KoD,0.1,sine
9,9,0.0299250561787725,120.83333333333331,30,slope,KoD,0.1,sine
10,10,0.0343198839210418,111.53846153846152,30,slope,KoD,0.1,sine
11,11,0.0359406366012412,103.57142857142856,30,slope,KoD,0.1,sine
12,12,0.0389161290663228,96.66666666666669,30,slope,KoD,0.1,sine
13,13,0.0422397496425644,90.625,30,slope,KoD,0.1,sine
14,14,0.044536556538292,85.29411764705883,30,slope,KoD,0.1,sine
15,15,0.0511291037282692,80.55555555555556,30,slope,KoD,0.1,sine
16,16,0.0477798868698926,76.3157894736842,30,slope,KoD,0.1,sine
17,17,0.0486562804821876,72.5,30,slope,KoD,0.1,sine
18,18,0.0485055505932761,69.04761904761905,30,slope,KoD,0.1,sine
19,19,0.0480028856183953,65.9090909090909,30,slope,KoD,0.1,sine
20,20,0.0477274125816622,63.04347826086956,30,slope,KoD,0.1,sine
21,21,0.0566299531453298,60.41666666666666,30,slope,KoD,0.1,sine
22,22,0.0469332020911152,58.0,30,slope,KoD,0.1,sine
23,23,0.046918441044976,55.76923076923077,30,slope,KoD,0.1,sine
24,24,0.0479637421081762,53.7037037037037,30,slope,KoD,0.1,sine
25,25,0.0462579372817348,51.785714285714285,30,slope,KoD,0.1,sine
26,26,0.0461989440266068,50.0,30,slope,KoD,0.1,sine
27,27,0.0470662637123218,48.333333333333336,30,slope,KoD,0.1,sine
28,28,0.0478297892219641,46.774193548387096,30,slope,KoD,0.1,sine
29,29,0.0488982037576411,45.3125,30,slope,KoD,0.1,sine
30,30,0.0507142368446712,43.93939393939394,30,slope,KoD,0.1,sine
31,31,0.0530819290171719,42.64705882352941,30,slope,KoD,0.1,sine
32,32,0.0531730375213325,41.42857142857143,30,slope,KoD,0.1,sine
33,33,0.0730529029432795,40.27777777777778,30,slope,KoD,0.1,sine
34,34,0.0535461847144335,39.18918918918919,30,slope,KoD,0.1,sine
35,35,0.0557124722162798,38.1578947368421,30,slope,KoD,0.1,sine
36,36,0.0556593740425456,37.17948717948718,30,slope,KoD,0.1,sine
37,37,0.0563317528509557,36.25,30,slope,KoD,0.1,sine
38,38,0.0564446718830373,35.36585365853659,30,slope,KoD,0.1,sine
39,39,0.0581068132124459,34.523809523809526,30,slope,KoD,0.1,sine
40,40,0.0576695925536854,33.72093023255814,30,slope,KoD,0.1,sine
41,41,0.060952006977838,32.95454545454545,30,slope,KoD,0.1,sine
42,42,0.060580930914845,32.22222222222222,30,slope,KoD,0.1,sine
43,43,0.0604100541926895,31.52173913043478,30,slope,KoD,0.1,sine
44,44,0.0590354094893505,30.851063829787236,30,slope,KoD,0.1,sine
45,45,0.0550637458834688,30.20833333333333,30,slope,KoD,0.1,sine
46,46,0.0565465052760977,29.59183673469388,30,slope,KoD,0.1,sine
47,47,0.0582040926657399,29.0,30,slope,KoD,0.1,sine
48,48,0.0608663946078782,28.431372549019606,30,slope,KoD,0.1,sine
49,49,0.0636112489101239,27.884615384615383,30,slope,KoD,0.1,sine
50,50,0.0642509182928311,27.358490566037737,30,slope,KoD,0.1,sine
51,51,0.0599695570740039,26.85185185185185,30,slope,KoD,0.1,sine
52,52,0.0620149296234333,26.363636363636363,30,slope,KoD,0.1,sine
53,53,0.0600967575667694,25.892857142857142,30,slope,KoD,0.1,sine
54,54,0.057644149059837,25.43859649122807,30,slope,KoD,0.1,sine
55,55,0.0549110000379972,25.0,30,slope,KoD,0.1,sine
56,56,0.0524608191671752,24.57627118644068,30,slope,KoD,0.1,sine
57,57,0.0522561507689529,24.166666666666668,30,slope,KoD,0.1,sine
58,58,0.0514084219368833,23.770491803278688,30,slope,KoD,0.1,sine
59,59,0.0511480070346246,23.387096774193548,30,slope,KoD,0.1,sine
60,60,0.0506938820495925,23.015873015873016,30,slope,KoD,0.1,sine
61,61,0.049567586217985,22.65625,30,slope,KoD,0.1,sine
62,62,0.0481209867198662,22.307692307692307,30,slope,KoD,0.1,sine
63,63,0.0471760081433361,21.96969696969697,30,slope,KoD,0.1,sine
64,64,0.0453182171687373,21.64179104477612,30,slope,KoD,0.1,sine
65,65,0.0455975523538277,21.323529411764707,30,slope,KoD,0.1,sine
66,66,0.0459504932960176,21.014492753623188,30,slope,KoD,0.1,sine
67,67,0.0467705250070106,20.714285714285715,30,slope,KoD,0.1,sine
68,68,0.0468611963669065,20.422535211267604,30,slope,KoD,0.1,sine
69,69,0.0434558977190866,20.13888888888889,30,slope,KoD,0.1,sine
70,70,0.0480326071842702,19.863013698630137,30,slope,KoD,0.1,sine
71,71,0.0462905151397465,19.594594594594597,30,slope,KoD,0.1,sine
72,72,0.046241075396654,19.33333333333333,30,slope,KoD,0.1,sine
73,73,0.0454590412837301,19.07894736842105,30,slope,KoD,0.1,sine
74,74,0.0456492881653392,18.83116883116883,30,slope,KoD,0.1,sine
75,75,0.0467153344825729,18.58974358974359,30,slope,KoD,0.1,sine
76,76,0.0480747682631508,18.354430379746837,30,slope,KoD,0.1,sine
77,77,0.0491440825520715,18.125,30,slope,KoD,0.1,sine
78,78,0.0507819220556626,17.901234567901234,30,slope,KoD,0.1,sine
79,79,0.0514463304084518,17.682926829268293,30,slope,KoD,0.1,sine
80,80,0.0517077936081218,17.46987951807229,30,slope,KoD,0.1,sine
81,81,0.0512840650038974,17.261904761904763,30,slope,KoD,0.1,sine
82,82,0.0523242009741846,17.058823529411764,30,slope,KoD,0.1,sine
83,83,0.0542479158503591,16.86046511627907,30,slope,KoD,0.1,sine
84,84,0.0566525615676367,16.666666666666668,30,slope,KoD,0.1,sine
85,85,0.0592474626547615,16.477272727272727,30,slope,KoD,0.1,sine
86,86,0.0616390237529342,16.292134831460675,30,slope,KoD,0.1,sine
87,87,0.0631764855963072,16.11111111111111,30,slope,KoD,0.1,sine
88,88,0.0641941532002169,15.934065934065934,30,slope,KoD,0.1,sine
89,89,0.0635522301902815,15.76086956521739,30,slope,KoD,0.1,sine
90,90,0.0613593278177225,15.591397849462366,30,slope,KoD,0.1,sine
91,91,0.0587053273724929,15.425531914893616,30,slope,KoD,0.1,sine
92,92,0.0568771051754824,15.263157894736842,30,slope,KoD,0.1,sine
93,93,0.0574919294851306,15.104166666666666,30,slope,KoD,0.1,sine
94,94,0.0580850748345491,14.948453608247425,30,slope,KoD,0.1,sine
95,95,0.0596137301308437,14.79591836734694,30,slope,KoD,0.1,sine
96,96,0.0605961418376061,14.646464646464649,30,slope,KoD,0.1,sine
0,0,0.4897112807419073,483.3333333333333,30,elevation,logDoK,0.0,sine
1,1,0.4708187190226052,362.5,30,elevation,logDoK,0.0,sine
2,2,0.3399007712071015,290.0,30,elevation,logDoK,0.0,sine
3,3,0.334664162980526,241.66666666666663,30,elevation,logDoK,0.0,sine
4,4,0.3218716596687797,207.14285714285717,30,elevation,logDoK,0.0,sine
5,5,0.2746795663578132,181.25,30,elevation,logDoK,0.0,sine
6,6,0.1194539222803949,161.11111111111111,30,elevation,logDoK,0.0,sine
7,7,0.0816280349236859,145.0,30,elevation,logDoK,0.0,sine
8,8,0.0504397085211891,131.8181818181818,30,elevation,logDoK,0.0,sine
9,9,-0.2055238909555283,120.83333333333331,30,elevation,logDoK,0.0,sine
10,10,-0.4114001766727539,111.53846153846152,30,elevation,logDoK,0.0,sine
11,11,-0.3001261399827446,103.57142857142856,30,elevation,logDoK,0.0,sine
12,12,-0.5533345733560717,96.66666666666669,30,elevation,logDoK,0.0,sine
13,13,-0.7588339974689713,90.625,30,elevation,logDoK,0.0,sine
14,14,-1.038227600211864,85.29411764705883,30,elevation,logDoK,0.0,sine
15,15,-1.0443935930291257,80.55555555555556,30,elevation,logDoK,0.0,sine
16,16,-1.3079544244959191,76.3157894736842,30,elevation,logDoK,0.0,sine
17,17,-1.3677749013278688,72.5,30,elevation,logDoK,0.0,sine
18,18,-1.60145152435049,69.04761904761905,30,elevation,logDoK,0.0,sine
19,19,-1.7092177358468008,65.9090909090909,30,elevation,logDoK,0.0,sine
20,20,-1.956352509133032,63.04347826086956,30,elevation,logDoK,0.0,sine
21,21,-2.191285610354264,60.41666666666666,30,elevation,logDoK,0.0,sine
22,22,-2.022079006485253,58.0,30,elevation,logDoK,0.0,sine
23,23,-2.1756689369572744,55.76923076923077,30,elevation,logDoK,0.0,sine
24,24,-2.223693743800128,53.7037037037037,30,elevation,logDoK,0.0,sine
25,25,-2.228257338101689,51.785714285714285,30,elevation,logDoK,0.0,sine
26,26,-2.2830708925588743,50.0,30,elevation,logDoK,0.0,sine
27,27,-2.291854943923652,48.333333333333336,30,elevation,logDoK,0.0,sine
28,28,-2.248826581982636,46.774193548387096,30,elevation,logDoK,0.0,sine
29,29,-2.3022531809611726,45.3125,30,elevation,logDoK,0.0,sine
30,30,-2.395853030508245,43.93939393939394,30,elevation,logDoK,0.0,sine
31,31,-2.4913113218156626,42.64705882352941,30,elevation,logDoK,0.0,sine
32,32,-2.248627509997032,41.42857142857143,30,elevation,logDoK,0.0,sine
33,33,-2.745638225423896,40.27777777777778,30,elevation,logDoK,0.0,sine
34,34,-2.3668801984981664,39.18918918918919,30,elevation,logDoK,0.0,sine
35,35,-2.4023975220349776,38.1578947368421,30,elevation,logDoK,0.0,sine
36,36,-2.3348905091273044,37.17948717948718,30,elevation,logDoK,0.0,sine
37,37,-2.2444574757722737,36.25,30,elevation,logDoK,0.0,sine
38,38,-2.2688614747443294,35.36585365853659,30,elevation,logDoK,0.0,sine
39,39,-2.180535068289589,34.523809523809526,30,elevation,logDoK,0.0,sine
40,40,-2.1882857788869874,33.72093023255814,30,elevation,logDoK,0.0,sine
41,41,-2.151372986924774,32.95454545454545,30,elevation,logDoK,0.0,sine
42,42,-2.122455161647559,32.22222222222222,30,elevation,logDoK,0.0,sine
43,43,-2.14740529889591,31.52173913043478,30,elevation,logDoK,0.0,sine
44,44,-2.014152143374278,30.851063829787236,30,elevation,logDoK,0.0,sine
45,45,-2.563260783244183,30.20833333333333,30,elevation,logDoK,0.0,sine
46,46,-1.992366857791796,29.59183673469388,30,elevation,logDoK,0.0,sine
47,47,-1.9383574493817213,29.0,30,elevation,logDoK,0.0,sine
48,48,-1.9009594194545976,28.431372549019606,30,elevation,logDoK,0.0,sine
49,49,-1.86286791178815,27.884615384615383,30,elevation,logDoK,0.0,sine
50,50,-1.8300655634234249,27.358490566037737,30,elevation,logDoK,0.0,sine
51,51,-1.9156069266058828,26.85185185185185,30,elevation,logDoK,0.0,sine
52,52,-1.7608991807410128,26.363636363636363,30,elevation,logDoK,0.0,sine
53,53,-1.7487073313068822,25.892857142857142,30,elevation,logDoK,0.0,sine
54,54,-1.7725042916912572,25.43859649122807,30,elevation,logDoK,0.0,sine
55,55,-1.8477443344607656,25.0,30,elevation,logDoK,0.0,sine
56,56,-1.8901964353908227,24.57627118644068,30,elevation,logDoK,0.0,sine
57,57,-2.0057354584039864,24.166666666666668,30,elevation,logDoK,0.0,sine
58,58,-2.01719388473326,23.770491803278688,30,elevation,logDoK,0.0,sine
59,59,-2.0792382051938647,23.387096774193548,30,elevation,logDoK,0.0,sine
60,60,-2.0926598480127465,23.015873015873016,30,elevation,logDoK,0.0,sine
61,61,-2.184241474337348,22.65625,30,elevation,logDoK,0.0,sine
62,62,-2.2287949634312314,22.307692307692307,30,elevation,logDoK,0.0,sine
63,63,-2.2711743768928603,21.96969696969697,30,elevation,logDoK,0.0,sine
64,64,-2.290705041269965,21.64179104477612,30,elevation,logDoK,0.0,sine
65,65,-2.3592519433655967,21.323529411764707,30,elevation,logDoK,0.0,sine
66,66,-2.288132166824445,21.014492753623188,30,elevation,logDoK,0.0,sine
67,67,-2.3572651525619035,20.714285714285715,30,elevation,logDoK,0.0,sine
68,68,-2.781959695007819,20.422535211267604,30,elevation,logDoK,0.0,sine
69,69,-1.7527188937536269,20.13888888888889,30,elevation,logDoK,0.0,sine
70,70,-2.520424944868192,19.863013698630137,30,elevation,logDoK,0.0,sine
71,71,-2.276001872543758,19.594594594594597,30,elevation,logDoK,0.0,sine
72,72,-2.51836284722784,19.33333333333333,30,elevation,logDoK,0.0,sine
73,73,-2.386848952212011,19.07894736842105,30,elevation,logDoK,0.0,sine
74,74,-2.364592835189894,18.83116883116883,30,elevation,logDoK,0.0,sine
75,75,-2.387480219955835,18.58974358974359,30,elevation,logDoK,0.0,sine
76,76,-2.372350094207872,18.354430379746837,30,elevation,logDoK,0.0,sine
77,77,-2.4461868104472826,18.125,30,elevation,logDoK,0.0,sine
78,78,-2.330156655890688,17.901234567901234,30,elevation,logDoK,0.0,sine
79,79,-2.335127561952268,17.682926829268293,30,elevation,logDoK,0.0,sine
80,80,-2.3046636545763315,17.46987951807229,30,elevation,logDoK,0.0,sine
81,81,-2.310844708760925,17.261904761904763,30,elevation,logDoK,0.0,sine
82,82,-2.29438459879335,17.058823529411764,30,elevation,logDoK,0.0,sine
83,83,-2.250489880809722,16.86046511627907,30,elevation,logDoK,0.0,sine
84,84,-2.214866472859529,16.666666666666668,30,elevation,logDoK,0.0,sine
85,85,-2.2112216219652137,16.477272727272727,30,elevation,logDoK,0.0,sine
86,86,-2.1793092039571853,16.292134831460675,30,elevation,logDoK,0.0,sine
87,87,-2.1658358286157293,16.11111111111111,30,elevation,logDoK,0.0,sine
88,88,-2.119345971556611,15.934065934065934,30,elevation,logDoK,0.0,sine
89,89,-2.049755251220676,15.76086956521739,30,elevation,logDoK,0.0,sine
90,90,-1.9925449748315465,15.591397849462366,30,elevation,logDoK,0.0,sine
91,91,-1.9629461138141069,15.425531914893616,30,elevation,logDoK,0.0,sine
92,92,-2.0295062251060454,15.263157894736842,30,elevation,logDoK,0.0,sine
93,93,-1.6278717820188444,15.104166666666666,30,elevation,logDoK,0.0,sine
94,94,-1.8001170167470624,14.948453608247425,30,elevation,logDoK,0.0,sine
95,95,-1.858312830433342,14.79591836734694,30,elevation,logDoK,0.0,sine
96,96,-1.7984648502349605,14.646464646464649,30,elevation,logDoK,0.0,sine
0,0,0.0465162555891709,483.3333333333333,20,slope,KoD,0.0,sine
1,1,0.0465617058603339,362.5,20,slope,KoD,0.0,sine
2,2,0.0464239544875506,290.0,20,slope,KoD,0.0,sine
3,3,0.0459978703972402,241.66666666666663,20,slope,KoD,0.0,sine
4,4,0.0453036173991229,207.14285714285717,20,slope,KoD,0.0,sine
5,5,0.0439466112546552,181.25,20,slope,KoD,0.0,sine
6,6,0.0422801663885057,161.11111111111111,20,slope,KoD,0.0,sine
7,7,0.0412986247261534,145.0,20,slope,KoD,0.0,sine
8,8,0.0395329820648883,131.8181818181818,20,slope,KoD,0.0,sine
9,9,0.0365005250335962,120.83333333333331,20,slope,KoD,0.0,sine
10,10,0.0365144457441588,111.53846153846152,20,slope,KoD,0.0,sine
11,11,0.0353706132125376,103.57142857142856,20,slope,KoD,0.0,sine
12,12,0.0348433323470278,96.66666666666669,20,slope,KoD,0.0,sine
13,13,0.0351065356355181,90.625,20,slope,KoD,0.0,sine
14,14,0.035979533952554,85.29411764705883,20,slope,KoD,0.0,sine
15,15,0.0381173052183424,80.55555555555556,20,slope,KoD,0.0,sine
16,16,0.0399789795618938,76.3157894736842,20,slope,KoD,0.0,sine
17,17,0.0427362733771453,72.5,20,slope,KoD,0.0,sine
18,18,0.0463292512145344,69.04761904761905,20,slope,KoD,0.0,sine
19,19,0.0509997599553714,65.9090909090909,20,slope,KoD,0.0,sine
20,20,0.0540955731961995,63.04347826086956,20,slope,KoD,0.0,sine
21,21,0.0562945191943199,60.41666666666666,20,slope,KoD,0.0,sine
22,22,0.0574119702817773,58.0,20,slope,KoD,0.0,sine
23,23,0.05701900729672,55.76923076923077,20,slope,KoD,0.0,sine
24,24,0.0614478643857242,53.7037037037037,20,slope,KoD,0.0,sine
25,25,0.0561509745990006,51.785714285714285,20,slope,KoD,0.0,sine
26,26,0.0526280247263317,50.0,20,slope,KoD,0.0,sine
27,27,0.0521133913356623,48.333333333333336,20,slope,KoD,0.0,sine
28,28,0.0504138253642596,46.774193548387096,20,slope,KoD,0.0,sine
29,29,0.0504519205770674,45.3125,20,slope,KoD,0.0,sine
30,30,0.0518056502616099,43.93939393939394,20,slope,KoD,0.0,sine
31,31,0.0546041459848314,42.64705882352941,20,slope,KoD,0.0,sine
32,32,0.0568533083998347,41.42857142857143,20,slope,KoD,0.0,sine
33,33,0.0480626173502421,40.27777777777778,20,slope,KoD,0.0,sine
34,34,0.0628042211799736,39.18918918918919,20,slope,KoD,0.0,sine
35,35,0.0633440943467758,38.1578947368421,20,slope,KoD,0.0,sine
36,36,0.0640707257293082,37.17948717948718,20,slope,KoD,0.0,sine
37,37,0.0627645004695604,36.25,20,slope,KoD,0.0,sine
38,38,0.0619987934827141,35.36585365853659,20,slope,KoD,0.0,sine
39,39,0.0612805187706383,34.523809523809526,20,slope,KoD,0.0,sine
40,40,0.0613853145588123,33.72093023255814,20,slope,KoD,0.0,sine
41,41,0.0619235537397711,32.95454545454545,20,slope,KoD,0.0,sine
42,42,0.063010502343444,32.22222222222222,20,slope,KoD,0.0,sine
43,43,0.0647070592344233,31.52173913043478,20,slope,KoD,0.0,sine
44,44,0.0650789162153258,30.851063829787236,20,slope,KoD,0.0,sine
45,45,0.0659492704461786,30.20833333333333,20,slope,KoD,0.0,sine
46,46,0.0663211571359147,29.59183673469388,20,slope,KoD,0.0,sine
47,47,0.0668902935037318,29.0,20,slope,KoD,0.0,sine
48,48,0.0669320938324912,28.431372549019606,20,slope,KoD,0.0,sine
49,49,0.0671983316661194,27.884615384615383,20,slope,KoD,0.0,sine
50,50,0.066575693933256,27.358490566037737,20,slope,KoD,0.0,sine
51,51,0.0621679980219545,26.85185185185185,20,slope,KoD,0.0,sine
52,52,0.064244259270004,26.363636363636363,20,slope,KoD,0.0,sine
53,53,0.0624188509239395,25.892857142857142,20,slope,KoD,0.0,sine
54,54,0.0601376241893325,25.43859649122807,20,slope,KoD,0.0,sine
55,55,0.0560965395277581,25.0,20,slope,KoD,0.0,sine
56,56,0.0557299834515789,24.57627118644068,20,slope,KoD,0.0,sine
57,57,0.0544778325129524,24.166666666666668,20,slope,KoD,0.0,sine
58,58,0.0525178940804817,23.770491803278688,20,slope,KoD,0.0,sine
59,59,0.0507655821972279,23.387096774193548,20,slope,KoD,0.0,sine
60,60,0.047691477625463,23.015873015873016,20,slope,KoD,0.0,sine
61,61,0.0454358089759193,22.65625,20,slope,KoD,0.0,sine
62,62,0.039925274479132,22.307692307692307,20,slope,KoD,0.0,sine
63,63,0.0350915369187108,21.96969696969697,20,slope,KoD,0.0,sine
64,64,0.0333344716220941,21.64179104477612,20,slope,KoD,0.0,sine
65,65,0.0314156969005217,21.323529411764707,20,slope,KoD,0.0,sine
66,66,0.0304614661444104,21.014492753623188,20,slope,KoD,0.0,sine
67,67,0.0301119120092415,20.714285714285715,20,slope,KoD,0.0,sine
68,68,0.0296207570852892,20.422535211267604,20,slope,KoD,0.0,sine
69,69,0.0332438257269126,20.13888888888889,20,slope,KoD,0.0,sine
70,70,0.0309395576698531,19.863013698630137,20,slope,KoD,0.0,sine
71,71,0.0300388113023117,19.594594594594597,20,slope,KoD,0.0,sine
72,72,0.0305862347569465,19.33333333333333,20,slope,KoD,0.0,sine
73,73,0.0309595559589295,19.07894736842105,20,slope,KoD,0.0,sine
74,74,0.0323272657717017,18.83116883116883,20,slope,KoD,0.0,sine
75,75,0.0347644935911101,18.58974358974359,20,slope,KoD,0.0,sine
76,76,0.0381918149728047,18.354430379746837,20,slope,KoD,0.0,sine
77,77,0.043500681663555,18.125,20,slope,KoD,0.0,sine
78,78,0.0479103638225831,17.901234567901234,20,slope,KoD,0.0,sine
79,79,0.0498050022389819,17.682926829268293,20,slope,KoD,0.0,sine
80,80,0.0516443949573951,17.46987951807229,20,slope,KoD,0.0,sine
81,81,0.0538498387018177,17.261904761904763,20,slope,KoD,0.0,sine
82,82,0.0553315115999636,17.058823529411764,20,slope,KoD,0.0,sine
83,83,0.0570559226444252,16.86046511627907,20,slope,KoD,0.0,sine
84,84,0.0583047801466504,16.666666666666668,20,slope,KoD,0.0,sine
85,85,0.0624613685088224,16.477272727272727,20,slope,KoD,0.0,sine
86,86,0.0636527181975955,16.292134831460675,20,slope,KoD,0.0,sine
87,87,0.0648591854385101,16.11111111111111,20,slope,KoD,0.0,sine
88,88,0.0657938168527379,15.934065934065934,20,slope,KoD,0.0,sine
89,89,0.0666194423126703,15.76086956521739,20,slope,KoD,0.0,sine
90,90,0.0675129694336669,15.591397849462366,20,slope,KoD,0.0,sine
91,91,0.0672433447930177,15.425531914893616,20,slope,KoD,0.0,sine
92,92,0.0663131272626268,15.263157894736842,20,slope,KoD,0.0,sine
93,93,0.0659344330058961,15.104166666666666,20,slope,KoD,0.0,sine
94,94,0.0657451665157932,14.948453608247425,20,slope,KoD,0.0,sine
95,95,0.06482142126699,14.79591836734694,20,slope,KoD,0.0,sine
96,96,0.0634751442555413,14.646464646464649,20,slope,KoD,0.0,sine
0,0,-1.4760578808216978,483.3333333333333,20,slope,logKoD,0.0,sine
1,1,-1.4757018104527102,362.5,20,slope,logKoD,0.0,sine
2,2,-1.4741693981819484,290.0,20,slope,logKoD,0.0,sine
3,3,-1.4730009143848688,241.66666666666663,20,slope,logKoD,0.0,sine
4,4,-1.471915268108115,207.14285714285717,20,slope,logKoD,0.0,sine
5,5,-1.4724756491991693,181.25,20,slope,logKoD,0.0,sine
6,6,-1.4761114960151889,161.11111111111111,20,slope,logKoD,0.0,sine
7,7,-1.4823327411310865,145.0,20,slope,logKoD,0.0,sine
8,8,-1.489259169288093,131.8181818181818,20,slope,logKoD,0.0,sine
9,9,-1.5011448800601517,120.83333333333331,20,slope,logKoD,0.0,sine
10,10,-1.505470684839434,111.53846153846152,20,slope,logKoD,0.0,sine
11,11,-1.5129203318007094,103.57142857142856,20,slope,logKoD,0.0,sine
12,12,-1.514427614507499,96.66666666666669,20,slope,logKoD,0.0,sine
13,13,-1.510272969071102,90.625,20,slope,logKoD,0.0,sine
14,14,-1.498054762244141,85.29411764705883,20,slope,logKoD,0.0,sine
15,15,-1.4687590112442557,80.55555555555556,20,slope,logKoD,0.0,sine
16,16,-1.4524068888247932,76.3157894736842,20,slope,logKoD,0.0,sine
17,17,-1.4263927560152274,72.5,20,slope,logKoD,0.0,sine
18,18,-1.398194602159653,69.04761904761905,20,slope,logKoD,0.0,sine
19,19,-1.3717878096811145,65.9090909090909,20,slope,logKoD,0.0,sine
20,20,-1.3465347875171665,63.04347826086956,20,slope,logKoD,0.0,sine
21,21,-1.3234515435844685,60.41666666666666,20,slope,logKoD,0.0,sine
22,22,-1.3163239561327975,58.0,20,slope,logKoD,0.0,sine
23,23,-1.3119980694982578,55.76923076923077,20,slope,logKoD,0.0,sine
24,24,-1.2841779846120536,53.7037037037037,20,slope,logKoD,0.0,sine
25,25,-1.3238970203581744,51.785714285714285,20,slope,logKoD,0.0,sine
26,26,-1.3295644123397818,50.0,20,slope,logKoD,0.0,sine
27,27,-1.3336946444457074,48.333333333333336,20,slope,logKoD,0.0,sine
28,28,-1.3390883124471091,46.774193548387096,20,slope,logKoD,0.0,sine
29,29,-1.3434706178177007,45.3125,20,slope,logKoD,0.0,sine
30,30,-1.3475139401042535,43.93939393939394,20,slope,logKoD,0.0,sine
31,31,-1.3306057544585554,42.64705882352941,20,slope,logKoD,0.0,sine
32,32,-1.310299982186845,41.42857142857143,20,slope,logKoD,0.0,sine
33,33,-1.3713086699328687,40.27777777777778,20,slope,logKoD,0.0,sine
34,34,-1.2627422619056086,39.18918918918919,20,slope,logKoD,0.0,sine
35,35,-1.2558629209853285,38.1578947368421,20,slope,logKoD,0.0,sine
36,36,-1.247294210338531,37.17948717948718,20,slope,logKoD,0.0,sine
37,37,-1.2382576662008944,36.25,20,slope,logKoD,0.0,sine
38,38,-1.236278232138446,35.36585365853659,20,slope,logKoD,0.0,sine
39,39,-1.2302800528304307,34.523809523809526,20,slope,logKoD,0.0,sine
40,40,-1.2249232913181365,33.72093023255814,20,slope,logKoD,0.0,sine
41,41,-1.2144051567925758,32.95454545454545,20,slope,logKoD,0.0,sine
42,42,-1.210003144768804,32.22222222222222,20,slope,logKoD,0.0,sine
43,43,-1.1981005104223117,31.52173913043478,20,slope,logKoD,0.0,sine
44,44,-1.190886790776212,30.851063829787236,20,slope,logKoD,0.0,sine
45,45,-1.1709169627121154,30.20833333333333,20,slope,logKoD,0.0,sine
46,46,-1.1861327090591502,29.59183673469388,20,slope,logKoD,0.0,sine
47,47,-1.1767892793302197,29.0,20,slope,logKoD,0.0,sine
48,48,-1.177381911392626,28.431372549019606,20,slope,logKoD,0.0,sine
49,49,-1.180988771215676,27.884615384615383,20,slope,logKoD,0.0,sine
50,50,-1.1944895987640285,27.358490566037737,20,slope,logKoD,0.0,sine
51,51,-1.2296024038514748,26.85185185185185,20,slope,logKoD,0.0,sine
52,52,-1.200242867142386,26.363636363636363,20,slope,logKoD,0.0,sine
53,53,-1.2035693215498584,25.892857142857142,20,slope,logKoD,0.0,sine
54,54,-1.2109435388915886,25.43859649122807,20,slope,logKoD,0.0,sine
55,55,-1.2316809441666248,25.0,20,slope,logKoD,0.0,sine
56,56,-1.2280635352472982,24.57627118644068,20,slope,logKoD,0.0,sine
57,57,-1.2324122288028865,24.166666666666668,20,slope,logKoD,0.0,sine
58,58,-1.2457509522461852,23.770491803278688,20,slope,logKoD,0.0,sine
59,59,-1.2499242606812324,23.387096774193548,20,slope,logKoD,0.0,sine
60,60,-1.2669177395049729,23.015873015873016,20,slope,logKoD,0.0,sine
61,61,-1.28173947557129,22.65625,20,slope,logKoD,0.0,sine
62,62,-1.3023654451455031,22.307692307692307,20,slope,logKoD,0.0,sine
63,63,-1.3293575436409255,21.96969696969697,20,slope,logKoD,0.0,sine
64,64,-1.347549403894452,21.64179104477612,20,slope,logKoD,0.0,sine
65,65,-1.3653734884772055,21.323529411764707,20,slope,logKoD,0.0,sine
66,66,-1.379418438616144,21.014492753623188,20,slope,logKoD,0.0,sine
67,67,-1.3821964832639326,20.714285714285715,20,slope,logKoD,0.0,sine
68,68,-1.4005363378225462,20.422535211267604,20,slope,logKoD,0.0,sine
69,69,-1.4264086359351318,20.13888888888889,20,slope,logKoD,0.0,sine
70,70,-1.3936329723842662,19.863013698630137,20,slope,logKoD,0.0,sine
71,71,-1.3884820256843908,19.594594594594597,20,slope,logKoD,0.0,sine
72,72,-1.380869241195439,19.33333333333333,20,slope,logKoD,0.0,sine
73,73,-1.3692227728764743,19.07894736842105,20,slope,logKoD,0.0,sine
74,74,-1.354552264397905,18.83116883116883,20,slope,logKoD,0.0,sine
75,75,-1.3367483980636896,18.58974358974359,20,slope,logKoD,0.0,sine
76,76,-1.3126924885730404,18.354430379746837,20,slope,logKoD,0.0,sine
77,77,-1.288259021708379,18.125,20,slope,logKoD,0.0,sine
78,78,-1.2705287227866062,17.901234567901234,20,slope,logKoD,0.0,sine
79,79,-1.2538595544920446,17.682926829268293,20,slope,logKoD,0.0,sine
80,80,-1.250202814121615,17.46987951807229,20,slope,logKoD,0.0,sine
81,81,-1.2392631454850906,17.261904761904763,20,slope,logKoD,0.0,sine
82,82,-1.227766267648729,17.058823529411764,20,slope,logKoD,0.0,sine
83,83,-1.225612481888363,16.86046511627907,20,slope,logKoD,0.0,sine
84,84,-1.223178546510098,16.666666666666668,20,slope,logKoD,0.0,sine
85,85,-1.2018893242502957,16.477272727272727,20,slope,logKoD,0.0,sine
86,86,-1.2015991268995707,16.292134831460675,20,slope,logKoD,0.0,sine
87,87,-1.2063708995841032,16.11111111111111,20,slope,logKoD,0.0,sine
88,88,-1.1999444024106802,15.934065934065934,20,slope,logKoD,0.0,sine
89,89,-1.1848510399051242,15.76086956521739,20,slope,logKoD,0.0,sine
90,90,-1.1777102430613169,15.591397849462366,20,slope,logKoD,0.0,sine
91,91,-1.1782157402023932,15.425531914893616,20,slope,logKoD,0.0,sine
92,92,-1.1819669926992118,15.263157894736842,20,slope,logKoD,0.0,sine
93,93,-1.1982679862786216,15.104166666666666,20,slope,logKoD,0.0,sine
94,94,-1.1884756930147162,14.948453608247425,20,slope,logKoD,0.0,sine
95,95,-1.1917987811247346,14.79591836734694,20,slope,logKoD,0.0,sine
96,96,-1.2044616052452009,14.646464646464649,20,slope,logKoD,0.0,sine
0,0,-1.4881781069057445,483.3333333333333,10,curvature,logKoD,0.1,sine
1,1,-1.4881679977814752,362.5,10,curvature,logKoD,0.1,sine
2,2,-1.4885936451191155,290.0,10,curvature,logKoD,0.1,sine
3,3,-1.4903760433454836,241.66666666666663,10,curvature,logKoD,0.1,sine
4,4,-1.4934138556521188,207.14285714285717,10,curvature,logKoD,0.1,sine
5,5,-1.495971627802679,181.25,10,curvature,logKoD,0.1,sine
6,6,-1.498378949990434,161.11111111111111,10,curvature,logKoD,0.1,sine
7,7,-1.501238235981032,145.0,10,curvature,logKoD,0.1,sine
8,8,-1.5037362537938077,131.8181818181818,10,curvature,logKoD,0.1,sine
9,9,-1.5066376952418834,120.83333333333331,10,curvature,logKoD,0.1,sine
10,10,-1.511237387711886,111.53846153846152,10,curvature,logKoD,0.1,sine
11,11,-1.5140267283851736,103.57142857142856,10,curvature,logKoD,0.1,sine
12,12,-1.518536707493243,96.66666666666669,10,curvature,logKoD,0.1,sine
13,13,-1.5224228676858975,90.625,10,curvature,logKoD,0.1,sine
14,14,-1.524857816022971,85.29411764705883,10,curvature,logKoD,0.1,sine
15,15,-1.5189317000370472,80.55555555555556,10,curvature,logKoD,0.1,sine
16,16,-1.5289353947346782,76.3157894736842,10,curvature,logKoD,0.1,sine
17,17,-1.530452131723679,72.5,10,curvature,logKoD,0.1,sine
18,18,-1.5298153796776206,69.04761904761905,10,curvature,logKoD,0.1,sine
19,19,-1.53025142263293,65.9090909090909,10,curvature,logKoD,0.1,sine
20,20,-1.5323323060548184,63.04347826086956,10,curvature,logKoD,0.1,sine
21,21,-1.5256307342894455,60.41666666666666,10,curvature,logKoD,0.1,sine
22,22,-1.5333399033437958,58.0,10,curvature,logKoD,0.1,sine
23,23,-1.532960545154124,55.76923076923077,10,curvature,logKoD,0.1,sine
24,24,-1.5259176369660667,53.7037037037037,10,curvature,logKoD,0.1,sine
25,25,-1.525765386187603,51.785714285714285,10,curvature,logKoD,0.1,sine
26,26,-1.5195558054458622,50.0,10,curvature,logKoD,0.1,sine
27,27,-1.5108586843642722,48.333333333333336,10,curvature,logKoD,0.1,sine
28,28,-1.499356915676291,46.774193548387096,10,curvature,logKoD,0.1,sine
29,29,-1.4837977865251406,45.3125,10,curvature,logKoD,0.1,sine
30,30,-1.463626072700973,43.93939393939394,10,curvature,logKoD,0.1,sine
31,31,-1.4386018155171922,42.64705882352941,10,curvature,logKoD,0.1,sine
32,32,-1.413210969563869,41.42857142857143,10,curvature,logKoD,0.1,sine
33,33,-1.4246362445139609,40.27777777777778,10,curvature,logKoD,0.1,sine
34,34,-1.3493659357630887,39.18918918918919,10,curvature,logKoD,0.1,sine
35,35,-1.3234291152439848,38.1578947368421,10,curvature,logKoD,0.1,sine
36,36,-1.3013632503035035,37.17948717948718,10,curvature,logKoD,0.1,sine
37,37,-1.283475451634897,36.25,10,curvature,logKoD,0.1,sine
38,38,-1.261861008206179,35.36585365853659,10,curvature,logKoD,0.1,sine
39,39,-1.2302839921146853,34.523809523809526,10,curvature,logKoD,0.1,sine
40,40,-1.209908622410508,33.72093023255814,10,curvature,logKoD,0.1,sine
41,41,-1.1762001977395955,32.95454545454545,10,curvature,logKoD,0.1,sine
42,42,-1.14802815571108,32.22222222222222,10,curvature,logKoD,0.1,sine
43,43,-1.1171538363072573,31.52173913043478,10,curvature,logKoD,0.1,sine
44,44,-1.0867939874270858,30.851063829787236,10,curvature,logKoD,0.1,sine
45,45,-1.0715956455541211,30.20833333333333,10,curvature,logKoD,0.1,sine
46,46,-1.0193243209805276,29.59183673469388,10,curvature,logKoD,0.1,sine
47,47,-0.994055111939461,29.0,10,curvature,logKoD,0.1,sine
48,48,-0.9525006766879098,28.431372549019606,10,curvature,logKoD,0.1,sine
49,49,-0.9189416276295505,27.884615384615383,10,curvature,logKoD,0.1,sine
50,50,-0.8816829562778756,27.358490566037737,10,curvature,logKoD,0.1,sine
51,51,-0.8401862699103064,26.85185185185185,10,curvature,logKoD,0.1,sine
52,52,-0.8301277321903258,26.363636363636363,10,curvature,logKoD,0.1,sine
53,53,-0.8190346258741077,25.892857142857142,10,curvature,logKoD,0.1,sine
54,54,-0.8137195593834692,25.43859649122807,10,curvature,logKoD,0.1,sine
55,55,-0.7965368312049934,25.0,10,curvature,logKoD,0.1,sine
56,56,-0.7899739631730112,24.57627118644068,10,curvature,logKoD,0.1,sine
57,57,-0.7757614348586914,24.166666666666668,10,curvature,logKoD,0.1,sine
58,58,-0.7564573049059942,23.770491803278688,10,curvature,logKoD,0.1,sine
59,59,-0.7215938002363749,23.387096774193548,10,curvature,logKoD,0.1,sine
60,60,-0.6901753787057809,23.015873015873016,10,curvature,logKoD,0.1,sine
61,61,-0.6422437640732932,22.65625,10,curvature,logKoD,0.1,sine
62,62,-0.6077782396643675,22.307692307692307,10,curvature,logKoD,0.1,sine
63,63,-0.5801776291866341,21.96969696969697,10,curvature,logKoD,0.1,sine
64,64,-0.570778803912367,21.64179104477612,10,curvature,logKoD,0.1,sine
65,65,-0.555608446305471,21.323529411764707,10,curvature,logKoD,0.1,sine
66,66,-0.5446525703280134,21.014492753623188,10,curvature,logKoD,0.1,sine
67,67,-0.5398279805387478,20.714285714285715,10,curvature,logKoD,0.1,sine
68,68,-0.5349127360520908,20.422535211267604,10,curvature,logKoD,0.1,sine
69,69,-0.5323580334736774,20.13888888888889,10,curvature,logKoD,0.1,sine
70,70,-0.5208291297679216,19.863013698630137,10,curvature,logKoD,0.1,sine
71,71,-0.5110692409539755,19.594594594594597,10,curvature,logKoD,0.1,sine
72,72,-0.5016632124170716,19.33333333333333,10,curvature,logKoD,0.1,sine
73,73,-0.4960314888638059,19.07894736842105,10,curvature,logKoD,0.1,sine
74,74,-0.4930256001074938,18.83116883116883,10,curvature,logKoD,0.1,sine
75,75,-0.488421733019372,18.58974358974359,10,curvature,logKoD,0.1,sine
76,76,-0.4840785749255547,18.354430379746837,10,curvature,logKoD,0.1,sine
77,77,-0.4774759661661832,18.125,10,curvature,logKoD,0.1,sine
78,78,-0.4735027119798267,17.901234567901234,10,curvature,logKoD,0.1,sine
79,79,-0.4678223664037614,17.682926829268293,10,curvature,logKoD,0.1,sine
80,80,-0.4606564297640747,17.46987951807229,10,curvature,logKoD,0.1,sine
81,81,-0.4534530034165727,17.261904761904763,10,curvature,logKoD,0.1,sine
82,82,-0.449343460226914,17.058823529411764,10,curvature,logKoD,0.1,sine
83,83,-0.4474006256963584,16.86046511627907,10,curvature,logKoD,0.1,sine
84,84,-0.4462922236580919,16.666666666666668,10,curvature,logKoD,0.1,sine
85,85,-0.4448739994711778,16.477272727272727,10,curvature,logKoD,0.1,sine
86,86,-0.4451241491372986,16.292134831460675,10,curvature,logKoD,0.1,sine
87,87,-0.44938152292153,16.11111111111111,10,curvature,logKoD,0.1,sine
88,88,-0.4550093174224482,15.934065934065934,10,curvature,logKoD,0.1,sine
89,89,-0.4618285151924727,15.76086956521739,10,curvature,logKoD,0.1,sine
90,90,-0.4668316722254039,15.591397849462366,10,curvature,logKoD,0.1,sine
91,91,-0.4745187812879282,15.425531914893616,10,curvature,logKoD,0.1,sine
92,92,-0.4863230460790342,15.263157894736842,10,curvature,logKoD,0.1,sine
93,93,-0.508251946710341,15.104166666666666,10,curvature,logKoD,0.1,sine
94,94,-0.5044040947780739,14.948453608247425,10,curvature,logKoD,0.1,sine
95,95,-0.5210188702542005,14.79591836734694,10,curvature,logKoD,0.1,sine
96,96,-0.530240929100461,14.646464646464649,10,curvature,logKoD,0.1,sine
0,0,0.0701414754556192,483.3333333333333,10,curvature,KoD,0.0,sine
1,1,0.0700777648621406,362.5,10,curvature,KoD,0.0,sine
2,2,0.0698848335752173,290.0,10,curvature,KoD,0.0,sine
3,3,0.0694737121267021,241.66666666666663,10,curvature,KoD,0.0,sine
4,4,0.0686057897760786,207.14285714285717,10,curvature,KoD,0.0,sine
5,5,0.0677071866886696,181.25,10,curvature,KoD,0.0,sine
6,6,0.0667986268979131,161.11111111111111,10,curvature,KoD,0.0,sine
7,7,0.0658334335822337,145.0,10,curvature,KoD,0.0,sine
8,8,0.0649730127120735,131.8181818181818,10,curvature,KoD,0.0,sine
9,9,0.0642787639580753,120.83333333333331,10,curvature,KoD,0.0,sine
10,10,0.0628938484865773,111.53846153846152,10,curvature,KoD,0.0,sine
11,11,0.0617107918064747,103.57142857142856,10,curvature,KoD,0.0,sine
12,12,0.0609580463592802,96.66666666666669,10,curvature,KoD,0.0,sine
13,13,0.0596734363979761,90.625,10,curvature,KoD,0.0,sine
14,14,0.0577863058282191,85.29411764705883,10,curvature,KoD,0.0,sine
15,15,0.0569742275963707,80.55555555555556,10,curvature,KoD,0.0,sine
16,16,0.0553322628090397,76.3157894736842,10,curvature,KoD,0.0,sine
17,17,0.0538943595109034,72.5,10,curvature,KoD,0.0,sine
18,18,0.0525418394002969,69.04761904761905,10,curvature,KoD,0.0,sine
19,19,0.0507602770483855,65.9090909090909,10,curvature,KoD,0.0,sine
20,20,0.0488243051563254,63.04347826086956,10,curvature,KoD,0.0,sine
21,21,0.0478410955551771,60.41666666666666,10,curvature,KoD,0.0,sine
22,22,0.0458867466275268,58.0,10,curvature,KoD,0.0,sine
23,23,0.0452982570767325,55.76923076923077,10,curvature,KoD,0.0,sine
24,24,0.0452273038940541,53.7037037037037,10,curvature,KoD,0.0,sine
25,25,0.0448267099829018,51.785714285714285,10,curvature,KoD,0.0,sine
26,26,0.0451705175808446,50.0,10,curvature,KoD,0.0,sine
27,27,0.0464275153034537,48.333333333333336,10,curvature,KoD,0.0,sine
28,28,0.0476761775762014,46.774193548387096,10,curvature,KoD,0.0,sine
29,29,0.0500645470968305,45.3125,10,curvature,KoD,0.0,sine
30,30,0.0520915638312649,43.93939393939394,10,curvature,KoD,0.0,sine
31,31,0.0555085125859428,42.64705882352941,10,curvature,KoD,0.0,sine
32,32,0.0586761278332641,41.42857142857143,10,curvature,KoD,0.0,sine
33,33,0.0603689626318155,40.27777777777778,10,curvature,KoD,0.0,sine
34,34,0.069725848874707,39.18918918918919,10,curvature,KoD,0.0,sine
35,35,0.0752422063028638,38.1578947368421,10,curvature,KoD,0.0,sine
36,36,0.0798821297995943,37.17948717948718,10,curvature,KoD,0.0,sine
37,37,0.0834910867452969,36.25,10,curvature,KoD,0.0,sine
38,38,0.0870238214344909,35.36585365853659,10,curvature,KoD,0.0,sine
39,39,0.0947143285950784,34.523809523809526,10,curvature,KoD,0.0,sine
40,40,0.1006461513276226,33.72093023255814,10,curvature,KoD,0.0,sine
41,41,0.1079756558418393,32.95454545454545,10,curvature,KoD,0.0,sine
42,42,0.1170738396845184,32.22222222222222,10,curvature,KoD,0.0,sine
43,43,0.1262153559829426,31.52173913043478,10,curvature,KoD,0.0,sine
44,44,0.1364171847937316,30.851063829787236,10,curvature,KoD,0.0,sine
45,45,0.1440385106913542,30.20833333333333,10,curvature,KoD,0.0,sine
46,46,0.1616015072667111,29.59183673469388,10,curvature,KoD,0.0,sine
47,47,0.169393989998348,29.0,10,curvature,KoD,0.0,sine
48,48,0.1847273895476325,28.431372549019606,10,curvature,KoD,0.0,sine
49,49,0.1990983332380402,27.884615384615383,10,curvature,KoD,0.0,sine
50,50,0.2156727471575012,27.358490566037737,10,curvature,KoD,0.0,sine
51,51,0.238309010885575,26.85185185185185,10,curvature,KoD,0.0,sine
52,52,0.238241919851254,26.363636363636363,10,curvature,KoD,0.0,sine
53,53,0.2513024153834354,25.892857142857142,10,curvature,KoD,0.0,sine
54,54,0.2613901092220281,25.43859649122807,10,curvature,KoD,0.0,sine
55,55,0.277741392825295,25.0,10,curvature,KoD,0.0,sine
56,56,0.2815563126255375,24.57627118644068,10,curvature,KoD,0.0,sine
57,57,0.2950023778873494,24.166666666666668,10,curvature,KoD,0.0,sine
58,58,0.3131415730446624,23.770491803278688,10,curvature,KoD,0.0,sine
59,59,0.3319904358405693,23.387096774193548,10,curvature,KoD,0.0,sine
60,60,0.3476142604580844,23.015873015873016,10,curvature,KoD,0.0,sine
61,61,0.3598294293295921,22.65625,10,curvature,KoD,0.0,sine
62,62,0.3698348042346264,22.307692307692307,10,curvature,KoD,0.0,sine
63,63,0.3773731745808295,21.96969696969697,10,curvature,KoD,0.0,sine
64,64,0.3855120707995206,21.64179104477612,10,curvature,KoD,0.0,sine
65,65,0.3932306973710327,21.323529411764707,10,curvature,KoD,0.0,sine
66,66,0.3991130464075318,21.014492753623188,10,curvature,KoD,0.0,sine
67,67,0.4051205460272837,20.714285714285715,10,curvature,KoD,0.0,sine
68,68,0.4114110774598394,20.422535211267604,10,curvature,KoD,0.0,sine
69,69,0.4246468211568224,20.13888888888889,10,curvature,KoD,0.0,sine
70,70,0.4207280392746022,19.863013698630137,10,curvature,KoD,0.0,sine
71,71,0.4299562480712905,19.594594594594597,10,curvature,KoD,0.0,sine
72,72,0.4383340033114637,19.33333333333333,10,curvature,KoD,0.0,sine
73,73,0.4449364605194787,19.07894736842105,10,curvature,KoD,0.0,sine
74,74,0.4505245393158662,18.83116883116883,10,curvature,KoD,0.0,sine
75,75,0.4568994098826595,18.58974358974359,10,curvature,KoD,0.0,sine
76,76,0.4618456081103023,18.354430379746837,10,curvature,KoD,0.0,sine
77,77,0.4659260739527639,18.125,10,curvature,KoD,0.0,sine
78,78,0.4703880691234975,17.901234567901234,10,curvature,KoD,0.0,sine
79,79,0.4738232930549079,17.682926829268293,10,curvature,KoD,0.0,sine
80,80,0.4772915532091898,17.46987951807229,10,curvature,KoD,0.0,sine
81,81,0.4812419792432255,17.261904761904763,10,curvature,KoD,0.0,sine
82,82,0.4834798183485395,17.058823529411764,10,curvature,KoD,0.0,sine
83,83,0.4850077691210679,16.86046511627907,10,curvature,KoD,0.0,sine
84,84,0.4844843504039154,16.666666666666668,10,curvature,KoD,0.0,sine
85,85,0.4830739447532592,16.477272727272727,10,curvature,KoD,0.0,sine
86,86,0.4814109291353214,16.292134831460675,10,curvature,KoD,0.0,sine
87,87,0.4778904832929061,16.11111111111111,10,curvature,KoD,0.0,sine
88,88,0.4738287255273225,15.934065934065934,10,curvature,KoD,0.0,sine
89,89,0.4708650741544573,15.76086956521739,10,curvature,KoD,0.0,sine
90,90,0.4685071434558266,15.591397849462366,10,curvature,KoD,0.0,sine
91,91,0.4652514966906735,15.425531914893616,10,curvature,KoD,0.0,sine
92,92,0.4589967177171968,15.263157894736842,10,curvature,KoD,0.0,sine
93,93,0.4481641300516964,15.104166666666666,10,curvature,KoD,0.0,sine
94,94,0.4516651887581819,14.948453608247425,10,curvature,KoD,0.0,sine
95,95,0.4454736301824308,14.79591836734694,10,curvature,KoD,0.0,sine
96,96,0.4412330422155471,14.646464646464649,10,curvature,KoD,0.0,sine
0,0,-0.6841553180536046,483.3333333333333,10,elevation,logDoK,0.0,sine
1,1,-0.9379262607546746,362.5,10,elevation,logDoK,0.0,sine
2,2,-0.7836132209402085,290.0,10,elevation,logDoK,0.0,sine
3,3,-0.9126333136890088,241.66666666666663,10,elevation,logDoK,0.0,sine
4,4,-0.8321118060119586,207.14285714285717,10,elevation,logDoK,0.0,sine
5,5,-0.8885459308519514,181.25,10,elevation,logDoK,0.0,sine
6,6,-0.9541270532673176,161.11111111111111,10,elevation,logDoK,0.0,sine
7,7,-1.017180812760188,145.0,10,elevation,logDoK,0.0,sine
8,8,-1.1087203654825684,131.8181818181818,10,elevation,logDoK,0.0,sine
9,9,-1.144582790783898,120.83333333333331,10,elevation,logDoK,0.0,sine
10,10,-1.2173930420975383,111.53846153846152,10,elevation,logDoK,0.0,sine
11,11,-1.2455643474287388,103.57142857142856,10,elevation,logDoK,0.0,sine
12,12,-1.3531845291461362,96.66666666666669,10,elevation,logDoK,0.0,sine
13,13,-1.3655729949081536,90.625,10,elevation,logDoK,0.0,sine
14,14,-1.4902220169204183,85.29411764705883,10,elevation,logDoK,0.0,sine
15,15,-1.480941104144203,80.55555555555556,10,elevation,logDoK,0.0,sine
16,16,-1.5105931710788478,76.3157894736842,10,elevation,logDoK,0.0,sine
17,17,-1.5283904685286702,72.5,10,elevation,logDoK,0.0,sine
18,18,-1.5665811847668916,69.04761904761905,10,elevation,logDoK,0.0,sine
19,19,-1.5698665273714154,65.9090909090909,10,elevation,logDoK,0.0,sine
20,20,-1.613781872879868,63.04347826086956,10,elevation,logDoK,0.0,sine
21,21,-1.5218505608963435,60.41666666666666,10,elevation,logDoK,0.0,sine
22,22,-1.629742338357259,58.0,10,elevation,logDoK,0.0,sine
23,23,-1.6178458226912449,55.76923076923077,10,elevation,logDoK,0.0,sine
24,24,-1.616055648215439,53.7037037037037,10,elevation,logDoK,0.0,sine
25,25,-1.61960014456438,51.785714285714285,10,elevation,logDoK,0.0,sine
26,26,-1.6248298769493477,50.0,10,elevation,logDoK,0.0,sine
27,27,-1.5552990746617097,48.333333333333336,10,elevation,logDoK,0.0,sine
28,28,-1.5652482537580197,46.774193548387096,10,elevation,logDoK,0.0,sine
29,29,-1.4965769316713862,45.3125,10,elevation,logDoK,0.0,sine
30,30,-1.514528117004817,43.93939393939394,10,elevation,logDoK,0.0,sine
31,31,-1.5225568080557974,42.64705882352941,10,elevation,logDoK,0.0,sine
32,32,-1.526981084709538,41.42857142857143,10,elevation,logDoK,0.0,sine
33,33,-1.515174773537001,40.27777777777778,10,elevation,logDoK,0.0,sine
34,34,-1.542337294677994,39.18918918918919,10,elevation,logDoK,0.0,sine
35,35,-1.5010869926347128,38.1578947368421,10,elevation,logDoK,0.0,sine
36,36,-1.5219884051495332,37.17948717948718,10,elevation,logDoK,0.0,sine
37,37,-1.511923155298459,36.25,10,elevation,logDoK,0.0,sine
38,38,-1.4838955877989697,35.36585365853659,10,elevation,logDoK,0.0,sine
39,39,-1.4936671409870723,34.523809523809526,10,elevation,logDoK,0.0,sine
40,40,-1.4334183974492507,33.72093023255814,10,elevation,logDoK,0.0,sine
41,41,-1.5103469504650746,32.95454545454545,10,elevation,logDoK,0.0,sine
42,42,-1.5543541375721486,32.22222222222222,10,elevation,logDoK,0.0,sine
43,43,-1.570528572691961,31.52173913043478,10,elevation,logDoK,0.0,sine
44,44,-1.5462468654742192,30.851063829787236,10,elevation,logDoK,0.0,sine
45,45,-1.4923122727692604,30.20833333333333,10,elevation,logDoK,0.0,sine
46,46,-1.574452713723974,29.59183673469388,10,elevation,logDoK,0.0,sine
47,47,-1.5260366387515203,29.0,10,elevation,logDoK,0.0,sine
48,48,-1.50002352913267,28.431372549019606,10,elevation,logDoK,0.0,sine
49,49,-1.466228276497642,27.884615384615383,10,elevation,logDoK,0.0,sine
50,50,-1.4541215565310397,27.358490566037737,10,elevation,logDoK,0.0,sine
51,51,-1.448113053228705,26.85185185185185,10,elevation,logDoK,0.0,sine
52,52,-1.423798440197554,26.363636363636363,10,elevation,logDoK,0.0,sine
53,53,-1.3842453250578557,25.892857142857142,10,elevation,logDoK,0.0,sine
54,54,-1.3669386680199207,25.43859649122807,10,elevation,logDoK,0.0,sine
55,55,-1.3629655775440783,25.0,10,elevation,logDoK,0.0,sine
56,56,-1.324817589750136,24.57627118644068,10,elevation,logDoK,0.0,sine
57,57,-1.29038468466122,24.166666666666668,10,elevation,logDoK,0.0,sine
58,58,-1.2549876883525488,23.770491803278688,10,elevation,logDoK,0.0,sine
59,59,-1.2414494836473595,23.387096774193548,10,elevation,logDoK,0.0,sine
60,60,-1.208383070222783,23.015873015873016,10,elevation,logDoK,0.0,sine
61,61,-1.1624668548063928,22.65625,10,elevation,logDoK,0.0,sine
62,62,-1.1265910052428765,22.307692307692307,10,elevation,logDoK,0.0,sine
63,63,-1.1371897876606314,21.96969696969697,10,elevation,logDoK,0.0,sine
64,64,-1.111762106841551,21.64179104477612,10,elevation,logDoK,0.0,sine
65,65,-1.111195832171975,21.323529411764707,10,elevation,logDoK,0.0,sine
66,66,-1.120253443806443,21.014492753623188,10,elevation,logDoK,0.0,sine
67,67,-1.1418365469035463,20.714285714285715,10,elevation,logDoK,0.0,sine
68,68,-0.926816865242266,20.422535211267604,10,elevation,logDoK,0.0,sine
69,69,-1.390074401636323,20.13888888888889,10,elevation,logDoK,0.0,sine
70,70,-1.118480622645172,19.863013698630137,10,elevation,logDoK,0.0,sine
71,71,-1.1965849445759698,19.594594594594597,10,elevation,logDoK,0.0,sine
72,72,-1.100244089885008,19.33333333333333,10,elevation,logDoK,0.0,sine
73,73,-1.1114207704188666,19.07894736842105,10,elevation,logDoK,0.0,sine
74,74,-1.0779241257622445,18.83116883116883,10,elevation,logDoK,0.0,sine
75,75,-1.1371802924507917,18.58974358974359,10,elevation,logDoK,0.0,sine
76,76,-1.1490624015915316,18.354430379746837,10,elevation,logDoK,0.0,sine
77,77,-1.203669025958418,18.125,10,elevation,logDoK,0.0,sine
78,78,-1.230325845320192,17.901234567901234,10,elevation,logDoK,0.0,sine
79,79,-1.2309453259069725,17.682926829268293,10,elevation,logDoK,0.0,sine
80,80,-1.2721645229525034,17.46987951807229,10,elevation,logDoK,0.0,sine
81,81,-1.289741629760354,17.261904761904763,10,elevation,logDoK,0.0,sine
82,82,-1.2950347181144244,17.058823529411764,10,elevation,logDoK,0.0,sine
83,83,-1.3302477038048235,16.86046511627907,10,elevation,logDoK,0.0,sine
84,84,-1.3335171664894434,16.666666666666668,10,elevation,logDoK,0.0,sine
85,85,-1.3001665516117349,16.477272727272727,10,elevation,logDoK,0.0,sine
86,86,-1.2932049256941152,16.292134831460675,10,elevation,logDoK,0.0,sine
87,87,-1.279032506455842,16.11111111111111,10,elevation,logDoK,0.0,sine
88,88,-1.2900502240801437,15.934065934065934,10,elevation,logDoK,0.0,sine
89,89,-1.2832067971539762,15.76086956521739,10,elevation,logDoK,0.0,sine
90,90,-1.2803425179926868,15.591397849462366,10,elevation,logDoK,0.0,sine
91,91,-1.2817273452346478,15.425531914893616,10,elevation,logDoK,0.0,sine
92,92,-1.3072118336022516,15.263157894736842,10,elevation,logDoK,0.0,sine
93,93,-1.3570602118658643,15.104166666666666,10,elevation,logDoK,0.0,sine
94,94,-1.3164446154872105,14.948453608247425,10,elevation,logDoK,0.0,sine
95,95,-1.3086752418911616,14.79591836734694,10,elevation,logDoK,0.0,sine
96,96,-1.2987525838981966,14.646464646464649,10,elevation,logDoK,0.0,sine
0,0,8.83107927089885,483.3333333333333,30,elevation,DoK,0.0,sine
1,1,7.750674733001635,362.5,30,elevation,DoK,0.0,sine
2,2,2.186024879884066,290.0,30,elevation,DoK,0.0,sine
3,3,1.985806417898285,241.66666666666663,30,elevation,DoK,0.0,sine
4,4,1.9818925566988064,207.14285714285717,30,elevation,DoK,0.0,sine
5,5,2.602668789235306,181.25,30,elevation,DoK,0.0,sine
6,6,-1.18011498327877,161.11111111111111,30,elevation,DoK,0.0,sine
7,7,-1.399263518035376,145.0,30,elevation,DoK,0.0,sine
8,8,-2.35690873786843,131.8181818181818,30,elevation,DoK,0.0,sine
9,9,-3.4743438027334683,120.83333333333331,30,elevation,DoK,0.0,sine
10,10,-8.317786268007183,111.53846153846152,30,elevation,DoK,0.0,sine
11,11,-6.241277516279329,103.57142857142856,30,elevation,DoK,0.0,sine
12,12,-9.547075609015309,96.66666666666669,30,elevation,DoK,0.0,sine
13,13,-12.287449989692782,90.625,30,elevation,DoK,0.0,sine
14,14,-14.051779849037532,85.29411764705883,30,elevation,DoK,0.0,sine
15,15,-16.178208792668155,80.55555555555556,30,elevation,DoK,0.0,sine
16,16,-18.536344780871165,76.3157894736842,30,elevation,DoK,0.0,sine
17,17,-18.471539916364247,72.5,30,elevation,DoK,0.0,sine
18,18,-21.77266491421288,69.04761904761905,30,elevation,DoK,0.0,sine
19,19,-22.30792697186268,65.9090909090909,30,elevation,DoK,0.0,sine
20,20,-22.940634019494286,63.04347826086956,30,elevation,DoK,0.0,sine
21,21,-28.07194605293218,60.41666666666666,30,elevation,DoK,0.0,sine
22,22,-26.596780382113,58.0,30,elevation,DoK,0.0,sine
23,23,-28.524823178493914,55.76923076923077,30,elevation,DoK,0.0,sine
24,24,-29.58939804015421,53.7037037037037,30,elevation,DoK,0.0,sine
25,25,-30.6729283592983,51.785714285714285,30,elevation,DoK,0.0,sine
26,26,-31.763460243819285,50.0,30,elevation,DoK,0.0,sine
27,27,-32.45604752164196,48.333333333333336,30,elevation,DoK,0.0,sine
28,28,-33.16403639713286,46.774193548387096,30,elevation,DoK,0.0,sine
29,29,-33.31616928965312,45.3125,30,elevation,DoK,0.0,sine
30,30,-34.187141868607654,43.93939393939394,30,elevation,DoK,0.0,sine
31,31,-34.79005649401918,42.64705882352941,30,elevation,DoK,0.0,sine
32,32,-34.075989133622954,41.42857142857143,30,elevation,DoK,0.0,sine
33,33,-36.58408646753685,40.27777777777778,30,elevation,DoK,0.0,sine
34,34,-35.027486637515324,39.18918918918919,30,elevation,DoK,0.0,sine
35,35,-34.50389231702623,38.1578947368421,30,elevation,DoK,0.0,sine
36,36,-34.55350789237339,37.17948717948718,30,elevation,DoK,0.0,sine
37,37,-34.03918591522127,36.25,30,elevation,DoK,0.0,sine
38,38,-33.718830837561185,35.36585365853659,30,elevation,DoK,0.0,sine
39,39,-33.179216455487904,34.523809523809526,30,elevation,DoK,0.0,sine
40,40,-32.3861749453461,33.72093023255814,30,elevation,DoK,0.0,sine
41,41,-31.396328063262143,32.95454545454545,30,elevation,DoK,0.0,sine
42,42,-30.780850312632484,32.22222222222222,30,elevation,DoK,0.0,sine
43,43,-29.920087003693578,31.52173913043478,30,elevation,DoK,0.0,sine
44,44,-29.3688371922761,30.851063829787236,30,elevation,DoK,0.0,sine
45,45,-34.46989064785576,30.20833333333333,30,elevation,DoK,0.0,sine
46,46,-25.1635133338986,29.59183673469388,30,elevation,DoK,0.0,sine
47,47,-27.350401740716205,29.0,30,elevation,DoK,0.0,sine
48,48,-26.93117551374573,28.431372549019606,30,elevation,DoK,0.0,sine
49,49,-26.28221763441205,27.884615384615383,30,elevation,DoK,0.0,sine
50,50,-25.55249482921792,27.358490566037737,30,elevation,DoK,0.0,sine
51,51,-25.88331763942566,26.85185185185185,30,elevation,DoK,0.0,sine
52,52,-24.025982807167377,26.363636363636363,30,elevation,DoK,0.0,sine
53,53,-24.472601447131836,25.892857142857142,30,elevation,DoK,0.0,sine
54,54,-24.87057836164665,25.43859649122807,30,elevation,DoK,0.0,sine
55,55,-24.946335575948805,25.0,30,elevation,DoK,0.0,sine
56,56,-25.438872853971755,24.57627118644068,30,elevation,DoK,0.0,sine
57,57,-25.827785118255708,24.166666666666668,30,elevation,DoK,0.0,sine
58,58,-25.58201955810124,23.770491803278688,30,elevation,DoK,0.0,sine
59,59,-25.878873006955025,23.387096774193548,30,elevation,DoK,0.0,sine
60,60,-26.31556391644769,23.015873015873016,30,elevation,DoK,0.0,sine
61,61,-26.75015020246517,22.65625,30,elevation,DoK,0.0,sine
62,62,-26.789288814459947,22.307692307692307,30,elevation,DoK,0.0,sine
63,63,-27.06954066103246,21.96969696969697,30,elevation,DoK,0.0,sine
64,64,-28.059876775766337,21.64179104477612,30,elevation,DoK,0.0,sine
65,65,-28.626814339798237,21.323529411764707,30,elevation,DoK,0.0,sine
66,66,-29.43525744760828,21.014492753623188,30,elevation,DoK,0.0,sine
67,67,-28.91720160994863,20.714285714285715,30,elevation,DoK,0.0,sine
68,68,-30.414018133228605,20.422535211267604,30,elevation,DoK,0.0,sine
69,69,-26.60838350364069,20.13888888888889,30,elevation,DoK,0.0,sine
70,70,-30.60667425845101,19.863013698630137,30,elevation,DoK,0.0,sine
71,71,-30.482773782153867,19.594594594594597,30,elevation,DoK,0.0,sine
72,72,-30.405382715417023,19.33333333333333,30,elevation,DoK,0.0,sine
73,73,-29.365052562342644,19.07894736842105,30,elevation,DoK,0.0,sine
74,74,-29.089808427328432,18.83116883116883,30,elevation,DoK,0.0,sine
75,75,-29.50619156644645,18.58974358974359,30,elevation,DoK,0.0,sine
76,76,-29.64112285437892,18.354430379746837,30,elevation,DoK,0.0,sine
77,77,-30.079655309412377,18.125,30,elevation,DoK,0.0,sine
78,78,-29.36233409035385,17.901234567901234,30,elevation,DoK,0.0,sine
79,79,-28.98140185674667,17.682926829268293,30,elevation,DoK,0.0,sine
80,80,-28.79055496924855,17.46987951807229,30,elevation,DoK,0.0,sine
81,81,-28.834253598772907,17.261904761904763,30,elevation,DoK,0.0,sine
82,82,-28.98240339905833,17.058823529411764,30,elevation,DoK,0.0,sine
83,83,-28.738991694106375,16.86046511627907,30,elevation,DoK,0.0,sine
84,84,-28.665616027420885,16.666666666666668,30,elevation,DoK,0.0,sine
85,85,-28.115589297628244,16.477272727272727,30,elevation,DoK,0.0,sine
86,86,-28.25112058786723,16.292134831460675,30,elevation,DoK,0.0,sine
87,87,-28.109118503522502,16.11111111111111,30,elevation,DoK,0.0,sine
88,88,-28.09357844378354,15.934065934065934,30,elevation,DoK,0.0,sine
89,89,-27.939119388474904,15.76086956521739,30,elevation,DoK,0.0,sine
90,90,-27.45035289417834,15.591397849462366,30,elevation,DoK,0.0,sine
91,91,-26.938800158440944,15.425531914893616,30,elevation,DoK,0.0,sine
92,92,-24.70045463073539,15.263157894736842,30,elevation,DoK,0.0,sine
93,93,-24.79874885475105,15.104166666666666,30,elevation,DoK,0.0,sine
94,94,-28.11783238317417,14.948453608247425,30,elevation,DoK,0.0,sine
95,95,-25.169845665933604,14.79591836734694,30,elevation,DoK,0.0,sine
96,96,-25.34837865994091,14.646464646464649,30,elevation,DoK,0.0,sine
0,0,-1.4640376409343678,483.3333333333333,20,slope,logKoD,0.1,sine
1,1,-1.461656266863157,362.5,20,slope,logKoD,0.1,sine
2,2,-1.461839090580199,290.0,20,slope,logKoD,0.1,sine
3,3,-1.4641997552713286,241.66666666666663,20,slope,logKoD,0.1,sine
4,4,-1.4650589489789323,207.14285714285717,20,slope,logKoD,0.1,sine
5,5,-1.4685653007780006,181.25,20,slope,logKoD,0.1,sine
6,6,-1.4761264755272636,161.11111111111111,20,slope,logKoD,0.1,sine
7,7,-1.4812919515352987,145.0,20,slope,logKoD,0.1,sine
8,8,-1.491449206695509,131.8181818181818,20,slope,logKoD,0.1,sine
9,9,-1.5058697292184715,120.83333333333331,20,slope,logKoD,0.1,sine
10,10,-1.5121820792356755,111.53846153846152,20,slope,logKoD,0.1,sine
11,11,-1.5181885770842076,103.57142857142856,20,slope,logKoD,0.1,sine
12,12,-1.5201178645696904,96.66666666666669,20,slope,logKoD,0.1,sine
13,13,-1.5197209893549697,90.625,20,slope,logKoD,0.1,sine
14,14,-1.5146643808390614,85.29411764705883,20,slope,logKoD,0.1,sine
15,15,-1.494237728816224,80.55555555555556,20,slope,logKoD,0.1,sine
16,16,-1.4747525350345154,76.3157894736842,20,slope,logKoD,0.1,sine
17,17,-1.4493532579896966,72.5,20,slope,logKoD,0.1,sine
18,18,-1.4157840486475326,69.04761904761905,20,slope,logKoD,0.1,sine
19,19,-1.384126609765802,65.9090909090909,20,slope,logKoD,0.1,sine
20,20,-1.3567937478344958,63.04347826086956,20,slope,logKoD,0.1,sine
21,21,-1.3378381984947485,60.41666666666666,20,slope,logKoD,0.1,sine
22,22,-1.3209444603019531,58.0,20,slope,logKoD,0.1,sine
23,23,-1.3176832649983143,55.76923076923077,20,slope,logKoD,0.1,sine
24,24,-1.2924801131498391,53.7037037037037,20,slope,logKoD,0.1,sine
25,25,-1.332165301747092,51.785714285714285,20,slope,logKoD,0.1,sine
26,26,-1.3374200409131458,50.0,20,slope,logKoD,0.1,sine
27,27,-1.3387922215178631,48.333333333333336,20,slope,logKoD,0.1,sine
28,28,-1.3457545432051692,46.774193548387096,20,slope,logKoD,0.1,sine
29,29,-1.3472780741805208,45.3125,20,slope,logKoD,0.1,sine
30,30,-1.3465668338503756,43.93939393939394,20,slope,logKoD,0.1,sine
31,31,-1.32535699072628,42.64705882352941,20,slope,logKoD,0.1,sine
32,32,-1.3103428129501953,41.42857142857143,20,slope,logKoD,0.1,sine
33,33,-1.389439384309238,40.27777777777778,20,slope,logKoD,0.1,sine
34,34,-1.2604997450463955,39.18918918918919,20,slope,logKoD,0.1,sine
35,35,-1.2462579534776133,38.1578947368421,20,slope,logKoD,0.1,sine
36,36,-1.2405705683494253,37.17948717948718,20,slope,logKoD,0.1,sine
37,37,-1.2360635053348952,36.25,20,slope,logKoD,0.1,sine
38,38,-1.2367665499074094,35.36585365853659,20,slope,logKoD,0.1,sine
39,39,-1.233342155684651,34.523809523809526,20,slope,logKoD,0.1,sine
40,40,-1.2341849578769932,33.72093023255814,20,slope,logKoD,0.1,sine
41,41,-1.2258285593036584,32.95454545454545,20,slope,logKoD,0.1,sine
42,42,-1.2220259119372012,32.22222222222222,20,slope,logKoD,0.1,sine
43,43,-1.2096735238798118,31.52173913043478,20,slope,logKoD,0.1,sine
44,44,-1.2075262046847672,30.851063829787236,20,slope,logKoD,0.1,sine
45,45,-1.1859854105237495,30.20833333333333,20,slope,logKoD,0.1,sine
46,46,-1.2018759102200156,29.59183673469388,20,slope,logKoD,0.1,sine
47,47,-1.2001485084946044,29.0,20,slope,logKoD,0.1,sine
48,48,-1.1999794876203145,28.431372549019606,20,slope,logKoD,0.1,sine
49,49,-1.202536523073559,27.884615384615383,20,slope,logKoD,0.1,sine
50,50,-1.2122590858902045,27.358490566037737,20,slope,logKoD,0.1,sine
51,51,-1.240313174493039,26.85185185185185,20,slope,logKoD,0.1,sine
52,52,-1.2200782581783756,26.363636363636363,20,slope,logKoD,0.1,sine
53,53,-1.222421600250692,25.892857142857142,20,slope,logKoD,0.1,sine
54,54,-1.2282541659094994,25.43859649122807,20,slope,logKoD,0.1,sine
55,55,-1.249505785910508,25.0,20,slope,logKoD,0.1,sine
56,56,-1.2441802624107572,24.57627118644068,20,slope,logKoD,0.1,sine
57,57,-1.250578212563218,24.166666666666668,20,slope,logKoD,0.1,sine
58,58,-1.2564805086692854,23.770491803278688,20,slope,logKoD,0.1,sine
59,59,-1.2633037582745432,23.387096774193548,20,slope,logKoD,0.1,sine
60,60,-1.2747511136802752,23.015873015873016,20,slope,logKoD,0.1,sine
61,61,-1.284373403806803,22.65625,20,slope,logKoD,0.1,sine
62,62,-1.299133963300242,22.307692307692307,20,slope,logKoD,0.1,sine
63,63,-1.3180042603895752,21.96969696969697,20,slope,logKoD,0.1,sine
64,64,-1.331032343131654,21.64179104477612,20,slope,logKoD,0.1,sine
65,65,-1.3421106336463118,21.323529411764707,20,slope,logKoD,0.1,sine
66,66,-1.3531494699269806,21.014492753623188,20,slope,logKoD,0.1,sine
67,67,-1.3580957784837595,20.714285714285715,20,slope,logKoD,0.1,sine
68,68,-1.3863248736265703,20.422535211267604,20,slope,logKoD,0.1,sine
69,69,-1.4218430975712115,20.13888888888889,20,slope,logKoD,0.1,sine
70,70,-1.3783960050617925,19.863013698630137,20,slope,logKoD,0.1,sine
71,71,-1.370176673116703,19.594594594594597,20,slope,logKoD,0.1,sine
72,72,-1.3524146962103794,19.33333333333333,20,slope,logKoD,0.1,sine
73,73,-1.34284135552768,19.07894736842105,20,slope,logKoD,0.1,sine
74,74,-1.3384998345390071,18.83116883116883,20,slope,logKoD,0.1,sine
75,75,-1.3243085067363125,18.58974358974359,20,slope,logKoD,0.1,sine
76,76,-1.306419940674669,18.354430379746837,20,slope,logKoD,0.1,sine
77,77,-1.2888859306597542,18.125,20,slope,logKoD,0.1,sine
78,78,-1.2766188460123145,17.901234567901234,20,slope,logKoD,0.1,sine
79,79,-1.2640964650494553,17.682926829268293,20,slope,logKoD,0.1,sine
80,80,-1.2605168527951585,17.46987951807229,20,slope,logKoD,0.1,sine
81,81,-1.253682716440688,17.261904761904763,20,slope,logKoD,0.1,sine
82,82,-1.2449126009334557,17.058823529411764,20,slope,logKoD,0.1,sine
83,83,-1.2425285870301988,16.86046511627907,20,slope,logKoD,0.1,sine
84,84,-1.2409906495295733,16.666666666666668,20,slope,logKoD,0.1,sine
85,85,-1.22167291114036,16.477272727272727,20,slope,logKoD,0.1,sine
86,86,-1.2218720240535927,16.292134831460675,20,slope,logKoD,0.1,sine
87,87,-1.2234982833767785,16.11111111111111,20,slope,logKoD,0.1,sine
88,88,-1.2148285019511065,15.934065934065934,20,slope,logKoD,0.1,sine
89,89,-1.2067029147393695,15.76086956521739,20,slope,logKoD,0.1,sine
90,90,-1.1997455964546624,15.591397849462366,20,slope,logKoD,0.1,sine
91,91,-1.2004165537663392,15.425531914893616,20,slope,logKoD,0.1,sine
92,92,-1.2005623686752025,15.263157894736842,20,slope,logKoD,0.1,sine
93,93,-1.2122388983373875,15.104166666666666,20,slope,logKoD,0.1,sine
94,94,-1.2056510644519478,14.948453608247425,20,slope,logKoD,0.1,sine
95,95,-1.2071070443762633,14.79591836734694,20,slope,logKoD,0.1,sine
96,96,-1.2155690873909717,14.646464646464649,20,slope,logKoD,0.1,sine
0,0,-0.6664377476243326,483.3333333333333,0,elevation,logDoK,0.0,sine
1,1,-0.985090768843952,362.5,0,elevation,logDoK,0.0,sine
2,2,-0.963307938919187,290.0,0,elevation,logDoK,0.0,sine
3,3,-0.9070861466164708,241.66666666666663,0,elevation,logDoK,0.0,sine
4,4,-0.9458965071519873,207.14285714285717,0,elevation,logDoK,0.0,sine
5,5,-0.8601837390608713,181.25,0,elevation,logDoK,0.0,sine
6,6,-0.978202812657847,161.11111111111111,0,elevation,logDoK,0.0,sine
7,7,-1.0463823483589916,145.0,0,elevation,logDoK,0.0,sine
8,8,-1.0814254025353638,131.8181818181818,0,elevation,logDoK,0.0,sine
9,9,-1.1087328074816687,120.83333333333331,0,elevation,logDoK,0.0,sine
10,10,-1.1544525702806865,111.53846153846152,0,elevation,logDoK,0.0,sine
11,11,-1.171970250171782,103.57142857142856,0,elevation,logDoK,0.0,sine
12,12,-1.270088182497392,96.66666666666669,0,elevation,logDoK,0.0,sine
13,13,-1.3997487107788265,90.625,0,elevation,logDoK,0.0,sine
14,14,-1.5235277751171603,85.29411764705883,0,elevation,logDoK,0.0,sine
15,15,-1.5907643382549177,80.55555555555556,0,elevation,logDoK,0.0,sine
16,16,-1.4710169727566085,76.3157894736842,0,elevation,logDoK,0.0,sine
17,17,-1.5248014429197914,72.5,0,elevation,logDoK,0.0,sine
18,18,-1.5128928126757064,69.04761904761905,0,elevation,logDoK,0.0,sine
19,19,-1.4959314211128032,65.9090909090909,0,elevation,logDoK,0.0,sine
20,20,-1.4541777092375054,63.04347826086956,0,elevation,logDoK,0.0,sine
21,21,-1.3966488521872045,60.41666666666666,0,elevation,logDoK,0.0,sine
22,22,-1.4368319253866104,58.0,0,elevation,logDoK,0.0,sine
23,23,-1.421529412466903,55.76923076923077,0,elevation,logDoK,0.0,sine
24,24,-1.403017354910874,53.7037037037037,0,elevation,logDoK,0.0,sine
25,25,-1.407899366163092,51.785714285714285,0,elevation,logDoK,0.0,sine
26,26,-1.369027286763618,50.0,0,elevation,logDoK,0.0,sine
27,27,-1.3796804210721791,48.333333333333336,0,elevation,logDoK,0.0,sine
28,28,-1.3869994270429016,46.774193548387096,0,elevation,logDoK,0.0,sine
29,29,-1.37087656073515,45.3125,0,elevation,logDoK,0.0,sine
30,30,-1.3959334372389398,43.93939393939394,0,elevation,logDoK,0.0,sine
31,31,-1.444374723630623,42.64705882352941,0,elevation,logDoK,0.0,sine
32,32,-1.4254362001843817,41.42857142857143,0,elevation,logDoK,0.0,sine
33,33,-1.6736512991556465,40.27777777777778,0,elevation,logDoK,0.0,sine
34,34,-1.4682371682207889,39.18918918918919,0,elevation,logDoK,0.0,sine
35,35,-1.5240840634453534,38.1578947368421,0,elevation,logDoK,0.0,sine
36,36,-1.4968409967312375,37.17948717948718,0,elevation,logDoK,0.0,sine
37,37,-1.5338503778969923,36.25,0,elevation,logDoK,0.0,sine
38,38,-1.5645159766267642,35.36585365853659,0,elevation,logDoK,0.0,sine
39,39,-1.593166953765382,34.523809523809526,0,elevation,logDoK,0.0,sine
40,40,-1.603754112736609,33.72093023255814,0,elevation,logDoK,0.0,sine
41,41,-1.6738886794016377,32.95454545454545,0,elevation,logDoK,0.0,sine
42,42,-1.7055931850562802,32.22222222222222,0,elevation,logDoK,0.0,sine
43,43,-1.7611411448814096,31.52173913043478,0,elevation,logDoK,0.0,sine
44,44,-1.753346559866131,30.851063829787236,0,elevation,logDoK,0.0,sine
45,45,-1.7484093781705343,30.20833333333333,0,elevation,logDoK,0.0,sine
46,46,-1.7695846783760747,29.59183673469388,0,elevation,logDoK,0.0,sine
47,47,-1.841311166083878,29.0,0,elevation,logDoK,0.0,sine
48,48,-1.8676246844967932,28.431372549019606,0,elevation,logDoK,0.0,sine
49,49,-1.9008166638859736,27.884615384615383,0,elevation,logDoK,0.0,sine
50,50,-1.8703406419319664,27.358490566037737,0,elevation,logDoK,0.0,sine
51,51,-1.887080042037239,26.85185185185185,0,elevation,logDoK,0.0,sine
52,52,-1.88359595486814,26.363636363636363,0,elevation,logDoK,0.0,sine
53,53,-1.901632597090127,25.892857142857142,0,elevation,logDoK,0.0,sine
54,54,-1.8798859471890617,25.43859649122807,0,elevation,logDoK,0.0,sine
55,55,-1.9021224189494423,25.0,0,elevation,logDoK,0.0,sine
56,56,-1.925497006206467,24.57627118644068,0,elevation,logDoK,0.0,sine
57,57,-1.9032942588120687,24.166666666666668,0,elevation,logDoK,0.0,sine
58,58,-1.8759002510036051,23.770491803278688,0,elevation,logDoK,0.0,sine
59,59,-1.886999496464116,23.387096774193548,0,elevation,logDoK,0.0,sine
60,60,-1.8875223878473557,23.015873015873016,0,elevation,logDoK,0.0,sine
61,61,-1.9130543522641577,22.65625,0,elevation,logDoK,0.0,sine
62,62,-1.8950592925128475,22.307692307692307,0,elevation,logDoK,0.0,sine
63,63,-1.962478229163732,21.96969696969697,0,elevation,logDoK,0.0,sine
64,64,-1.935284603024988,21.64179104477612,0,elevation,logDoK,0.0,sine
65,65,-1.944810917862404,21.323529411764707,0,elevation,logDoK,0.0,sine
66,66,-1.8973725220824071,21.014492753623188,0,elevation,logDoK,0.0,sine
67,67,-2.037985774913896,20.714285714285715,0,elevation,logDoK,0.0,sine
68,68,-1.791819840452339,20.422535211267604,0,elevation,logDoK,0.0,sine
69,69,-2.7815667897730743,20.13888888888889,0,elevation,logDoK,0.0,sine
70,70,-1.943282189078218,19.863013698630137,0,elevation,logDoK,0.0,sine
71,71,-2.169771429383756,19.594594594594597,0,elevation,logDoK,0.0,sine
72,72,-1.955077859067314,19.33333333333333,0,elevation,logDoK,0.0,sine
73,73,-2.066316861707225,19.07894736842105,0,elevation,logDoK,0.0,sine
74,74,-2.038895350532329,18.83116883116883,0,elevation,logDoK,0.0,sine
75,75,-2.057272838045458,18.58974358974359,0,elevation,logDoK,0.0,sine
76,76,-2.0840061102174925,18.354430379746837,0,elevation,logDoK,0.0,sine
77,77,-2.185977460632862,18.125,0,elevation,logDoK,0.0,sine
78,78,-2.1614451126174563,17.901234567901234,0,elevation,logDoK,0.0,sine
79,79,-2.1699498738445357,17.682926829268293,0,elevation,logDoK,0.0,sine
80,80,-2.136896393550603,17.46987951807229,0,elevation,logDoK,0.0,sine
81,81,-2.1428371206999435,17.261904761904763,0,elevation,logDoK,0.0,sine
82,82,-2.102630473186453,17.058823529411764,0,elevation,logDoK,0.0,sine
83,83,-2.117564146317044,16.86046511627907,0,elevation,logDoK,0.0,sine
84,84,-2.157641135103069,16.666666666666668,0,elevation,logDoK,0.0,sine
85,85,-2.176690490567611,16.477272727272727,0,elevation,logDoK,0.0,sine
86,86,-2.1529403513903764,16.292134831460675,0,elevation,logDoK,0.0,sine
87,87,-2.1516417995895454,16.11111111111111,0,elevation,logDoK,0.0,sine
88,88,-2.1153347365308965,15.934065934065934,0,elevation,logDoK,0.0,sine
89,89,-2.0951371155178125,15.76086956521739,0,elevation,logDoK,0.0,sine
90,90,-2.060440963921617,15.591397849462366,0,elevation,logDoK,0.0,sine
91,91,-2.045999404597544,15.425531914893616,0,elevation,logDoK,0.0,sine
92,92,-2.0237793038886114,15.263157894736842,0,elevation,logDoK,0.0,sine
93,93,-1.7769280772134548,15.104166666666666,0,elevation,logDoK,0.0,sine
94,94,-1.9018925693871165,14.948453608247425,0,elevation,logDoK,0.0,sine
95,95,-2.055005447419952,14.79591836734694,0,elevation,logDoK,0.0,sine
96,96,-2.000716421451151,14.646464646464649,0,elevation,logDoK,0.0,sine
0,0,1.4655717721655317,483.3333333333333,20,slope,logDoK,0.1,sine
1,1,1.4700445889868148,362.5,20,slope,logDoK,0.1,sine
2,2,1.4756254804253353,290.0,20,slope,logDoK,0.1,sine
3,3,1.4817873804797346,241.66666666666663,20,slope,logDoK,0.1,sine
4,4,1.4883100985080413,207.14285714285717,20,slope,logDoK,0.1,sine
5,5,1.4943039087917014,181.25,20,slope,logDoK,0.1,sine
6,6,1.502844113345165,161.11111111111111,20,slope,logDoK,0.1,sine
7,7,1.5089712249152385,145.0,20,slope,logDoK,0.1,sine
8,8,1.5195846594240388,131.8181818181818,20,slope,logDoK,0.1,sine
9,9,1.5333465745472608,120.83333333333331,20,slope,logDoK,0.1,sine
10,10,1.536171317619304,111.53846153846152,20,slope,logDoK,0.1,sine
11,11,1.54138152752542,103.57142857142856,20,slope,logDoK,0.1,sine
12,12,1.54512910676757,96.66666666666669,20,slope,logDoK,0.1,sine
13,13,1.547635555671841,90.625,20,slope,logDoK,0.1,sine
14,14,1.552928562170654,85.29411764705883,20,slope,logDoK,0.1,sine
15,15,1.5405097281082014,80.55555555555556,20,slope,logDoK,0.1,sine
16,16,1.5519756851211406,76.3157894736842,20,slope,logDoK,0.1,sine
17,17,1.549355007205393,72.5,20,slope,logDoK,0.1,sine
18,18,1.5466812870829547,69.04761904761905,20,slope,logDoK,0.1,sine
19,19,1.5444516317310355,65.9090909090909,20,slope,logDoK,0.1,sine
20,20,1.5122274679758143,63.04347826086956,20,slope,logDoK,0.1,sine
21,21,1.4725616381468984,60.41666666666666,20,slope,logDoK,0.1,sine
22,22,1.4786535110287302,58.0,20,slope,logDoK,0.1,sine
23,23,1.477844781087214,55.76923076923077,20,slope,logDoK,0.1,sine
24,24,1.4543812171655712,53.7037037037037,20,slope,logDoK,0.1,sine
25,25,1.5248730820284462,51.785714285714285,20,slope,logDoK,0.1,sine
26,26,1.539546537296276,50.0,20,slope,logDoK,0.1,sine
27,27,1.5359505949181602,48.333333333333336,20,slope,logDoK,0.1,sine
28,28,1.5416659336166951,46.774193548387096,20,slope,logDoK,0.1,sine
29,29,1.5449642502794916,45.3125,20,slope,logDoK,0.1,sine
30,30,1.5527514273939895,43.93939393939394,20,slope,logDoK,0.1,sine
31,31,1.5448676201483216,42.64705882352941,20,slope,logDoK,0.1,sine
32,32,1.5410823056325846,41.42857142857143,20,slope,logDoK,0.1,sine
33,33,1.6126786434813785,40.27777777777778,20,slope,logDoK,0.1,sine
34,34,1.4956079858223963,39.18918918918919,20,slope,logDoK,0.1,sine
35,35,1.4792799493123765,38.1578947368421,20,slope,logDoK,0.1,sine
36,36,1.472106359206138,37.17948717948718,20,slope,logDoK,0.1,sine
37,37,1.4661712391419175,36.25,20,slope,logDoK,0.1,sine
38,38,1.4642137525203165,35.36585365853659,20,slope,logDoK,0.1,sine
39,39,1.4606726122369218,34.523809523809526,20,slope,logDoK,0.1,sine
40,40,1.459044224677048,33.72093023255814,20,slope,logDoK,0.1,sine
41,41,1.4514056967096949,32.95454545454545,20,slope,logDoK,0.1,sine
42,42,1.4410308498119302,32.22222222222222,20,slope,logDoK,0.1,sine
43,43,1.4353382464110935,31.52173913043478,20,slope,logDoK,0.1,sine
44,44,1.4281237491400498,30.851063829787236,20,slope,logDoK,0.1,sine
45,45,1.4070941103647652,30.20833333333333,20,slope,logDoK,0.1,sine
46,46,1.416384866235663,29.59183673469388,20,slope,logDoK,0.1,sine
47,47,1.416869244720372,29.0,20,slope,logDoK,0.1,sine
48,48,1.4241029370492375,28.431372549019606,20,slope,logDoK,0.1,sine
49,49,1.4314073932479865,27.884615384615383,20,slope,logDoK,0.1,sine
50,50,1.4558947004080969,27.358490566037737,20,slope,logDoK,0.1,sine
51,51,1.4997060692760418,26.85185185185185,20,slope,logDoK,0.1,sine
52,52,1.472473971166396,26.363636363636363,20,slope,logDoK,0.1,sine
53,53,1.4745885789542663,25.892857142857142,20,slope,logDoK,0.1,sine
54,54,1.4682447555906548,25.43859649122807,20,slope,logDoK,0.1,sine
55,55,1.4696819292696195,25.0,20,slope,logDoK,0.1,sine
56,56,1.469589228190797,24.57627118644068,20,slope,logDoK,0.1,sine
57,57,1.4722779278253098,24.166666666666668,20,slope,logDoK,0.1,sine
58,58,1.4831650044590583,23.770491803278688,20,slope,logDoK,0.1,sine
59,59,1.48114874576276,23.387096774193548,20,slope,logDoK,0.1,sine
60,60,1.4868371540816632,23.015873015873016,20,slope,logDoK,0.1,sine
61,61,1.4995056466786931,22.65625,20,slope,logDoK,0.1,sine
62,62,1.535712641685368,22.307692307692307,20,slope,logDoK,0.1,sine
63,63,1.5679264916781772,21.96969696969697,20,slope,logDoK,0.1,sine
64,64,1.5645169337207934,21.64179104477612,20,slope,logDoK,0.1,sine
65,65,1.5587464655065086,21.323529411764707,20,slope,logDoK,0.1,sine
66,66,1.5541373187542948,21.014492753623188,20,slope,logDoK,0.1,sine
67,67,1.5475808354323772,20.714285714285715,20,slope,logDoK,0.1,sine
68,68,1.557415785517211,20.422535211267604,20,slope,logDoK,0.1,sine
69,69,1.5632257488931134,20.13888888888889,20,slope,logDoK,0.1,sine
70,70,1.5493705187766398,19.863013698630137,20,slope,logDoK,0.1,sine
71,71,1.5494326878445124,19.594594594594597,20,slope,logDoK,0.1,sine
72,72,1.5524729967364932,19.33333333333333,20,slope,logDoK,0.1,sine
73,73,1.5575188003584457,19.07894736842105,20,slope,logDoK,0.1,sine
74,74,1.567948428887117,18.83116883116883,20,slope,logDoK,0.1,sine
75,75,1.570775873182649,18.58974358974359,20,slope,logDoK,0.1,sine
76,76,1.5488207379413974,18.354430379746837,20,slope,logDoK,0.1,sine
77,77,1.509935684483651,18.125,20,slope,logDoK,0.1,sine
78,78,1.4896453214641157,17.901234567901234,20,slope,logDoK,0.1,sine
79,79,1.478739336265945,17.682926829268293,20,slope,logDoK,0.1,sine
80,80,1.485168248169456,17.46987951807229,20,slope,logDoK,0.1,sine
81,81,1.4785637567391685,17.261904761904763,20,slope,logDoK,0.1,sine
82,82,1.4696465268708638,17.058823529411764,20,slope,logDoK,0.1,sine
83,83,1.466535945240544,16.86046511627907,20,slope,logDoK,0.1,sine
84,84,1.4704368803071302,16.666666666666668,20,slope,logDoK,0.1,sine
85,85,1.4714456644973375,16.477272727272727,20,slope,logDoK,0.1,sine
86,86,1.4751850582137636,16.292134831460675,20,slope,logDoK,0.1,sine
87,87,1.4755758761394486,16.11111111111111,20,slope,logDoK,0.1,sine
88,88,1.4651461248278914,15.934065934065934,20,slope,logDoK,0.1,sine
89,89,1.4384586097446534,15.76086956521739,20,slope,logDoK,0.1,sine
90,90,1.4249242931641832,15.591397849462366,20,slope,logDoK,0.1,sine
91,91,1.4169870344355382,15.425531914893616,20,slope,logDoK,0.1,sine
92,92,1.4180521964341684,15.263157894736842,20,slope,logDoK,0.1,sine
93,93,1.4269071958431572,15.104166666666666,20,slope,logDoK,0.1,sine
94,94,1.4229008312052476,14.948453608247425,20,slope,logDoK,0.1,sine
95,95,1.431290851825493,14.79591836734694,20,slope,logDoK,0.1,sine
96,96,1.441360644643344,14.646464646464649,20,slope,logDoK,0.1,sine
0,0,0.044611278498708,483.3333333333333,10,curvature,KoD,0.1,sine
1,1,0.0445754623778429,362.5,10,curvature,KoD,0.1,sine
2,2,0.0445482703069361,290.0,10,curvature,KoD,0.1,sine
3,3,0.0442663292327343,241.66666666666663,10,curvature,KoD,0.1,sine
4,4,0.0439175687478322,207.14285714285717,10,curvature,KoD,0.1,sine
5,5,0.0435298642263075,181.25,10,curvature,KoD,0.1,sine
6,6,0.0433124719591015,161.11111111111111,10,curvature,KoD,0.1,sine
7,7,0.0428856027067623,145.0,10,curvature,KoD,0.1,sine
8,8,0.0425898427808557,131.8181818181818,10,curvature,KoD,0.1,sine
9,9,0.0424211984653331,120.83333333333331,10,curvature,KoD,0.1,sine
10,10,0.0422923003249381,111.53846153846152,10,curvature,KoD,0.1,sine
11,11,0.0420376362040246,103.57142857142856,10,curvature,KoD,0.1,sine
12,12,0.041792606233409,96.66666666666669,10,curvature,KoD,0.1,sine
13,13,0.0411831125373176,90.625,10,curvature,KoD,0.1,sine
14,14,0.0406710977681169,85.29411764705883,10,curvature,KoD,0.1,sine
15,15,0.0406080810881068,80.55555555555556,10,curvature,KoD,0.1,sine
16,16,0.0388897815751117,76.3157894736842,10,curvature,KoD,0.1,sine
17,17,0.03745254460367,72.5,10,curvature,KoD,0.1,sine
18,18,0.0362311210871389,69.04761904761905,10,curvature,KoD,0.1,sine
19,19,0.0351694462125513,65.9090909090909,10,curvature,KoD,0.1,sine
20,20,0.0338907186002837,63.04347826086956,10,curvature,KoD,0.1,sine
21,21,0.0324733992796561,60.41666666666666,10,curvature,KoD,0.1,sine
22,22,0.0318219397341615,58.0,10,curvature,KoD,0.1,sine
23,23,0.0309363788246667,55.76923076923077,10,curvature,KoD,0.1,sine
24,24,0.031126816691634,53.7037037037037,10,curvature,KoD,0.1,sine
25,25,0.030345571984858,51.785714285714285,10,curvature,KoD,0.1,sine
26,26,0.0306559995862841,50.0,10,curvature,KoD,0.1,sine
27,27,0.0315920909774734,48.333333333333336,10,curvature,KoD,0.1,sine
28,28,0.0324261367696485,46.774193548387096,10,curvature,KoD,0.1,sine
29,29,0.0336809997003633,45.3125,10,curvature,KoD,0.1,sine
30,30,0.0355809729744381,43.93939393939394,10,curvature,KoD,0.1,sine
31,31,0.0380174368524132,42.64705882352941,10,curvature,KoD,0.1,sine
32,32,0.0410145106629858,41.42857142857143,10,curvature,KoD,0.1,sine
33,33,0.039247565057165,40.27777777777778,10,curvature,KoD,0.1,sine
34,34,0.0480763555636845,39.18918918918919,10,curvature,KoD,0.1,sine
35,35,0.0522216545691198,38.1578947368421,10,curvature,KoD,0.1,sine
36,36,0.0563944936632259,37.17948717948718,10,curvature,KoD,0.1,sine
37,37,0.0600344623870019,36.25,10,curvature,KoD,0.1,sine
38,38,0.064569999653049,35.36585365853659,10,curvature,KoD,0.1,sine
39,39,0.070771769579292,34.523809523809526,10,curvature,KoD,0.1,sine
40,40,0.0762859412861257,33.72093023255814,10,curvature,KoD,0.1,sine
41,41,0.0813662112353148,32.95454545454545,10,curvature,KoD,0.1,sine
42,42,0.0888814935737555,32.22222222222222,10,curvature,KoD,0.1,sine
43,43,0.0940157476565355,31.52173913043478,10,curvature,KoD,0.1,sine
44,44,0.098798167451174,30.851063829787236,10,curvature,KoD,0.1,sine
45,45,0.1064928359705136,30.20833333333333,10,curvature,KoD,0.1,sine
46,46,0.1188115899952295,29.59183673469388,10,curvature,KoD,0.1,sine
47,47,0.1251521511034289,29.0,10,curvature,KoD,0.1,sine
48,48,0.1347456639611696,28.431372549019606,10,curvature,KoD,0.1,sine
49,49,0.1455500282348282,27.884615384615383,10,curvature,KoD,0.1,sine
50,50,0.1554243023016681,27.358490566037737,10,curvature,KoD,0.1,sine
51,51,0.1720896252516931,26.85185185185185,10,curvature,KoD,0.1,sine
52,52,0.1766908360162906,26.363636363636363,10,curvature,KoD,0.1,sine
53,53,0.1840441203296786,25.892857142857142,10,curvature,KoD,0.1,sine
54,54,0.1875306641489311,25.43859649122807,10,curvature,KoD,0.1,sine
55,55,0.1967144455071533,25.0,10,curvature,KoD,0.1,sine
56,56,0.199790837659099,24.57627118644068,10,curvature,KoD,0.1,sine
57,57,0.2064093631019279,24.166666666666668,10,curvature,KoD,0.1,sine
58,58,0.217512521846631,23.770491803278688,10,curvature,KoD,0.1,sine
59,59,0.2308972256348717,23.387096774193548,10,curvature,KoD,0.1,sine
60,60,0.2415368416943175,23.015873015873016,10,curvature,KoD,0.1,sine
61,61,0.2634795569480405,22.65625,10,curvature,KoD,0.1,sine
62,62,0.2901322172970355,22.307692307692307,10,curvature,KoD,0.1,sine
63,63,0.3133506043972928,21.96969696969697,10,curvature,KoD,0.1,sine
64,64,0.3387311494715374,21.64179104477612,10,curvature,KoD,0.1,sine
65,65,0.3531296459829732,21.323529411764707,10,curvature,KoD,0.1,sine
66,66,0.3634603580797405,21.014492753623188,10,curvature,KoD,0.1,sine
67,67,0.3720660564671377,20.714285714285715,10,curvature,KoD,0.1,sine
68,68,0.3762431863656276,20.422535211267604,10,curvature,KoD,0.1,sine
69,69,0.362933323373137,20.13888888888889,10,curvature,KoD,0.1,sine
70,70,0.4006425590158794,19.863013698630137,10,curvature,KoD,0.1,sine
71,71,0.4082950452357429,19.594594594594597,10,curvature,KoD,0.1,sine
72,72,0.4166065243124573,19.33333333333333,10,curvature,KoD,0.1,sine
73,73,0.4248498258603678,19.07894736842105,10,curvature,KoD,0.1,sine
74,74,0.4330346604239154,18.83116883116883,10,curvature,KoD,0.1,sine
75,75,0.4401804667322541,18.58974358974359,10,curvature,KoD,0.1,sine
76,76,0.4456676034005867,18.354430379746837,10,curvature,KoD,0.1,sine
77,77,0.4500773449772819,18.125,10,curvature,KoD,0.1,sine
78,78,0.4552656956628082,17.901234567901234,10,curvature,KoD,0.1,sine
79,79,0.4603759206044212,17.682926829268293,10,curvature,KoD,0.1,sine
80,80,0.4656592376983463,17.46987951807229,10,curvature,KoD,0.1,sine
81,81,0.4717083296850229,17.261904761904763,10,curvature,KoD,0.1,sine
82,82,0.4746446149780993,17.058823529411764,10,curvature,KoD,0.1,sine
83,83,0.4763123500564474,16.86046511627907,10,curvature,KoD,0.1,sine
84,84,0.4755229099557395,16.666666666666668,10,curvature,KoD,0.1,sine
85,85,0.472347018676224,16.477272727272727,10,curvature,KoD,0.1,sine
86,86,0.4682914403480121,16.292134831460675,10,curvature,KoD,0.1,sine
87,87,0.4643676673817609,16.11111111111111,10,curvature,KoD,0.1,sine
88,88,0.4588901393990117,15.934065934065934,10,curvature,KoD,0.1,sine
89,89,0.4537449089632767,15.76086956521739,10,curvature,KoD,0.1,sine
90,90,0.4485860973465051,15.591397849462366,10,curvature,KoD,0.1,sine
91,91,0.4420881473265672,15.425531914893616,10,curvature,KoD,0.1,sine
92,92,0.4329539203026525,15.263157894736842,10,curvature,KoD,0.1,sine
93,93,0.4211551334652522,15.104166666666666,10,curvature,KoD,0.1,sine
94,94,0.4176729526004077,14.948453608247425,10,curvature,KoD,0.1,sine
95,95,0.4086952147349878,14.79591836734694,10,curvature,KoD,0.1,sine
96,96,0.4016738120449448,14.646464646464649,10,curvature,KoD,0.1,sine
0,0,26.150028155945517,483.3333333333333,10,slope,DoK,0.1,sine
1,1,26.30472028907322,362.5,10,slope,DoK,0.1,sine
2,2,26.5134957070305,290.0,10,slope,DoK,0.1,sine
3,3,26.93049961776565,241.66666666666663,10,slope,DoK,0.1,sine
4,4,27.73109884926849,207.14285714285717,10,slope,DoK,0.1,sine
5,5,28.49713564021438,181.25,10,slope,DoK,0.1,sine
6,6,29.197713333369123,161.11111111111111,10,slope,DoK,0.1,sine
7,7,30.127682292963183,145.0,10,slope,DoK,0.1,sine
8,8,30.93134615163165,131.8181818181818,10,slope,DoK,0.1,sine
9,9,31.613364158054782,120.83333333333331,10,slope,DoK,0.1,sine
10,10,32.23211653665736,111.53846153846152,10,slope,DoK,0.1,sine
11,11,32.838574637229144,103.57142857142856,10,slope,DoK,0.1,sine
12,12,33.44440388922967,96.66666666666669,10,slope,DoK,0.1,sine
13,13,33.97769747777383,90.625,10,slope,DoK,0.1,sine
14,14,34.33621385597941,85.29411764705883,10,slope,DoK,0.1,sine
15,15,34.25003621700377,80.55555555555556,10,slope,DoK,0.1,sine
16,16,34.10821182564981,76.3157894736842,10,slope,DoK,0.1,sine
17,17,33.9133656920086,72.5,10,slope,DoK,0.1,sine
18,18,33.50713297652613,69.04761904761905,10,slope,DoK,0.1,sine
19,19,32.23941579548634,65.9090909090909,10,slope,DoK,0.1,sine
20,20,30.377484022479614,63.04347826086956,10,slope,DoK,0.1,sine
21,21,26.582329817795845,60.41666666666666,10,slope,DoK,0.1,sine
22,22,25.37501786896533,58.0,10,slope,DoK,0.1,sine
23,23,23.91280301716234,55.76923076923077,10,slope,DoK,0.1,sine
24,24,22.64961123813444,53.7037037037037,10,slope,DoK,0.1,sine
25,25,22.136293687920453,51.785714285714285,10,slope,DoK,0.1,sine
26,26,21.434492913140875,50.0,10,slope,DoK,0.1,sine
27,27,20.395322956834203,48.333333333333336,10,slope,DoK,0.1,sine
28,28,19.33711965812895,46.774193548387096,10,slope,DoK,0.1,sine
29,29,18.14107102182753,45.3125,10,slope,DoK,0.1,sine
30,30,17.64277602936313,43.93939393939394,10,slope,DoK,0.1,sine
31,31,16.93835485989487,42.64705882352941,10,slope,DoK,0.1,sine
32,32,16.62583125464816,41.42857142857143,10,slope,DoK,0.1,sine
33,33,14.78869976928618,40.27777777777778,10,slope,DoK,0.1,sine
34,34,15.672747783120569,39.18918918918919,10,slope,DoK,0.1,sine
35,35,14.980297525055397,38.1578947368421,10,slope,DoK,0.1,sine
36,36,14.509870620490489,37.17948717948718,10,slope,DoK,0.1,sine
37,37,14.03694793710056,36.25,10,slope,DoK,0.1,sine
38,38,13.590620067484648,35.36585365853659,10,slope,DoK,0.1,sine
39,39,12.853246079031749,34.523809523809526,10,slope,DoK,0.1,sine
40,40,12.41765075067378,33.72093023255814,10,slope,DoK,0.1,sine
41,41,11.643633929051129,32.95454545454545,10,slope,DoK,0.1,sine
42,42,10.922423079655506,32.22222222222222,10,slope,DoK,0.1,sine
43,43,10.66229092581156,31.52173913043478,10,slope,DoK,0.1,sine
44,44,10.635394091645752,30.851063829787236,10,slope,DoK,0.1,sine
45,45,9.919096914985383,30.20833333333333,10,slope,DoK,0.1,sine
46,46,9.538968915239057,29.59183673469388,10,slope,DoK,0.1,sine
47,47,9.140899115751788,29.0,10,slope,DoK,0.1,sine
48,48,8.858625722946531,28.431372549019606,10,slope,DoK,0.1,sine
49,49,8.665484403551256,27.884615384615383,10,slope,DoK,0.1,sine
50,50,8.390153729742833,27.358490566037737,10,slope,DoK,0.1,sine
51,51,8.180789847984922,26.85185185185185,10,slope,DoK,0.1,sine
52,52,7.9241653999329635,26.363636363636363,10,slope,DoK,0.1,sine
53,53,7.339370844178454,25.892857142857142,10,slope,DoK,0.1,sine
54,54,6.854118978777407,25.43859649122807,10,slope,DoK,0.1,sine
55,55,6.736416987846887,25.0,10,slope,DoK,0.1,sine
56,56,6.388831036275347,24.57627118644068,10,slope,DoK,0.1,sine
57,57,6.8703859643877365,24.166666666666668,10,slope,DoK,0.1,sine
58,58,6.596794143417641,23.770491803278688,10,slope,DoK,0.1,sine
59,59,6.742110086655325,23.387096774193548,10,slope,DoK,0.1,sine
60,60,6.659258998929117,23.015873015873016,10,slope,DoK,0.1,sine
61,61,6.3938110554194925,22.65625,10,slope,DoK,0.1,sine
62,62,5.9040868651336655,22.307692307692307,10,slope,DoK,0.1,sine
63,63,5.913768825429896,21.96969696969697,10,slope,DoK,0.1,sine
64,64,5.698262996984244,21.64179104477612,10,slope,DoK,0.1,sine
65,65,5.325001562095846,21.323529411764707,10,slope,DoK,0.1,sine
66,66,6.349826270948947,21.014492753623188,10,slope,DoK,0.1,sine
67,67,7.4788621496405,20.714285714285715,10,slope,DoK,0.1,sine
68,68,9.332628698950847,20.422535211267604,10,slope,DoK,0.1,sine
69,69,17.040513329534654,20.13888888888889,10,slope,DoK,0.1,sine
70,70,10.45603551754168,19.863013698630137,10,slope,DoK,0.1,sine
71,71,8.085141403370917,19.594594594594597,10,slope,DoK,0.1,sine
72,72,6.780434080133938,19.33333333333333,10,slope,DoK,0.1,sine
73,73,5.598837999390907,19.07894736842105,10,slope,DoK,0.1,sine
74,74,5.592908361211629,18.83116883116883,10,slope,DoK,0.1,sine
75,75,5.90859149783495,18.58974358974359,10,slope,DoK,0.1,sine
76,76,5.885076022821579,18.354430379746837,10,slope,DoK,0.1,sine
77,77,6.344325865188949,18.125,10,slope,DoK,0.1,sine
78,78,6.7402743103674805,17.901234567901234,10,slope,DoK,0.1,sine
79,79,6.730500042024092,17.682926829268293,10,slope,DoK,0.1,sine
80,80,6.657668992816829,17.46987951807229,10,slope,DoK,0.1,sine
81,81,6.608729573915106,17.261904761904763,10,slope,DoK,0.1,sine
82,82,6.4923245110471495,17.058823529411764,10,slope,DoK,0.1,sine
83,83,6.571144044813753,16.86046511627907,10,slope,DoK,0.1,sine
84,84,6.837766608223458,16.666666666666668,10,slope,DoK,0.1,sine
85,85,7.244501248712341,16.477272727272727,10,slope,DoK,0.1,sine
86,86,7.709410728221055,16.292134831460675,10,slope,DoK,0.1,sine
87,87,8.09423489986652,16.11111111111111,10,slope,DoK,0.1,sine
88,88,8.357623220073942,15.934065934065934,10,slope,DoK,0.1,sine
89,89,8.588873339812894,15.76086956521739,10,slope,DoK,0.1,sine
90,90,8.726143482890214,15.591397849462366,10,slope,DoK,0.1,sine
91,91,8.909017262815102,15.425531914893616,10,slope,DoK,0.1,sine
92,92,9.39972972613081,15.263157894736842,10,slope,DoK,0.1,sine
93,93,9.536670444864836,15.104166666666666,10,slope,DoK,0.1,sine
94,94,10.378845220807404,14.948453608247425,10,slope,DoK,0.1,sine
95,95,10.820069609266096,14.79591836734694,10,slope,DoK,0.1,sine
96,96,10.739797377607353,14.646464646464649,10,slope,DoK,0.1,sine
0,0,0.0560654216467079,483.3333333333333,0,slope,KoD,0.1,sine
1,1,0.0551016755756327,362.5,0,slope,KoD,0.1,sine
2,2,0.0537227146031955,290.0,0,slope,KoD,0.1,sine
3,3,0.0523181828133378,241.66666666666663,0,slope,KoD,0.1,sine
4,4,0.051247026576739,207.14285714285717,0,slope,KoD,0.1,sine
5,5,0.0501455927946667,181.25,0,slope,KoD,0.1,sine
6,6,0.0490302849873416,161.11111111111111,0,slope,KoD,0.1,sine
7,7,0.0470725195438368,145.0,0,slope,KoD,0.1,sine
8,8,0.0454206022972773,131.8181818181818,0,slope,KoD,0.1,sine
9,9,0.0439962122742725,120.83333333333331,0,slope,KoD,0.1,sine
10,10,0.0427888070830427,111.53846153846152,0,slope,KoD,0.1,sine
11,11,0.0412985313555338,103.57142857142856,0,slope,KoD,0.1,sine
12,12,0.0400393818645543,96.66666666666669,0,slope,KoD,0.1,sine
13,13,0.0393983586078625,90.625,0,slope,KoD,0.1,sine
14,14,0.039140418027024,85.29411764705883,0,slope,KoD,0.1,sine
15,15,0.0378830977513653,80.55555555555556,0,slope,KoD,0.1,sine
16,16,0.0390609214326497,76.3157894736842,0,slope,KoD,0.1,sine
17,17,0.0388347183742462,72.5,0,slope,KoD,0.1,sine
18,18,0.0387735606183905,69.04761904761905,0,slope,KoD,0.1,sine
19,19,0.0397333002410599,65.9090909090909,0,slope,KoD,0.1,sine
20,20,0.0413122653248571,63.04347826086956,0,slope,KoD,0.1,sine
21,21,0.0441352835680878,60.41666666666666,0,slope,KoD,0.1,sine
22,22,0.0443095343649071,58.0,0,slope,KoD,0.1,sine
23,23,0.0460609634713935,55.76923076923077,0,slope,KoD,0.1,sine
24,24,0.0484433657606046,53.7037037037037,0,slope,KoD,0.1,sine
25,25,0.0487828061600203,51.785714285714285,0,slope,KoD,0.1,sine
26,26,0.051700115996717,50.0,0,slope,KoD,0.1,sine
27,27,0.0542543159819226,48.333333333333336,0,slope,KoD,0.1,sine
28,28,0.0550093829622506,46.774193548387096,0,slope,KoD,0.1,sine
29,29,0.0557478129958086,45.3125,0,slope,KoD,0.1,sine
30,30,0.0558974309255227,43.93939393939394,0,slope,KoD,0.1,sine
31,31,0.0553293301227596,42.64705882352941,0,slope,KoD,0.1,sine
32,32,0.0551431109101517,41.42857142857143,0,slope,KoD,0.1,sine
33,33,0.0459877566614869,40.27777777777778,0,slope,KoD,0.1,sine
34,34,0.0549015016995097,39.18918918918919,0,slope,KoD,0.1,sine
35,35,0.0515926421694073,38.1578947368421,0,slope,KoD,0.1,sine
36,36,0.0512994711561358,37.17948717948718,0,slope,KoD,0.1,sine
37,37,0.0515420734906412,36.25,0,slope,KoD,0.1,sine
38,38,0.0520447766625937,35.36585365853659,0,slope,KoD,0.1,sine
39,39,0.0521991946909804,34.523809523809526,0,slope,KoD,0.1,sine
40,40,0.0550085511149121,33.72093023255814,0,slope,KoD,0.1,sine
41,41,0.0559459242300617,32.95454545454545,0,slope,KoD,0.1,sine
42,42,0.0563162066427878,32.22222222222222,0,slope,KoD,0.1,sine
43,43,0.0566592036139875,31.52173913043478,0,slope,KoD,0.1,sine
44,44,0.0559753741723158,30.851063829787236,0,slope,KoD,0.1,sine
45,45,0.0670317266498118,30.20833333333333,0,slope,KoD,0.1,sine
46,46,0.0580688580555675,29.59183673469388,0,slope,KoD,0.1,sine
47,47,0.0578143000376309,29.0,0,slope,KoD,0.1,sine
48,48,0.0568235274162928,28.431372549019606,0,slope,KoD,0.1,sine
49,49,0.0548684739648762,27.884615384615383,0,slope,KoD,0.1,sine
50,50,0.0523758688797909,27.358490566037737,0,slope,KoD,0.1,sine
51,51,0.050991645199702,26.85185185185185,0,slope,KoD,0.1,sine
52,52,0.0494187874032522,26.363636363636363,0,slope,KoD,0.1,sine
53,53,0.0519663835391787,25.892857142857142,0,slope,KoD,0.1,sine
54,54,0.0525902393342163,25.43859649122807,0,slope,KoD,0.1,sine
55,55,0.0519602210782833,25.0,0,slope,KoD,0.1,sine
56,56,0.0514678396039186,24.57627118644068,0,slope,KoD,0.1,sine
57,57,0.0492164065852107,24.166666666666668,0,slope,KoD,0.1,sine
58,58,0.0461960537815175,23.770491803278688,0,slope,KoD,0.1,sine
59,59,0.0417677484279929,23.387096774193548,0,slope,KoD,0.1,sine
60,60,0.0374680016853373,23.015873015873016,0,slope,KoD,0.1,sine
61,61,0.0321906093816395,22.65625,0,slope,KoD,0.1,sine
62,62,0.0272546564574412,22.307692307692307,0,slope,KoD,0.1,sine
63,63,0.0201546696586248,21.96969696969697,0,slope,KoD,0.1,sine
64,64,0.0161399112676662,21.64179104477612,0,slope,KoD,0.1,sine
65,65,0.016736634409464,21.323529411764707,0,slope,KoD,0.1,sine
66,66,0.0185402067628931,21.014492753623188,0,slope,KoD,0.1,sine
67,67,0.0189633454345662,20.714285714285715,0,slope,KoD,0.1,sine
68,68,0.0218973643680571,20.422535211267604,0,slope,KoD,0.1,sine
69,69,0.0242227087204379,20.13888888888889,0,slope,KoD,0.1,sine
70,70,0.0227259861760557,19.863013698630137,0,slope,KoD,0.1,sine
71,71,0.0191095892896165,19.594594594594597,0,slope,KoD,0.1,sine
72,72,0.0186088935859859,19.33333333333333,0,slope,KoD,0.1,sine
73,73,0.0172277893334164,19.07894736842105,0,slope,KoD,0.1,sine
74,74,0.0158653676930103,18.83116883116883,0,slope,KoD,0.1,sine
75,75,0.0187304027150732,18.58974358974359,0,slope,KoD,0.1,sine
76,76,0.0250397780363172,18.354430379746837,0,slope,KoD,0.1,sine
77,77,0.0298413027329671,18.125,0,slope,KoD,0.1,sine
78,78,0.0357063187871683,17.901234567901234,0,slope,KoD,0.1,sine
79,79,0.040582671547211,17.682926829268293,0,slope,KoD,0.1,sine
80,80,0.0449937500214145,17.46987951807229,0,slope,KoD,0.1,sine
81,81,0.0477139841889122,17.261904761904763,0,slope,KoD,0.1,sine
82,82,0.0509151279769177,17.058823529411764,0,slope,KoD,0.1,sine
83,83,0.0519881728465044,16.86046511627907,0,slope,KoD,0.1,sine
84,84,0.0525067999532224,16.666666666666668,0,slope,KoD,0.1,sine
85,85,0.0524733011213717,16.477272727272727,0,slope,KoD,0.1,sine
86,86,0.0502179125836868,16.292134831460675,0,slope,KoD,0.1,sine
87,87,0.0494941459815293,16.11111111111111,0,slope,KoD,0.1,sine
88,88,0.0515064525992535,15.934065934065934,0,slope,KoD,0.1,sine
89,89,0.0541733976076586,15.76086956521739,0,slope,KoD,0.1,sine
90,90,0.0563850504982864,15.591397849462366,0,slope,KoD,0.1,sine
91,91,0.0579503113215938,15.425531914893616,0,slope,KoD,0.1,sine
92,92,0.0584437028962981,15.263157894736842,0,slope,KoD,0.1,sine
93,93,0.0560199459108305,15.104166666666666,0,slope,KoD,0.1,sine
94,94,0.0582749949189894,14.948453608247425,0,slope,KoD,0.1,sine
95,95,0.0563816127618365,14.79591836734694,0,slope,KoD,0.1,sine
96,96,0.0557242538908291,14.646464646464649,0,slope,KoD,0.1,sine
0,0,22.222289883890905,483.3333333333333,0,slope,DoK,0.0,sine
1,1,22.333751273908284,362.5,0,slope,DoK,0.0,sine
2,2,22.54973018109562,290.0,0,slope,DoK,0.0,sine
3,3,22.90943848696012,241.66666666666663,0,slope,DoK,0.0,sine
4,4,23.272241131642925,207.14285714285717,0,slope,DoK,0.0,sine
5,5,23.587292535068517,181.25,0,slope,DoK,0.0,sine
6,6,23.939447158049056,161.11111111111111,0,slope,DoK,0.0,sine
7,7,24.25656222325391,145.0,0,slope,DoK,0.0,sine
8,8,24.59641276047365,131.8181818181818,0,slope,DoK,0.0,sine
9,9,24.87076381513161,120.83333333333331,0,slope,DoK,0.0,sine
10,10,24.925492102440703,111.53846153846152,0,slope,DoK,0.0,sine
11,11,25.02962827199084,103.57142857142856,0,slope,DoK,0.0,sine
12,12,25.147671802695843,96.66666666666669,0,slope,DoK,0.0,sine
13,13,25.36604091137926,90.625,0,slope,DoK,0.0,sine
14,14,25.40021623506344,85.29411764705883,0,slope,DoK,0.0,sine
15,15,24.776234605589394,80.55555555555556,0,slope,DoK,0.0,sine
16,16,24.986525029370647,76.3157894736842,0,slope,DoK,0.0,sine
17,17,24.618015728134974,72.5,0,slope,DoK,0.0,sine
18,18,24.342837362604364,69.04761904761905,0,slope,DoK,0.0,sine
19,19,23.98285617107545,65.9090909090909,0,slope,DoK,0.0,sine
20,20,23.68368867486449,63.04347826086956,0,slope,DoK,0.0,sine
21,21,24.635886566064663,60.41666666666666,0,slope,DoK,0.0,sine
22,22,23.3038312530814,58.0,0,slope,DoK,0.0,sine
23,23,23.25713520818825,55.76923076923077,0,slope,DoK,0.0,sine
24,24,22.811459264155385,53.7037037037037,0,slope,DoK,0.0,sine
25,25,23.46934535088773,51.785714285714285,0,slope,DoK,0.0,sine
26,26,23.32992962263929,50.0,0,slope,DoK,0.0,sine
27,27,22.83067174185798,48.333333333333336,0,slope,DoK,0.0,sine
28,28,22.959719834097392,46.774193548387096,0,slope,DoK,0.0,sine
29,29,23.0332965592481,45.3125,0,slope,DoK,0.0,sine
30,30,23.48621176187929,43.93939393939394,0,slope,DoK,0.0,sine
31,31,23.724751909642503,42.64705882352941,0,slope,DoK,0.0,sine
32,32,23.9106378165312,41.42857142857143,0,slope,DoK,0.0,sine
33,33,24.205249333689647,40.27777777777778,0,slope,DoK,0.0,sine
34,34,24.112277822443207,39.18918918918919,0,slope,DoK,0.0,sine
35,35,24.441658319414117,38.1578947368421,0,slope,DoK,0.0,sine
36,36,24.851931819660894,37.17948717948718,0,slope,DoK,0.0,sine
37,37,25.377229223620045,36.25,0,slope,DoK,0.0,sine
38,38,25.560858775681037,35.36585365853659,0,slope,DoK,0.0,sine
39,39,25.16392724980028,34.523809523809526,0,slope,DoK,0.0,sine
40,40,24.568227652124698,33.72093023255814,0,slope,DoK,0.0,sine
41,41,24.13601656754564,32.95454545454545,0,slope,DoK,0.0,sine
42,42,23.304867410910735,32.22222222222222,0,slope,DoK,0.0,sine
43,43,23.82258920882473,31.52173913043478,0,slope,DoK,0.0,sine
44,44,24.10126316471614,30.851063829787236,0,slope,DoK,0.0,sine
45,45,22.159717143349315,30.20833333333333,0,slope,DoK,0.0,sine
46,46,24.110523969547216,29.59183673469388,0,slope,DoK,0.0,sine
47,47,23.53023577726988,29.0,0,slope,DoK,0.0,sine
48,48,22.648243925185923,28.431372549019606,0,slope,DoK,0.0,sine
49,49,21.91565437820225,27.884615384615383,0,slope,DoK,0.0,sine
50,50,21.60220942325985,27.358490566037737,0,slope,DoK,0.0,sine
51,51,21.56509437673636,26.85185185185185,0,slope,DoK,0.0,sine
52,52,21.271471132607797,26.363636363636363,0,slope,DoK,0.0,sine
53,53,21.492569386397957,25.892857142857142,0,slope,DoK,0.0,sine
54,54,21.877984618007872,25.43859649122807,0,slope,DoK,0.0,sine
55,55,22.40328029119113,25.0,0,slope,DoK,0.0,sine
56,56,22.475025855456355,24.57627118644068,0,slope,DoK,0.0,sine
57,57,22.38369483128549,24.166666666666668,0,slope,DoK,0.0,sine
58,58,21.650149896013748,23.770491803278688,0,slope,DoK,0.0,sine
59,59,21.45268509845973,23.387096774193548,0,slope,DoK,0.0,sine
60,60,21.78441195060432,23.015873015873016,0,slope,DoK,0.0,sine
61,61,22.542525826477625,22.65625,0,slope,DoK,0.0,sine
62,62,23.71599072211667,22.307692307692307,0,slope,DoK,0.0,sine
63,63,24.30965550427772,21.96969696969697,0,slope,DoK,0.0,sine
64,64,25.572255357953217,21.64179104477612,0,slope,DoK,0.0,sine
65,65,26.591991008781463,21.323529411764707,0,slope,DoK,0.0,sine
66,66,26.929005381252296,21.014492753623188,0,slope,DoK,0.0,sine
67,67,27.076253447302044,20.714285714285715,0,slope,DoK,0.0,sine
68,68,27.690191961245358,20.422535211267604,0,slope,DoK,0.0,sine
69,69,30.367016289931957,20.13888888888889,0,slope,DoK,0.0,sine
70,70,27.832766355482462,19.863013698630137,0,slope,DoK,0.0,sine
71,71,27.57828230027397,19.594594594594597,0,slope,DoK,0.0,sine
72,72,26.80298297372112,19.33333333333333,0,slope,DoK,0.0,sine
73,73,26.956471063758716,19.07894736842105,0,slope,DoK,0.0,sine
74,74,26.14746026145865,18.83116883116883,0,slope,DoK,0.0,sine
75,75,25.108355497710285,18.58974358974359,0,slope,DoK,0.0,sine
76,76,24.0276076892627,18.354430379746837,0,slope,DoK,0.0,sine
77,77,22.85204105477494,18.125,0,slope,DoK,0.0,sine
78,78,22.10046893481863,17.901234567901234,0,slope,DoK,0.0,sine
79,79,21.28823283165836,17.682926829268293,0,slope,DoK,0.0,sine
80,80,21.64283275250063,17.46987951807229,0,slope,DoK,0.0,sine
81,81,22.04026389568663,17.261904761904763,0,slope,DoK,0.0,sine
82,82,22.432029920940984,17.058823529411764,0,slope,DoK,0.0,sine
83,83,22.30272105846835,16.86046511627907,0,slope,DoK,0.0,sine
84,84,22.06006858720427,16.666666666666668,0,slope,DoK,0.0,sine
85,85,21.563851102726208,16.477272727272727,0,slope,DoK,0.0,sine
86,86,21.22867596809499,16.292134831460675,0,slope,DoK,0.0,sine
87,87,21.21919881627839,16.11111111111111,0,slope,DoK,0.0,sine
88,88,21.399625856028308,15.934065934065934,0,slope,DoK,0.0,sine
89,89,21.72508210714443,15.76086956521739,0,slope,DoK,0.0,sine
90,90,22.345892666735967,15.591397849462366,0,slope,DoK,0.0,sine
91,91,23.326587494406898,15.425531914893616,0,slope,DoK,0.0,sine
92,92,23.96363878950785,15.263157894736842,0,slope,DoK,0.0,sine
93,93,24.49061158452291,15.104166666666666,0,slope,DoK,0.0,sine
94,94,23.997885075003285,14.948453608247425,0,slope,DoK,0.0,sine
95,95,23.76939842742611,14.79591836734694,0,slope,DoK,0.0,sine
96,96,23.875460950535363,14.646464646464649,0,slope,DoK,0.0,sine
0,0,42.56527779776855,483.3333333333333,10,curvature,DoK,0.0,sine
1,1,42.59569099160576,362.5,10,curvature,DoK,0.0,sine
2,2,42.67818438564924,290.0,10,curvature,DoK,0.0,sine
3,3,42.87231974732734,241.66666666666663,10,curvature,DoK,0.0,sine
4,4,43.09389829142536,207.14285714285717,10,curvature,DoK,0.0,sine
5,5,43.39844330830854,181.25,10,curvature,DoK,0.0,sine
6,6,43.66853203888901,161.11111111111111,10,curvature,DoK,0.0,sine
7,7,43.968443191804894,145.0,10,curvature,DoK,0.0,sine
8,8,44.2947336768972,131.8181818181818,10,curvature,DoK,0.0,sine
9,9,44.65064119891999,120.83333333333331,10,curvature,DoK,0.0,sine
10,10,45.10038215857955,111.53846153846152,10,curvature,DoK,0.0,sine
11,11,45.51142758487069,103.57142857142856,10,curvature,DoK,0.0,sine
12,12,45.93341843785352,96.66666666666669,10,curvature,DoK,0.0,sine
13,13,46.40384563088108,90.625,10,curvature,DoK,0.0,sine
14,14,46.78058246374496,85.29411764705883,10,curvature,DoK,0.0,sine
15,15,47.07205666115064,80.55555555555556,10,curvature,DoK,0.0,sine
16,16,47.51963530480553,76.3157894736842,10,curvature,DoK,0.0,sine
17,17,47.78503709429158,72.5,10,curvature,DoK,0.0,sine
18,18,47.879876689642366,69.04761904761905,10,curvature,DoK,0.0,sine
19,19,47.8821520830048,65.9090909090909,10,curvature,DoK,0.0,sine
20,20,47.809549496214245,63.04347826086956,10,curvature,DoK,0.0,sine
21,21,46.4636427838297,60.41666666666666,10,curvature,DoK,0.0,sine
22,22,47.276350523418415,58.0,10,curvature,DoK,0.0,sine
23,23,46.76513009665079,55.76923076923077,10,curvature,DoK,0.0,sine
24,24,46.0232087830248,53.7037037037037,10,curvature,DoK,0.0,sine
25,25,45.213161822895394,51.785714285714285,10,curvature,DoK,0.0,sine
26,26,43.87538514176424,50.0,10,curvature,DoK,0.0,sine
27,27,42.30199217026359,48.333333333333336,10,curvature,DoK,0.0,sine
28,28,40.45061351474814,46.774193548387096,10,curvature,DoK,0.0,sine
29,29,38.14617311757665,45.3125,10,curvature,DoK,0.0,sine
30,30,36.07161898874736,43.93939393939394,10,curvature,DoK,0.0,sine
31,31,33.056434320877315,42.64705882352941,10,curvature,DoK,0.0,sine
32,32,30.17516324471982,41.42857142857143,10,curvature,DoK,0.0,sine
33,33,29.904675281835395,40.27777777777778,10,curvature,DoK,0.0,sine
34,34,23.451300858444323,39.18918918918919,10,curvature,DoK,0.0,sine
35,35,20.81085743884367,38.1578947368421,10,curvature,DoK,0.0,sine
36,36,18.840541018416385,37.17948717948718,10,curvature,DoK,0.0,sine
37,37,16.821994797199903,36.25,10,curvature,DoK,0.0,sine
38,38,15.457820322282886,35.36585365853659,10,curvature,DoK,0.0,sine
39,39,14.59500777469708,34.523809523809526,10,curvature,DoK,0.0,sine
40,40,13.733208884854122,33.72093023255814,10,curvature,DoK,0.0,sine
41,41,13.10759455679598,32.95454545454545,10,curvature,DoK,0.0,sine
42,42,12.21721074937482,32.22222222222222,10,curvature,DoK,0.0,sine
43,43,11.272515771632666,31.52173913043478,10,curvature,DoK,0.0,sine
44,44,11.18624928616163,30.851063829787236,10,curvature,DoK,0.0,sine
45,45,12.43692986324792,30.20833333333333,10,curvature,DoK,0.0,sine
46,46,9.618623259907142,29.59183673469388,10,curvature,DoK,0.0,sine
47,47,10.14376200941024,29.0,10,curvature,DoK,0.0,sine
48,48,9.494752783725325,28.431372549019606,10,curvature,DoK,0.0,sine
49,49,8.95361531887395,27.884615384615383,10,curvature,DoK,0.0,sine
50,50,8.507413795897586,27.358490566037737,10,curvature,DoK,0.0,sine
51,51,8.106080330018004,26.85185185185185,10,curvature,DoK,0.0,sine
52,52,7.915079980391487,26.363636363636363,10,curvature,DoK,0.0,sine
53,53,7.87787752968584,25.892857142857142,10,curvature,DoK,0.0,sine
54,54,7.84988280668415,25.43859649122807,10,curvature,DoK,0.0,sine
55,55,7.095742215315683,25.0,10,curvature,DoK,0.0,sine
56,56,7.424339247736338,24.57627118644068,10,curvature,DoK,0.0,sine
57,57,7.299416459816923,24.166666666666668,10,curvature,DoK,0.0,sine
58,58,7.122776934626934,23.770491803278688,10,curvature,DoK,0.0,sine
59,59,7.000255309784203,23.387096774193548,10,curvature,DoK,0.0,sine
60,60,6.67204366346043,23.015873015873016,10,curvature,DoK,0.0,sine
61,61,6.500906851731617,22.65625,10,curvature,DoK,0.0,sine
62,62,5.878489843656892,22.307692307692307,10,curvature,DoK,0.0,sine
63,63,5.29242028300102,21.96969696969697,10,curvature,DoK,0.0,sine
64,64,5.0156126804380765,21.64179104477612,10,curvature,DoK,0.0,sine
65,65,4.417491150375204,21.323529411764707,10,curvature,DoK,0.0,sine
66,66,4.313794597899655,21.014492753623188,10,curvature,DoK,0.0,sine
67,67,4.096512993396809,20.714285714285715,10,curvature,DoK,0.0,sine
68,68,2.3439062560410626,20.422535211267604,10,curvature,DoK,0.0,sine
69,69,0.1283585082822362,20.13888888888889,10,curvature,DoK,0.0,sine
70,70,4.746027028714616,19.863013698630137,10,curvature,DoK,0.0,sine
71,71,4.3830994797055,19.594594594594597,10,curvature,DoK,0.0,sine
72,72,3.0852737213841124,19.33333333333333,10,curvature,DoK,0.0,sine
73,73,3.025266567628204,19.07894736842105,10,curvature,DoK,0.0,sine
74,74,3.24773819208248,18.83116883116883,10,curvature,DoK,0.0,sine
75,75,3.2041941785371115,18.58974358974359,10,curvature,DoK,0.0,sine
76,76,3.24858511841515,18.354430379746837,10,curvature,DoK,0.0,sine
77,77,3.0587628502404804,18.125,10,curvature,DoK,0.0,sine
78,78,3.0405089339150866,17.901234567901234,10,curvature,DoK,0.0,sine
79,79,2.881852170161965,17.682926829268293,10,curvature,DoK,0.0,sine
80,80,2.616745766426824,17.46987951807229,10,curvature,DoK,0.0,sine
81,81,2.2782544652014742,17.261904761904763,10,curvature,DoK,0.0,sine
82,82,2.039790471577163,17.058823529411764,10,curvature,DoK,0.0,sine
83,83,1.5276261950273486,16.86046511627907,10,curvature,DoK,0.0,sine
84,84,1.448497429302769,16.666666666666668,10,curvature,DoK,0.0,sine
85,85,1.161938635408223,16.477272727272727,10,curvature,DoK,0.0,sine
86,86,0.8976537732927845,16.292134831460675,10,curvature,DoK,0.0,sine
87,87,0.7271631178940723,16.11111111111111,10,curvature,DoK,0.0,sine
88,88,0.5621555604965174,15.934065934065934,10,curvature,DoK,0.0,sine
89,89,0.3663725001766522,15.76086956521739,10,curvature,DoK,0.0,sine
90,90,0.0743236851774185,15.591397849462366,10,curvature,DoK,0.0,sine
91,91,-0.126351701641795,15.425531914893616,10,curvature,DoK,0.0,sine
92,92,-0.2811246043107651,15.263157894736842,10,curvature,DoK,0.0,sine
93,93,-0.4283559395269662,15.104166666666666,10,curvature,DoK,0.0,sine
94,94,-0.6704176392892407,14.948453608247425,10,curvature,DoK,0.0,sine
95,95,-0.6196112901337543,14.79591836734694,10,curvature,DoK,0.0,sine
96,96,-0.7414325276686782,14.646464646464649,10,curvature,DoK,0.0,sine
0,0,27.24960853678911,483.3333333333333,0,curvature,DoK,0.1,sine
1,1,27.235590405977657,362.5,0,curvature,DoK,0.1,sine
2,2,27.288120030988512,290.0,0,curvature,DoK,0.1,sine
3,3,27.54822103086654,241.66666666666663,0,curvature,DoK,0.1,sine
4,4,27.86587436737138,207.14285714285717,0,curvature,DoK,0.1,sine
5,5,28.206151829309228,181.25,0,curvature,DoK,0.1,sine
6,6,28.479091724696268,161.11111111111111,0,curvature,DoK,0.1,sine
7,7,28.78666906092857,145.0,0,curvature,DoK,0.1,sine
8,8,29.10281835319004,131.8181818181818,0,curvature,DoK,0.1,sine
9,9,29.256195096645754,120.83333333333331,0,curvature,DoK,0.1,sine
10,10,29.598946414247425,111.53846153846152,0,curvature,DoK,0.1,sine
11,11,29.959935494266237,103.57142857142856,0,curvature,DoK,0.1,sine
12,12,30.37133976809069,96.66666666666669,0,curvature,DoK,0.1,sine
13,13,30.76618743980687,90.625,0,curvature,DoK,0.1,sine
14,14,31.429134603687277,85.29411764705883,0,curvature,DoK,0.1,sine
15,15,32.28896675520048,80.55555555555556,0,curvature,DoK,0.1,sine
16,16,32.4588320235797,76.3157894736842,0,curvature,DoK,0.1,sine
17,17,32.71194184273614,72.5,0,curvature,DoK,0.1,sine
18,18,32.998389866974094,69.04761904761905,0,curvature,DoK,0.1,sine
19,19,33.18260326743335,65.9090909090909,0,curvature,DoK,0.1,sine
20,20,33.358499712843724,63.04347826086956,0,curvature,DoK,0.1,sine
21,21,33.03230845890211,60.41666666666666,0,curvature,DoK,0.1,sine
22,22,33.12838844363658,58.0,0,curvature,DoK,0.1,sine
23,23,33.09346254014395,55.76923076923077,0,curvature,DoK,0.1,sine
24,24,32.960721260630294,53.7037037037037,0,curvature,DoK,0.1,sine
25,25,33.19734832411617,51.785714285714285,0,curvature,DoK,0.1,sine
26,26,33.53962540912557,50.0,0,curvature,DoK,0.1,sine
27,27,33.52482265991328,48.333333333333336,0,curvature,DoK,0.1,sine
28,28,33.40719913082284,46.774193548387096,0,curvature,DoK,0.1,sine
29,29,33.26929783147308,45.3125,0,curvature,DoK,0.1,sine
30,30,32.59252292212849,43.93939393939394,0,curvature,DoK,0.1,sine
31,31,31.76619513018168,42.64705882352941,0,curvature,DoK,0.1,sine
32,32,31.75529585751356,41.42857142857143,0,curvature,DoK,0.1,sine
33,33,30.940125800766918,40.27777777777778,0,curvature,DoK,0.1,sine
34,34,30.69770409962073,39.18918918918919,0,curvature,DoK,0.1,sine
35,35,30.142789658731097,38.1578947368421,0,curvature,DoK,0.1,sine
36,36,30.53747809906593,37.17948717948718,0,curvature,DoK,0.1,sine
37,37,30.45526739841688,36.25,0,curvature,DoK,0.1,sine
38,38,30.385565592008252,35.36585365853659,0,curvature,DoK,0.1,sine
39,39,29.055585479310142,34.523809523809526,0,curvature,DoK,0.1,sine
40,40,27.91589494427544,33.72093023255814,0,curvature,DoK,0.1,sine
41,41,26.25380893951409,32.95454545454545,0,curvature,DoK,0.1,sine
42,42,24.084566369761237,32.22222222222222,0,curvature,DoK,0.1,sine
43,43,21.991155437673548,31.52173913043478,0,curvature,DoK,0.1,sine
44,44,19.96539548680303,30.851063829787236,0,curvature,DoK,0.1,sine
45,45,19.99900715447425,30.20833333333333,0,curvature,DoK,0.1,sine
46,46,14.930843488790767,29.59183673469388,0,curvature,DoK,0.1,sine
47,47,12.780443876089224,29.0,0,curvature,DoK,0.1,sine
48,48,10.274754051430255,28.431372549019606,0,curvature,DoK,0.1,sine
49,49,8.363863244061788,27.884615384615383,0,curvature,DoK,0.1,sine
50,50,6.978477533758571,27.358490566037737,0,curvature,DoK,0.1,sine
51,51,7.227861569361613,26.85185185185185,0,curvature,DoK,0.1,sine
52,52,5.732449282249021,26.363636363636363,0,curvature,DoK,0.1,sine
53,53,5.45941707881482,25.892857142857142,0,curvature,DoK,0.1,sine
54,54,5.1056603342908,25.43859649122807,0,curvature,DoK,0.1,sine
55,55,4.633414672734244,25.0,0,curvature,DoK,0.1,sine
56,56,4.589742581773443,24.57627118644068,0,curvature,DoK,0.1,sine
57,57,4.079192542198296,24.166666666666668,0,curvature,DoK,0.1,sine
58,58,3.715558836628425,23.770491803278688,0,curvature,DoK,0.1,sine
59,59,3.478628310437518,23.387096774193548,0,curvature,DoK,0.1,sine
60,60,3.16198286242258,23.015873015873016,0,curvature,DoK,0.1,sine
61,61,3.1320681320400148,22.65625,0,curvature,DoK,0.1,sine
62,62,2.9321473635063158,22.307692307692307,0,curvature,DoK,0.1,sine
63,63,2.7676498080693044,21.96969696969697,0,curvature,DoK,0.1,sine
64,64,2.619235775998897,21.64179104477612,0,curvature,DoK,0.1,sine
65,65,2.5315869775216786,21.323529411764707,0,curvature,DoK,0.1,sine
66,66,2.7579863093825043,21.014492753623188,0,curvature,DoK,0.1,sine
67,67,3.0722490559301896,20.714285714285715,0,curvature,DoK,0.1,sine
68,68,1.871143669420423,20.422535211267604,0,curvature,DoK,0.1,sine
69,69,-0.1546348872908503,20.13888888888889,0,curvature,DoK,0.1,sine
70,70,2.3795360083932664,19.863013698630137,0,curvature,DoK,0.1,sine
71,71,1.0508920546777605,19.594594594594597,0,curvature,DoK,0.1,sine
72,72,0.8204496303514368,19.33333333333333,0,curvature,DoK,0.1,sine
73,73,0.837373156947173,19.07894736842105,0,curvature,DoK,0.1,sine
74,74,0.8332966028145812,18.83116883116883,0,curvature,DoK,0.1,sine
75,75,1.0021037902032577,18.58974358974359,0,curvature,DoK,0.1,sine
76,76,0.942233944667496,18.354430379746837,0,curvature,DoK,0.1,sine
77,77,1.0402766292546488,18.125,0,curvature,DoK,0.1,sine
78,78,1.3268942695292552,17.901234567901234,0,curvature,DoK,0.1,sine
79,79,1.4992980092053043,17.682926829268293,0,curvature,DoK,0.1,sine
80,80,1.9817690946857311,17.46987951807229,0,curvature,DoK,0.1,sine
81,81,2.521039629283345,17.261904761904763,0,curvature,DoK,0.1,sine
82,82,3.5129738270836413,17.058823529411764,0,curvature,DoK,0.1,sine
83,83,3.9131280576607863,16.86046511627907,0,curvature,DoK,0.1,sine
84,84,4.832398514589293,16.666666666666668,0,curvature,DoK,0.1,sine
85,85,5.95182743327293,16.477272727272727,0,curvature,DoK,0.1,sine
86,86,8.431258503142065,16.292134831460675,0,curvature,DoK,0.1,sine
87,87,11.72881810266924,16.11111111111111,0,curvature,DoK,0.1,sine
88,88,15.205399928853655,15.934065934065934,0,curvature,DoK,0.1,sine
89,89,17.702763423427694,15.76086956521739,0,curvature,DoK,0.1,sine
90,90,20.3580421885198,15.591397849462366,0,curvature,DoK,0.1,sine
91,91,23.856242415117173,15.425531914893616,0,curvature,DoK,0.1,sine
92,92,26.464683211693615,15.263157894736842,0,curvature,DoK,0.1,sine
93,93,28.57859287642851,15.104166666666666,0,curvature,DoK,0.1,sine
94,94,33.82012764127599,14.948453608247425,0,curvature,DoK,0.1,sine
95,95,34.70519450518088,14.79591836734694,0,curvature,DoK,0.1,sine
96,96,37.34340233926444,14.646464646464649,0,curvature,DoK,0.1,sine
0,0,-1.1213757661256103,483.3333333333333,0,curvature,logKoD,0.0,sine
1,1,-1.1213123641129257,362.5,0,curvature,logKoD,0.0,sine
2,2,-1.1228171566293113,290.0,0,curvature,logKoD,0.0,sine
3,3,-1.1249638644679034,241.66666666666663,0,curvature,logKoD,0.0,sine
4,4,-1.1298918380865552,207.14285714285717,0,curvature,logKoD,0.0,sine
5,5,-1.1343742140670976,181.25,0,curvature,logKoD,0.0,sine
6,6,-1.1380575203054664,161.11111111111111,0,curvature,logKoD,0.0,sine
7,7,-1.1446896992765152,145.0,0,curvature,logKoD,0.0,sine
8,8,-1.1503859426783225,131.8181818181818,0,curvature,logKoD,0.0,sine
9,9,-1.1574059493001905,120.83333333333331,0,curvature,logKoD,0.0,sine
10,10,-1.168219044129256,111.53846153846152,0,curvature,logKoD,0.0,sine
11,11,-1.179547699180085,103.57142857142856,0,curvature,logKoD,0.0,sine
12,12,-1.1933523632113998,96.66666666666669,0,curvature,logKoD,0.0,sine
13,13,-1.2075752155200388,90.625,0,curvature,logKoD,0.0,sine
14,14,-1.2315430589858063,85.29411764705883,0,curvature,logKoD,0.0,sine
15,15,-1.2417936189073615,80.55555555555556,0,curvature,logKoD,0.0,sine
16,16,-1.2657204528892525,76.3157894736842,0,curvature,logKoD,0.0,sine
17,17,-1.2795238174683583,72.5,0,curvature,logKoD,0.0,sine
18,18,-1.2943771701277842,69.04761904761905,0,curvature,logKoD,0.0,sine
19,19,-1.3101890273856585,65.9090909090909,0,curvature,logKoD,0.0,sine
20,20,-1.3229923969828032,63.04347826086956,0,curvature,logKoD,0.0,sine
21,21,-1.3362236854009766,60.41666666666666,0,curvature,logKoD,0.0,sine
22,22,-1.348883685515068,58.0,0,curvature,logKoD,0.0,sine
23,23,-1.359948040172181,55.76923076923077,0,curvature,logKoD,0.0,sine
24,24,-1.3719618339580033,53.7037037037037,0,curvature,logKoD,0.0,sine
25,25,-1.3823130656140543,51.785714285714285,0,curvature,logKoD,0.0,sine
26,26,-1.3936122630041847,50.0,0,curvature,logKoD,0.0,sine
27,27,-1.396511432968872,48.333333333333336,0,curvature,logKoD,0.0,sine
28,28,-1.3968449726783048,46.774193548387096,0,curvature,logKoD,0.0,sine
29,29,-1.398625917973857,45.3125,0,curvature,logKoD,0.0,sine
30,30,-1.3957071846026896,43.93939393939394,0,curvature,logKoD,0.0,sine
31,31,-1.3924265896030852,42.64705882352941,0,curvature,logKoD,0.0,sine
32,32,-1.3940607479585945,41.42857142857143,0,curvature,logKoD,0.0,sine
33,33,-1.3907519538228714,40.27777777777778,0,curvature,logKoD,0.0,sine
34,34,-1.38517879770616,39.18918918918919,0,curvature,logKoD,0.0,sine
35,35,-1.3729098815473395,38.1578947368421,0,curvature,logKoD,0.0,sine
36,36,-1.3628452865383234,37.17948717948718,0,curvature,logKoD,0.0,sine
37,37,-1.339459485111057,36.25,0,curvature,logKoD,0.0,sine
38,38,-1.3083418202593715,35.36585365853659,0,curvature,logKoD,0.0,sine
39,39,-1.2445548320678803,34.523809523809526,0,curvature,logKoD,0.0,sine
40,40,-1.1816528015262089,33.72093023255814,0,curvature,logKoD,0.0,sine
41,41,-1.1241981008625068,32.95454545454545,0,curvature,logKoD,0.0,sine
42,42,-1.0518779674939944,32.22222222222222,0,curvature,logKoD,0.0,sine
43,43,-0.9774589585343562,31.52173913043478,0,curvature,logKoD,0.0,sine
44,44,-0.9116348385559706,30.851063829787236,0,curvature,logKoD,0.0,sine
45,45,-1.0170736697551266,30.20833333333333,0,curvature,logKoD,0.0,sine
46,46,-0.764205518918047,29.59183673469388,0,curvature,logKoD,0.0,sine
47,47,-0.7147998138855799,29.0,0,curvature,logKoD,0.0,sine
48,48,-0.6530567616992411,28.431372549019606,0,curvature,logKoD,0.0,sine
49,49,-0.6048571938821833,27.884615384615383,0,curvature,logKoD,0.0,sine
50,50,-0.565321145563619,27.358490566037737,0,curvature,logKoD,0.0,sine
51,51,-0.5563168217016129,26.85185185185185,0,curvature,logKoD,0.0,sine
52,52,-0.5066169288746307,26.363636363636363,0,curvature,logKoD,0.0,sine
53,53,-0.4870342454815509,25.892857142857142,0,curvature,logKoD,0.0,sine
54,54,-0.4663678803378907,25.43859649122807,0,curvature,logKoD,0.0,sine
55,55,-0.444254068680482,25.0,0,curvature,logKoD,0.0,sine
56,56,-0.4290081995987835,24.57627118644068,0,curvature,logKoD,0.0,sine
57,57,-0.410911434690354,24.166666666666668,0,curvature,logKoD,0.0,sine
58,58,-0.394110643142153,23.770491803278688,0,curvature,logKoD,0.0,sine
59,59,-0.3762746281556568,23.387096774193548,0,curvature,logKoD,0.0,sine
60,60,-0.3587174121753149,23.015873015873016,0,curvature,logKoD,0.0,sine
61,61,-0.3450353059279005,22.65625,0,curvature,logKoD,0.0,sine
62,62,-0.3349698923663118,22.307692307692307,0,curvature,logKoD,0.0,sine
63,63,-0.3189432878410725,21.96969696969697,0,curvature,logKoD,0.0,sine
64,64,-0.3097465222692988,21.64179104477612,0,curvature,logKoD,0.0,sine
65,65,-0.3018559210372795,21.323529411764707,0,curvature,logKoD,0.0,sine
66,66,-0.2967723821417402,21.014492753623188,0,curvature,logKoD,0.0,sine
67,67,-0.2897234985199044,20.714285714285715,0,curvature,logKoD,0.0,sine
68,68,-0.2804490523090113,20.422535211267604,0,curvature,logKoD,0.0,sine
69,69,-0.2145601541264286,20.13888888888889,0,curvature,logKoD,0.0,sine
70,70,-0.2821532787647167,19.863013698630137,0,curvature,logKoD,0.0,sine
71,71,-0.2583054044103392,19.594594594594597,0,curvature,logKoD,0.0,sine
72,72,-0.2490938230370053,19.33333333333333,0,curvature,logKoD,0.0,sine
73,73,-0.2442587148471846,19.07894736842105,0,curvature,logKoD,0.0,sine
74,74,-0.2486464022009397,18.83116883116883,0,curvature,logKoD,0.0,sine
75,75,-0.2528143900442666,18.58974358974359,0,curvature,logKoD,0.0,sine
76,76,-0.2596733694693089,18.354430379746837,0,curvature,logKoD,0.0,sine
77,77,-0.2655152154679059,18.125,0,curvature,logKoD,0.0,sine
78,78,-0.2735964575940335,17.901234567901234,0,curvature,logKoD,0.0,sine
79,79,-0.281626867605416,17.682926829268293,0,curvature,logKoD,0.0,sine
80,80,-0.2915371654545378,17.46987951807229,0,curvature,logKoD,0.0,sine
81,81,-0.2993589264152193,17.261904761904763,0,curvature,logKoD,0.0,sine
82,82,-0.3136558474997519,17.058823529411764,0,curvature,logKoD,0.0,sine
83,83,-0.3290355499270354,16.86046511627907,0,curvature,logKoD,0.0,sine
84,84,-0.3403432807277328,16.666666666666668,0,curvature,logKoD,0.0,sine
85,85,-0.347622996174981,16.477272727272727,0,curvature,logKoD,0.0,sine
86,86,-0.3626669283370722,16.292134831460675,0,curvature,logKoD,0.0,sine
87,87,-0.3829212750434225,16.11111111111111,0,curvature,logKoD,0.0,sine
88,88,-0.4043619499929304,15.934065934065934,0,curvature,logKoD,0.0,sine
89,89,-0.4293768347497571,15.76086956521739,0,curvature,logKoD,0.0,sine
90,90,-0.4656826699795472,15.591397849462366,0,curvature,logKoD,0.0,sine
91,91,-0.5069668191716967,15.425531914893616,0,curvature,logKoD,0.0,sine
92,92,-0.5530776045345426,15.263157894736842,0,curvature,logKoD,0.0,sine
93,93,-0.6026249191620323,15.104166666666666,0,curvature,logKoD,0.0,sine
94,94,-0.649105935853368,14.948453608247425,0,curvature,logKoD,0.0,sine
95,95,-0.6805116288914614,14.79591836734694,0,curvature,logKoD,0.0,sine
96,96,-0.7175540795811408,14.646464646464649,0,curvature,logKoD,0.0,sine
0,0,0.2032178804071766,483.3333333333333,30,elevation,logDoK,0.1,sine
1,1,-0.1830640361981441,362.5,30,elevation,logDoK,0.1,sine
2,2,-0.3970353975799705,290.0,30,elevation,logDoK,0.1,sine
3,3,-0.2061202065045109,241.66666666666663,30,elevation,logDoK,0.1,sine
4,4,-0.2573595511543773,207.14285714285717,30,elevation,logDoK,0.1,sine
5,5,-0.2180165584600102,181.25,30,elevation,logDoK,0.1,sine
6,6,-0.546115758220209,161.11111111111111,30,elevation,logDoK,0.1,sine
7,7,-0.4607633169714571,145.0,30,elevation,logDoK,0.1,sine
8,8,-0.5643829048465803,131.8181818181818,30,elevation,logDoK,0.1,sine
9,9,-0.8229101291247505,120.83333333333331,30,elevation,logDoK,0.1,sine
10,10,-1.132273724621402,111.53846153846152,30,elevation,logDoK,0.1,sine
11,11,-0.8973474992417778,103.57142857142856,30,elevation,logDoK,0.1,sine
12,12,-1.189669157602404,96.66666666666669,30,elevation,logDoK,0.1,sine
13,13,-1.4477296432038,90.625,30,elevation,logDoK,0.1,sine
14,14,-1.863849192611925,85.29411764705883,30,elevation,logDoK,0.1,sine
15,15,-1.6468119425702306,80.55555555555556,30,elevation,logDoK,0.1,sine
16,16,-1.9870960340676944,76.3157894736842,30,elevation,logDoK,0.1,sine
17,17,-1.9847683979728603,72.5,30,elevation,logDoK,0.1,sine
18,18,-2.117246875339988,69.04761904761905,30,elevation,logDoK,0.1,sine
19,19,-2.079926771617755,65.9090909090909,30,elevation,logDoK,0.1,sine
20,20,-2.417691030876389,63.04347826086956,30,elevation,logDoK,0.1,sine
21,21,-2.4722914342437257,60.41666666666666,30,elevation,logDoK,0.1,sine
22,22,-2.343180154738362,58.0,30,elevation,logDoK,0.1,sine
23,23,-2.4937879344786698,55.76923076923077,30,elevation,logDoK,0.1,sine
24,24,-2.557045022430521,53.7037037037037,30,elevation,logDoK,0.1,sine
25,25,-2.5597200522370747,51.785714285714285,30,elevation,logDoK,0.1,sine
26,26,-2.605472557138988,50.0,30,elevation,logDoK,0.1,sine
27,27,-2.671855861075291,48.333333333333336,30,elevation,logDoK,0.1,sine
28,28,-2.5957710720510816,46.774193548387096,30,elevation,logDoK,0.1,sine
29,29,-2.648661355384191,45.3125,30,elevation,logDoK,0.1,sine
30,30,-2.7116571613549363,43.93939393939394,30,elevation,logDoK,0.1,sine
31,31,-2.830969056884737,42.64705882352941,30,elevation,logDoK,0.1,sine
32,32,-2.506928650054709,41.42857142857143,30,elevation,logDoK,0.1,sine
33,33,-2.965432360529383,40.27777777777778,30,elevation,logDoK,0.1,sine
34,34,-2.670022303313149,39.18918918918919,30,elevation,logDoK,0.1,sine
35,35,-2.711112332762757,38.1578947368421,30,elevation,logDoK,0.1,sine
36,36,-2.6573445610720503,37.17948717948718,30,elevation,logDoK,0.1,sine
37,37,-2.601814281982485,36.25,30,elevation,logDoK,0.1,sine
38,38,-2.6429095501685564,35.36585365853659,30,elevation,logDoK,0.1,sine
39,39,-2.571658150373766,34.523809523809526,30,elevation,logDoK,0.1,sine
40,40,-2.574077136935678,33.72093023255814,30,elevation,logDoK,0.1,sine
41,41,-2.5039239072719983,32.95454545454545,30,elevation,logDoK,0.1,sine
42,42,-2.502920689239284,32.22222222222222,30,elevation,logDoK,0.1,sine
43,43,-2.5908492791438453,31.52173913043478,30,elevation,logDoK,0.1,sine
44,44,-2.40581808952446,30.851063829787236,30,elevation,logDoK,0.1,sine
45,45,-2.872991908845836,30.20833333333333,30,elevation,logDoK,0.1,sine
46,46,-2.4308386222940364,29.59183673469388,30,elevation,logDoK,0.1,sine
47,47,-2.369285105955833,29.0,30,elevation,logDoK,0.1,sine
48,48,-2.3391165323480134,28.431372549019606,30,elevation,logDoK,0.1,sine
49,49,-2.302109115708433,27.884615384615383,30,elevation,logDoK,0.1,sine
50,50,-2.2874066018242827,27.358490566037737,30,elevation,logDoK,0.1,sine
51,51,-2.3914099271453404,26.85185185185185,30,elevation,logDoK,0.1,sine
52,52,-2.259528338313997,26.363636363636363,30,elevation,logDoK,0.1,sine
53,53,-2.268963630105364,25.892857142857142,30,elevation,logDoK,0.1,sine
54,54,-2.291232843968639,25.43859649122807,30,elevation,logDoK,0.1,sine
55,55,-2.364920911060905,25.0,30,elevation,logDoK,0.1,sine
56,56,-2.373977704142802,24.57627118644068,30,elevation,logDoK,0.1,sine
57,57,-2.476251919009953,24.166666666666668,30,elevation,logDoK,0.1,sine
58,58,-2.470187099290638,23.770491803278688,30,elevation,logDoK,0.1,sine
59,59,-2.558631704736832,23.387096774193548,30,elevation,logDoK,0.1,sine
60,60,-2.540770887607392,23.015873015873016,30,elevation,logDoK,0.1,sine
61,61,-2.6319943153263177,22.65625,30,elevation,logDoK,0.1,sine
62,62,-2.6889858744681057,22.307692307692307,30,elevation,logDoK,0.1,sine
63,63,-2.6892491209753846,21.96969696969697,30,elevation,logDoK,0.1,sine
64,64,-2.7510999356078774,21.64179104477612,30,elevation,logDoK,0.1,sine
65,65,-2.7957424832216367,21.323529411764707,30,elevation,logDoK,0.1,sine
66,66,-2.701039552228017,21.014492753623188,30,elevation,logDoK,0.1,sine
67,67,-2.735737668350386,20.714285714285715,30,elevation,logDoK,0.1,sine
68,68,-3.376661385738537,20.422535211267604,30,elevation,logDoK,0.1,sine
69,69,-2.0194160912567707,20.13888888888889,30,elevation,logDoK,0.1,sine
70,70,-2.892489503699016,19.863013698630137,30,elevation,logDoK,0.1,sine
71,71,-2.599426400418324,19.594594594594597,30,elevation,logDoK,0.1,sine
72,72,-2.9769746066420693,19.33333333333333,30,elevation,logDoK,0.1,sine
73,73,-2.8263389961142997,19.07894736842105,30,elevation,logDoK,0.1,sine
74,74,-2.753654801896805,18.83116883116883,30,elevation,logDoK,0.1,sine
75,75,-2.764714756833841,18.58974358974359,30,elevation,logDoK,0.1,sine
76,76,-2.706147647700728,18.354430379746837,30,elevation,logDoK,0.1,sine
77,77,-2.825545982382172,18.125,30,elevation,logDoK,0.1,sine
78,78,-2.6951885384406093,17.901234567901234,30,elevation,logDoK,0.1,sine
79,79,-2.7185087738068274,17.682926829268293,30,elevation,logDoK,0.1,sine
80,80,-2.6752276428314588,17.46987951807229,30,elevation,logDoK,0.1,sine
81,81,-2.6704175004950965,17.261904761904763,30,elevation,logDoK,0.1,sine
82,82,-2.6499206166615483,17.058823529411764,30,elevation,logDoK,0.1,sine
83,83,-2.614616116793557,16.86046511627907,30,elevation,logDoK,0.1,sine
84,84,-2.583556303144924,16.666666666666668,30,elevation,logDoK,0.1,sine
85,85,-2.5693439385411194,16.477272727272727,30,elevation,logDoK,0.1,sine
86,86,-2.5563276429560826,16.292134831460675,30,elevation,logDoK,0.1,sine
87,87,-2.5111602394329102,16.11111111111111,30,elevation,logDoK,0.1,sine
88,88,-2.4907196720163425,15.934065934065934,30,elevation,logDoK,0.1,sine
89,89,-2.416233025034457,15.76086956521739,30,elevation,logDoK,0.1,sine
90,90,-2.372443736622152,15.591397849462366,30,elevation,logDoK,0.1,sine
91,91,-2.359528286714034,15.425531914893616,30,elevation,logDoK,0.1,sine
92,92,-2.503355176944705,15.263157894736842,30,elevation,logDoK,0.1,sine
93,93,-2.0040626643670603,15.104166666666666,30,elevation,logDoK,0.1,sine
94,94,-2.174244655481325,14.948453608247425,30,elevation,logDoK,0.1,sine
95,95,-2.327335268884192,14.79591836734694,30,elevation,logDoK,0.1,sine
96,96,-2.252397435724408,14.646464646464649,30,elevation,logDoK,0.1,sine
0,0,0.0639994627259375,483.3333333333333,20,curvature,KoD,0.1,sine
1,1,0.0640004134086101,362.5,20,curvature,KoD,0.1,sine
2,2,0.0639981088519529,290.0,20,curvature,KoD,0.1,sine
3,3,0.0638294602923112,241.66666666666663,20,curvature,KoD,0.1,sine
4,4,0.063707726224913,207.14285714285717,20,curvature,KoD,0.1,sine
5,5,0.0635779028665599,181.25,20,curvature,KoD,0.1,sine
6,6,0.0634493739645243,161.11111111111111,20,curvature,KoD,0.1,sine
7,7,0.0630912297323497,145.0,20,curvature,KoD,0.1,sine
8,8,0.0627138341760556,131.8181818181818,20,curvature,KoD,0.1,sine
9,9,0.0627512460856925,120.83333333333331,20,curvature,KoD,0.1,sine
10,10,0.0620777256092515,111.53846153846152,20,curvature,KoD,0.1,sine
11,11,0.0614830990622762,103.57142857142856,20,curvature,KoD,0.1,sine
12,12,0.0609278324755927,96.66666666666669,20,curvature,KoD,0.1,sine
13,13,0.0604932474147772,90.625,20,curvature,KoD,0.1,sine
14,14,0.0592276044216145,85.29411764705883,20,curvature,KoD,0.1,sine
15,15,0.057829286022081,80.55555555555556,20,curvature,KoD,0.1,sine
16,16,0.0569481220199468,76.3157894736842,20,curvature,KoD,0.1,sine
17,17,0.0556563819385984,72.5,20,curvature,KoD,0.1,sine
18,18,0.0547799543733508,69.04761904761905,20,curvature,KoD,0.1,sine
19,19,0.0537755878386188,65.9090909090909,20,curvature,KoD,0.1,sine
20,20,0.0529293656688205,63.04347826086956,20,curvature,KoD,0.1,sine
21,21,0.0503335775608093,60.41666666666666,20,curvature,KoD,0.1,sine
22,22,0.0502993360081206,58.0,20,curvature,KoD,0.1,sine
23,23,0.0484946432072561,55.76923076923077,20,curvature,KoD,0.1,sine
24,24,0.0461645284650362,53.7037037037037,20,curvature,KoD,0.1,sine
25,25,0.0457900358861887,51.785714285714285,20,curvature,KoD,0.1,sine
26,26,0.0451194396077896,50.0,20,curvature,KoD,0.1,sine
27,27,0.0442616522135148,48.333333333333336,20,curvature,KoD,0.1,sine
28,28,0.0439146275733139,46.774193548387096,20,curvature,KoD,0.1,sine
29,29,0.0435580027357678,45.3125,20,curvature,KoD,0.1,sine
30,30,0.0438003037378189,43.93939393939394,20,curvature,KoD,0.1,sine
31,31,0.0449566267118746,42.64705882352941,20,curvature,KoD,0.1,sine
32,32,0.0463358211108609,41.42857142857143,20,curvature,KoD,0.1,sine
33,33,0.0551779339071535,40.27777777777778,20,curvature,KoD,0.1,sine
34,34,0.0538398819984702,39.18918918918919,20,curvature,KoD,0.1,sine
35,35,0.0591509726076152,38.1578947368421,20,curvature,KoD,0.1,sine
36,36,0.0650214296224691,37.17948717948718,20,curvature,KoD,0.1,sine
37,37,0.0706851216442782,36.25,20,curvature,KoD,0.1,sine
38,38,0.0801961245831022,35.36585365853659,20,curvature,KoD,0.1,sine
39,39,0.0890447192102505,34.523809523809526,20,curvature,KoD,0.1,sine
40,40,0.1036287961943736,33.72093023255814,20,curvature,KoD,0.1,sine
41,41,0.1168792627404242,32.95454545454545,20,curvature,KoD,0.1,sine
42,42,0.1308869236314885,32.22222222222222,20,curvature,KoD,0.1,sine
43,43,0.1388643523400112,31.52173913043478,20,curvature,KoD,0.1,sine
44,44,0.1467952315505307,30.851063829787236,20,curvature,KoD,0.1,sine
45,45,0.2065897381625709,30.20833333333333,20,curvature,KoD,0.1,sine
46,46,0.157699892846145,29.59183673469388,20,curvature,KoD,0.1,sine
47,47,0.1769151207328727,29.0,20,curvature,KoD,0.1,sine
48,48,0.1972007536471232,28.431372549019606,20,curvature,KoD,0.1,sine
49,49,0.2137710762357968,27.884615384615383,20,curvature,KoD,0.1,sine
50,50,0.2283257223762016,27.358490566037737,20,curvature,KoD,0.1,sine
51,51,0.2344365832718805,26.85185185185185,20,curvature,KoD,0.1,sine
52,52,0.2643273961272059,26.363636363636363,20,curvature,KoD,0.1,sine
53,53,0.2852336550618787,25.892857142857142,20,curvature,KoD,0.1,sine
54,54,0.3036205370083477,25.43859649122807,20,curvature,KoD,0.1,sine
55,55,0.3115009324224825,25.0,20,curvature,KoD,0.1,sine
56,56,0.3205030315313869,24.57627118644068,20,curvature,KoD,0.1,sine
57,57,0.327803527491733,24.166666666666668,20,curvature,KoD,0.1,sine
58,58,0.3331300836707835,23.770491803278688,20,curvature,KoD,0.1,sine
59,59,0.3387112360648424,23.387096774193548,20,curvature,KoD,0.1,sine
60,60,0.3444314427762402,23.015873015873016,20,curvature,KoD,0.1,sine
61,61,0.3501475581568508,22.65625,20,curvature,KoD,0.1,sine
62,62,0.3550959803028883,22.307692307692307,20,curvature,KoD,0.1,sine
63,63,0.3590836697023933,21.96969696969697,20,curvature,KoD,0.1,sine
64,64,0.3624105837150363,21.64179104477612,20,curvature,KoD,0.1,sine
65,65,0.365318993634035,21.323529411764707,20,curvature,KoD,0.1,sine
66,66,0.3667956075422448,21.014492753623188,20,curvature,KoD,0.1,sine
67,67,0.3620720727776978,20.714285714285715,20,curvature,KoD,0.1,sine
68,68,0.3495871307213734,20.422535211267604,20,curvature,KoD,0.1,sine
69,69,0.2790682911890521,20.13888888888889,20,curvature,KoD,0.1,sine
70,70,0.3614897456877988,19.863013698630137,20,curvature,KoD,0.1,sine
71,71,0.3561038567240945,19.594594594594597,20,curvature,KoD,0.1,sine
72,72,0.3571904191129317,19.33333333333333,20,curvature,KoD,0.1,sine
73,73,0.3586641130672186,19.07894736842105,20,curvature,KoD,0.1,sine
74,74,0.3557914216543463,18.83116883116883,20,curvature,KoD,0.1,sine
75,75,0.3566739267981079,18.58974358974359,20,curvature,KoD,0.1,sine
76,76,0.3556187029845127,18.354430379746837,20,curvature,KoD,0.1,sine
77,77,0.3523373538342477,18.125,20,curvature,KoD,0.1,sine
78,78,0.3466906382887344,17.901234567901234,20,curvature,KoD,0.1,sine
79,79,0.342821716317395,17.682926829268293,20,curvature,KoD,0.1,sine
80,80,0.3396647198559967,17.46987951807229,20,curvature,KoD,0.1,sine
81,81,0.3372093781363807,17.261904761904763,20,curvature,KoD,0.1,sine
82,82,0.3324070725218212,17.058823529411764,20,curvature,KoD,0.1,sine
83,83,0.3274356302739264,16.86046511627907,20,curvature,KoD,0.1,sine
84,84,0.3234185885469061,16.666666666666668,20,curvature,KoD,0.1,sine
85,85,0.3190993825182965,16.477272727272727,20,curvature,KoD,0.1,sine
86,86,0.3154261144362663,16.292134831460675,20,curvature,KoD,0.1,sine
87,87,0.3133829955140652,16.11111111111111,20,curvature,KoD,0.1,sine
88,88,0.3102645526303347,15.934065934065934,20,curvature,KoD,0.1,sine
89,89,0.307468102572507,15.76086956521739,20,curvature,KoD,0.1,sine
90,90,0.3047976858746993,15.591397849462366,20,curvature,KoD,0.1,sine
91,91,0.3019722909247871,15.425531914893616,20,curvature,KoD,0.1,sine
92,92,0.2995780645198361,15.263157894736842,20,curvature,KoD,0.1,sine
93,93,0.2997321769716495,15.104166666666666,20,curvature,KoD,0.1,sine
94,94,0.2931478845932711,14.948453608247425,20,curvature,KoD,0.1,sine
95,95,0.2911553555704315,14.79591836734694,20,curvature,KoD,0.1,sine
96,96,0.2881196560321669,14.646464646464649,20,curvature,KoD,0.1,sine
0,0,27.648181415133383,483.3333333333333,30,slope,DoK,0.0,sine
1,1,27.872873048121804,362.5,30,slope,DoK,0.0,sine
2,2,28.27878672391628,290.0,30,slope,DoK,0.0,sine
3,3,28.723148432127736,241.66666666666663,30,slope,DoK,0.0,sine
4,4,29.11626532795971,207.14285714285717,30,slope,DoK,0.0,sine
5,5,29.480429804800732,181.25,30,slope,DoK,0.0,sine
6,6,29.834034241046947,161.11111111111111,30,slope,DoK,0.0,sine
7,7,29.85360123934316,145.0,30,slope,DoK,0.0,sine
8,8,29.72840152728227,131.8181818181818,30,slope,DoK,0.0,sine
9,9,29.340993884166984,120.83333333333331,30,slope,DoK,0.0,sine
10,10,29.42493651455083,111.53846153846152,30,slope,DoK,0.0,sine
11,11,29.088745991400884,103.57142857142856,30,slope,DoK,0.0,sine
12,12,28.48460828436452,96.66666666666669,30,slope,DoK,0.0,sine
13,13,27.61355666664461,90.625,30,slope,DoK,0.0,sine
14,14,26.81815553204733,85.29411764705883,30,slope,DoK,0.0,sine
15,15,24.662181090222774,80.55555555555556,30,slope,DoK,0.0,sine
16,16,25.393417747390288,76.3157894736842,30,slope,DoK,0.0,sine
17,17,24.57582921980812,72.5,30,slope,DoK,0.0,sine
18,18,23.77650614705724,69.04761904761905,30,slope,DoK,0.0,sine
19,19,23.135967915474907,65.9090909090909,30,slope,DoK,0.0,sine
20,20,22.487613499999515,63.04347826086956,30,slope,DoK,0.0,sine
21,21,20.23718600277164,60.41666666666666,30,slope,DoK,0.0,sine
22,22,21.522269212108228,58.0,30,slope,DoK,0.0,sine
23,23,21.41447995159184,55.76923076923077,30,slope,DoK,0.0,sine
24,24,20.797499310569396,53.7037037037037,30,slope,DoK,0.0,sine
25,25,21.56795477234765,51.785714285714285,30,slope,DoK,0.0,sine
26,26,21.73796138742408,50.0,30,slope,DoK,0.0,sine
27,27,21.38969524093005,48.333333333333336,30,slope,DoK,0.0,sine
28,28,21.282860214851144,46.774193548387096,30,slope,DoK,0.0,sine
29,29,20.9464169984221,45.3125,30,slope,DoK,0.0,sine
30,30,20.370692862151405,43.93939393939394,30,slope,DoK,0.0,sine
31,31,19.576407501074144,42.64705882352941,30,slope,DoK,0.0,sine
32,32,19.22139479018349,41.42857142857143,30,slope,DoK,0.0,sine
33,33,11.709139757791146,40.27777777777778,30,slope,DoK,0.0,sine
34,34,18.41084302042119,39.18918918918919,30,slope,DoK,0.0,sine
35,35,17.821154984316745,38.1578947368421,30,slope,DoK,0.0,sine
36,36,17.821649409294334,37.17948717948718,30,slope,DoK,0.0,sine
37,37,17.806007810703495,36.25,30,slope,DoK,0.0,sine
38,38,17.999662593611085,35.36585365853659,30,slope,DoK,0.0,sine
39,39,18.053591839386968,34.523809523809526,30,slope,DoK,0.0,sine
40,40,18.152984529163795,33.72093023255814,30,slope,DoK,0.0,sine
41,41,17.99445122742375,32.95454545454545,30,slope,DoK,0.0,sine
42,42,18.52913347515234,32.22222222222222,30,slope,DoK,0.0,sine
43,43,18.44656911929761,31.52173913043478,30,slope,DoK,0.0,sine
44,44,19.030230016847973,30.851063829787236,30,slope,DoK,0.0,sine
45,45,19.83480484055682,30.20833333333333,30,slope,DoK,0.0,sine
46,46,20.731190978744397,29.59183673469388,30,slope,DoK,0.0,sine
47,47,20.76430937528862,29.0,30,slope,DoK,0.0,sine
48,48,20.76182109649243,28.431372549019606,30,slope,DoK,0.0,sine
49,49,20.717357464027256,27.884615384615383,30,slope,DoK,0.0,sine
50,50,21.049966434947493,27.358490566037737,30,slope,DoK,0.0,sine
51,51,21.835817725141037,26.85185185185185,30,slope,DoK,0.0,sine
52,52,22.00354779300444,26.363636363636363,30,slope,DoK,0.0,sine
53,53,22.55421144832247,25.892857142857142,30,slope,DoK,0.0,sine
54,54,23.356537994157737,25.43859649122807,30,slope,DoK,0.0,sine
55,55,24.46029416028462,25.0,30,slope,DoK,0.0,sine
56,56,25.37929923157755,24.57627118644068,30,slope,DoK,0.0,sine
57,57,25.947884494251205,24.166666666666668,30,slope,DoK,0.0,sine
58,58,26.77623729398253,23.770491803278688,30,slope,DoK,0.0,sine
59,59,27.246534101893477,23.387096774193548,30,slope,DoK,0.0,sine
60,60,27.78646925443062,23.015873015873016,30,slope,DoK,0.0,sine
61,61,28.79117023207809,22.65625,30,slope,DoK,0.0,sine
62,62,29.72220534961682,22.307692307692307,30,slope,DoK,0.0,sine
63,63,30.84028887851314,21.96969696969697,30,slope,DoK,0.0,sine
64,64,31.4787859484027,21.64179104477612,30,slope,DoK,0.0,sine
65,65,31.84955045061549,21.323529411764707,30,slope,DoK,0.0,sine
66,66,32.317951482007935,21.014492753623188,30,slope,DoK,0.0,sine
67,67,32.408074136148976,20.714285714285715,30,slope,DoK,0.0,sine
68,68,32.64261965317145,20.422535211267604,30,slope,DoK,0.0,sine
69,69,34.84883967276501,20.13888888888889,30,slope,DoK,0.0,sine
70,70,32.68700597764713,19.863013698630137,30,slope,DoK,0.0,sine
71,71,32.58079633858772,19.594594594594597,30,slope,DoK,0.0,sine
72,72,32.323921504957845,19.33333333333333,30,slope,DoK,0.0,sine
73,73,31.98527328005233,19.07894736842105,30,slope,DoK,0.0,sine
74,74,31.704876048305547,18.83116883116883,30,slope,DoK,0.0,sine
75,75,31.04943122095787,18.58974358974359,30,slope,DoK,0.0,sine
76,76,30.22709344434945,18.354430379746837,30,slope,DoK,0.0,sine
77,77,29.154831630062112,18.125,30,slope,DoK,0.0,sine
78,78,27.955627212398497,17.901234567901234,30,slope,DoK,0.0,sine
79,79,27.27659767900208,17.682926829268293,30,slope,DoK,0.0,sine
80,80,26.90044238683529,17.46987951807229,30,slope,DoK,0.0,sine
81,81,26.22071361998166,17.261904761904763,30,slope,DoK,0.0,sine
82,82,25.5915950476833,17.058823529411764,30,slope,DoK,0.0,sine
83,83,24.74984950416001,16.86046511627907,30,slope,DoK,0.0,sine
84,84,23.74789988324313,16.666666666666668,30,slope,DoK,0.0,sine
85,85,22.798478156561217,16.477272727272727,30,slope,DoK,0.0,sine
86,86,22.09068543567053,16.292134831460675,30,slope,DoK,0.0,sine
87,87,21.650472397253505,16.11111111111111,30,slope,DoK,0.0,sine
88,88,21.068512275472024,15.934065934065934,30,slope,DoK,0.0,sine
89,89,20.826223267143625,15.76086956521739,30,slope,DoK,0.0,sine
90,90,20.792816984877327,15.591397849462366,30,slope,DoK,0.0,sine
91,91,20.763797065626896,15.425531914893616,30,slope,DoK,0.0,sine
92,92,20.79762854183541,15.263157894736842,30,slope,DoK,0.0,sine
93,93,20.43335675688957,15.104166666666666,30,slope,DoK,0.0,sine
94,94,19.19963662961788,14.948453608247425,30,slope,DoK,0.0,sine
95,95,18.696822004394527,14.79591836734694,30,slope,DoK,0.0,sine
96,96,18.317363237990094,14.646464646464649,30,slope,DoK,0.0,sine
0,0,1.4634767687117696,483.3333333333333,30,curvature,logDoK,0.0,sine
1,1,1.4655840504541175,362.5,30,curvature,logDoK,0.0,sine
2,2,1.4690812344643749,290.0,30,curvature,logDoK,0.0,sine
3,3,1.4745703252319025,241.66666666666663,30,curvature,logDoK,0.0,sine
4,4,1.4812972721270192,207.14285714285717,30,curvature,logDoK,0.0,sine
5,5,1.4876861158821124,181.25,30,curvature,logDoK,0.0,sine
6,6,1.4951519701843208,161.11111111111111,30,curvature,logDoK,0.0,sine
7,7,1.5037493915625944,145.0,30,curvature,logDoK,0.0,sine
8,8,1.5128582036604654,131.8181818181818,30,curvature,logDoK,0.0,sine
9,9,1.524608239343651,120.83333333333331,30,curvature,logDoK,0.0,sine
10,10,1.5331541737651215,111.53846153846152,30,curvature,logDoK,0.0,sine
11,11,1.541954432470832,103.57142857142856,30,curvature,logDoK,0.0,sine
12,12,1.5545119293390468,96.66666666666669,30,curvature,logDoK,0.0,sine
13,13,1.5651551182338534,90.625,30,curvature,logDoK,0.0,sine
14,14,1.57879388212256,85.29411764705883,30,curvature,logDoK,0.0,sine
15,15,1.5918307233771634,80.55555555555556,30,curvature,logDoK,0.0,sine
16,16,1.5970451079013983,76.3157894736842,30,curvature,logDoK,0.0,sine
17,17,1.6033303229008276,72.5,30,curvature,logDoK,0.0,sine
18,18,1.6001159488043293,69.04761904761905,30,curvature,logDoK,0.0,sine
19,19,1.594437854247838,65.9090909090909,30,curvature,logDoK,0.0,sine
20,20,1.581600698893268,63.04347826086956,30,curvature,logDoK,0.0,sine
21,21,1.5695885626764048,60.41666666666666,30,curvature,logDoK,0.0,sine
22,22,1.5544796374400662,58.0,30,curvature,logDoK,0.0,sine
23,23,1.5336110079557697,55.76923076923077,30,curvature,logDoK,0.0,sine
24,24,1.511998518821318,53.7037037037037,30,curvature,logDoK,0.0,sine
25,25,1.4899757302099588,51.785714285714285,30,curvature,logDoK,0.0,sine
26,26,1.456022087652174,50.0,30,curvature,logDoK,0.0,sine
27,27,1.4277549707423762,48.333333333333336,30,curvature,logDoK,0.0,sine
28,28,1.4045525250913242,46.774193548387096,30,curvature,logDoK,0.0,sine
29,29,1.3597675084023415,45.3125,30,curvature,logDoK,0.0,sine
30,30,1.3384381975303068,43.93939393939394,30,curvature,logDoK,0.0,sine
31,31,1.3035546792502928,42.64705882352941,30,curvature,logDoK,0.0,sine
32,32,1.2607226164480418,41.42857142857143,30,curvature,logDoK,0.0,sine
33,33,1.141679707525434,40.27777777777778,30,curvature,logDoK,0.0,sine
34,34,1.1845515724465172,39.18918918918919,30,curvature,logDoK,0.0,sine
35,35,1.152963679837718,38.1578947368421,30,curvature,logDoK,0.0,sine
36,36,1.119716151424594,37.17948717948718,30,curvature,logDoK,0.0,sine
37,37,1.0879014072022652,36.25,30,curvature,logDoK,0.0,sine
38,38,1.04412265765433,35.36585365853659,30,curvature,logDoK,0.0,sine
39,39,1.0053285658511897,34.523809523809526,30,curvature,logDoK,0.0,sine
40,40,0.9430352723937864,33.72093023255814,30,curvature,logDoK,0.0,sine
41,41,0.8982625339933896,32.95454545454545,30,curvature,logDoK,0.0,sine
42,42,0.8576953140717635,32.22222222222222,30,curvature,logDoK,0.0,sine
43,43,0.7789689331135818,31.52173913043478,30,curvature,logDoK,0.0,sine
44,44,0.7523755515761681,30.851063829787236,30,curvature,logDoK,0.0,sine
45,45,0.9188702498452384,30.20833333333333,30,curvature,logDoK,0.0,sine
46,46,0.6444568437356217,29.59183673469388,30,curvature,logDoK,0.0,sine
47,47,0.6201067464504575,29.0,30,curvature,logDoK,0.0,sine
48,48,0.5957105237278394,28.431372549019606,30,curvature,logDoK,0.0,sine
49,49,0.5839487418152401,27.884615384615383,30,curvature,logDoK,0.0,sine
50,50,0.5736324418902154,27.358490566037737,30,curvature,logDoK,0.0,sine
51,51,0.5543919953276497,26.85185185185185,30,curvature,logDoK,0.0,sine
52,52,0.5581329442939634,26.363636363636363,30,curvature,logDoK,0.0,sine
53,53,0.5522128446694465,25.892857142857142,30,curvature,logDoK,0.0,sine
54,54,0.5477267672964908,25.43859649122807,30,curvature,logDoK,0.0,sine
55,55,0.5419446347080494,25.0,30,curvature,logDoK,0.0,sine
56,56,0.5378922264879433,24.57627118644068,30,curvature,logDoK,0.0,sine
57,57,0.5367971668566067,24.166666666666668,30,curvature,logDoK,0.0,sine
58,58,0.5342187262535941,23.770491803278688,30,curvature,logDoK,0.0,sine
59,59,0.5289968519733217,23.387096774193548,30,curvature,logDoK,0.0,sine
60,60,0.521511557047519,23.015873015873016,30,curvature,logDoK,0.0,sine
61,61,0.5206865788374407,22.65625,30,curvature,logDoK,0.0,sine
62,62,0.5154133813108797,22.307692307692307,30,curvature,logDoK,0.0,sine
63,63,0.5139863576838124,21.96969696969697,30,curvature,logDoK,0.0,sine
64,64,0.5138157304000988,21.64179104477612,30,curvature,logDoK,0.0,sine
65,65,0.5120039052087533,21.323529411764707,30,curvature,logDoK,0.0,sine
66,66,0.510944493541944,21.014492753623188,30,curvature,logDoK,0.0,sine
67,67,0.5091083982668274,20.714285714285715,30,curvature,logDoK,0.0,sine
68,68,0.5106825976464096,20.422535211267604,30,curvature,logDoK,0.0,sine
69,69,0.5113531968413358,20.13888888888889,30,curvature,logDoK,0.0,sine
70,70,0.5094479748014813,19.863013698630137,30,curvature,logDoK,0.0,sine
71,71,0.5035108492834588,19.594594594594597,30,curvature,logDoK,0.0,sine
72,72,0.5017142491699598,19.33333333333333,30,curvature,logDoK,0.0,sine
73,73,0.4993071316203473,19.07894736842105,30,curvature,logDoK,0.0,sine
74,74,0.4996001325136325,18.83116883116883,30,curvature,logDoK,0.0,sine
75,75,0.5020207561806893,18.58974358974359,30,curvature,logDoK,0.0,sine
76,76,0.5026713417652209,18.354430379746837,30,curvature,logDoK,0.0,sine
77,77,0.5070402433374396,18.125,30,curvature,logDoK,0.0,sine
78,78,0.5116613000295815,17.901234567901234,30,curvature,logDoK,0.0,sine
79,79,0.5174868977596166,17.682926829268293,30,curvature,logDoK,0.0,sine
80,80,0.5209377926219056,17.46987951807229,30,curvature,logDoK,0.0,sine
81,81,0.5241613345072148,17.261904761904763,30,curvature,logDoK,0.0,sine
82,82,0.5302124843985705,17.058823529411764,30,curvature,logDoK,0.0,sine
83,83,0.5340064346439461,16.86046511627907,30,curvature,logDoK,0.0,sine
84,84,0.5378690614501448,16.666666666666668,30,curvature,logDoK,0.0,sine
85,85,0.5429187122691875,16.477272727272727,30,curvature,logDoK,0.0,sine
86,86,0.5479188815852296,16.292134831460675,30,curvature,logDoK,0.0,sine
87,87,0.5549698525161249,16.11111111111111,30,curvature,logDoK,0.0,sine
88,88,0.5651726601269884,15.934065934065934,30,curvature,logDoK,0.0,sine
89,89,0.5727978456874118,15.76086956521739,30,curvature,logDoK,0.0,sine
90,90,0.5822101361514945,15.591397849462366,30,curvature,logDoK,0.0,sine
91,91,0.5922262728482257,15.425531914893616,30,curvature,logDoK,0.0,sine
92,92,0.6047972758338847,15.263157894736842,30,curvature,logDoK,0.0,sine
93,93,0.6146899338750715,15.104166666666666,30,curvature,logDoK,0.0,sine
94,94,0.6347560134897734,14.948453608247425,30,curvature,logDoK,0.0,sine
95,95,0.6445910454298642,14.79591836734694,30,curvature,logDoK,0.0,sine
96,96,0.6590310904316785,14.646464646464649,30,curvature,logDoK,0.0,sine
0,0,0.0650677711586376,483.3333333333333,30,slope,KoD,0.0,sine
1,1,0.0633991363270459,362.5,30,slope,KoD,0.0,sine
2,2,0.0604265128864583,290.0,30,slope,KoD,0.0,sine
3,3,0.0563388065768566,241.66666666666663,30,slope,KoD,0.0,sine
4,4,0.054402919567178,207.14285714285717,30,slope,KoD,0.0,sine
5,5,0.0530191627401872,181.25,30,slope,KoD,0.0,sine
6,6,0.0516718374313273,161.11111111111111,30,slope,KoD,0.0,sine
7,7,0.0512759672247043,145.0,30,slope,KoD,0.0,sine
8,8,0.051509809697441,131.8181818181818,30,slope,KoD,0.0,sine
9,9,0.0498604898517548,120.83333333333331,30,slope,KoD,0.0,sine
10,10,0.0528681272747025,111.53846153846152,30,slope,KoD,0.0,sine
11,11,0.0533830662419452,103.57142857142856,30,slope,KoD,0.0,sine
12,12,0.0563095730846752,96.66666666666669,30,slope,KoD,0.0,sine
13,13,0.0597820349168404,90.625,30,slope,KoD,0.0,sine
14,14,0.0626826186802667,85.29411764705883,30,slope,KoD,0.0,sine
15,15,0.0706898071517359,80.55555555555556,30,slope,KoD,0.0,sine
16,16,0.0657856087264489,76.3157894736842,30,slope,KoD,0.0,sine
17,17,0.0664810500779068,72.5,30,slope,KoD,0.0,sine
18,18,0.0666159875997441,69.04761904761905,30,slope,KoD,0.0,sine
19,19,0.0652060084830549,65.9090909090909,30,slope,KoD,0.0,sine
20,20,0.0635532869759309,63.04347826086956,30,slope,KoD,0.0,sine
21,21,0.0725772008568754,60.41666666666666,30,slope,KoD,0.0,sine
22,22,0.0606064380704795,58.0,30,slope,KoD,0.0,sine
23,23,0.0601201723717004,55.76923076923077,30,slope,KoD,0.0,sine
24,24,0.0606940961058329,53.7037037037037,30,slope,KoD,0.0,sine
25,25,0.0588985578698109,51.785714285714285,30,slope,KoD,0.0,sine
26,26,0.0589187598766029,50.0,30,slope,KoD,0.0,sine
27,27,0.0606037897401773,48.333333333333336,30,slope,KoD,0.0,sine
28,28,0.0616207400879636,46.774193548387096,30,slope,KoD,0.0,sine
29,29,0.0631728865833325,45.3125,30,slope,KoD,0.0,sine
30,30,0.066888784719401,43.93939393939394,30,slope,KoD,0.0,sine
31,31,0.0694610561636235,42.64705882352941,30,slope,KoD,0.0,sine
32,32,0.0698430077817435,41.42857142857143,30,slope,KoD,0.0,sine
33,33,0.0861080370920407,40.27777777777778,30,slope,KoD,0.0,sine
34,34,0.0684588626178574,39.18918918918919,30,slope,KoD,0.0,sine
35,35,0.0693644918443934,38.1578947368421,30,slope,KoD,0.0,sine
36,36,0.0690638384491946,37.17948717948718,30,slope,KoD,0.0,sine
37,37,0.0686712913878065,36.25,30,slope,KoD,0.0,sine
38,38,0.0685343845947189,35.36585365853659,30,slope,KoD,0.0,sine
39,39,0.0694810353541642,34.523809523809526,30,slope,KoD,0.0,sine
40,40,0.0690969977515194,33.72093023255814,30,slope,KoD,0.0,sine
41,41,0.0718684011406322,32.95454545454545,30,slope,KoD,0.0,sine
42,42,0.0712659441939655,32.22222222222222,30,slope,KoD,0.0,sine
43,43,0.0713628098456498,31.52173913043478,30,slope,KoD,0.0,sine
44,44,0.0707736582122799,30.851063829787236,30,slope,KoD,0.0,sine
45,45,0.0664650794578315,30.20833333333333,30,slope,KoD,0.0,sine
46,46,0.0685971041863938,29.59183673469388,30,slope,KoD,0.0,sine
47,47,0.0708205514839281,29.0,30,slope,KoD,0.0,sine
48,48,0.0737819301310292,28.431372549019606,30,slope,KoD,0.0,sine
49,49,0.0763515765876044,27.884615384615383,30,slope,KoD,0.0,sine
50,50,0.0771765314767232,27.358490566037737,30,slope,KoD,0.0,sine
51,51,0.0734263535908943,26.85185185185185,30,slope,KoD,0.0,sine
52,52,0.0745461283335447,26.363636363636363,30,slope,KoD,0.0,sine
53,53,0.0723803225392134,25.892857142857142,30,slope,KoD,0.0,sine
54,54,0.0695963947547133,25.43859649122807,30,slope,KoD,0.0,sine
55,55,0.0660691859085536,25.0,30,slope,KoD,0.0,sine
56,56,0.0633004266056239,24.57627118644068,30,slope,KoD,0.0,sine
57,57,0.0630103622875146,24.166666666666668,30,slope,KoD,0.0,sine
58,58,0.0623810400671097,23.770491803278688,30,slope,KoD,0.0,sine
59,59,0.0619790710613774,23.387096774193548,30,slope,KoD,0.0,sine
60,60,0.0614286555027955,23.015873015873016,30,slope,KoD,0.0,sine
61,61,0.0597853198650036,22.65625,30,slope,KoD,0.0,sine
62,62,0.0571690835912941,22.307692307692307,30,slope,KoD,0.0,sine
63,63,0.0559814857037823,21.96969696969697,30,slope,KoD,0.0,sine
64,64,0.0532054413704621,21.64179104477612,30,slope,KoD,0.0,sine
65,65,0.0542347166400391,21.323529411764707,30,slope,KoD,0.0,sine
66,66,0.0553999098229594,21.014492753623188,30,slope,KoD,0.0,sine
67,67,0.0564987971335874,20.714285714285715,30,slope,KoD,0.0,sine
68,68,0.0549096546522508,20.422535211267604,30,slope,KoD,0.0,sine
69,69,0.0502210659641588,20.13888888888889,30,slope,KoD,0.0,sine
70,70,0.0565621066578136,19.863013698630137,30,slope,KoD,0.0,sine
71,71,0.0554545613442747,19.594594594594597,30,slope,KoD,0.0,sine
72,72,0.0557839049844135,19.33333333333333,30,slope,KoD,0.0,sine
73,73,0.054222714271298,19.07894736842105,30,slope,KoD,0.0,sine
74,74,0.0542073760249647,18.83116883116883,30,slope,KoD,0.0,sine
75,75,0.0553572564262662,18.58974358974359,30,slope,KoD,0.0,sine
76,76,0.0570374607264535,18.354430379746837,30,slope,KoD,0.0,sine
77,77,0.0590773201652058,18.125,30,slope,KoD,0.0,sine
78,78,0.0612935991456242,17.901234567901234,30,slope,KoD,0.0,sine
79,79,0.0625287608755977,17.682926829268293,30,slope,KoD,0.0,sine
80,80,0.0629868838207974,17.46987951807229,30,slope,KoD,0.0,sine
81,81,0.0619738677713928,17.261904761904763,30,slope,KoD,0.0,sine
82,82,0.063169240885048,17.058823529411764,30,slope,KoD,0.0,sine
83,83,0.0653869437674157,16.86046511627907,30,slope,KoD,0.0,sine
84,84,0.0684024561533051,16.666666666666668,30,slope,KoD,0.0,sine
85,85,0.071520126607364,16.477272727272727,30,slope,KoD,0.0,sine
86,86,0.0742325897928374,16.292134831460675,30,slope,KoD,0.0,sine
87,87,0.0758440308757885,16.11111111111111,30,slope,KoD,0.0,sine
88,88,0.0771160994652291,15.934065934065934,30,slope,KoD,0.0,sine
89,89,0.0764187482601879,15.76086956521739,30,slope,KoD,0.0,sine
90,90,0.0742537891676118,15.591397849462366,30,slope,KoD,0.0,sine
91,91,0.0715992284986644,15.425531914893616,30,slope,KoD,0.0,sine
92,92,0.0690934793768071,15.263157894736842,30,slope,KoD,0.0,sine
93,93,0.0695130338899222,15.104166666666666,30,slope,KoD,0.0,sine
94,94,0.0695677596833213,14.948453608247425,30,slope,KoD,0.0,sine
95,95,0.0709579399845305,14.79591836734694,30,slope,KoD,0.0,sine
96,96,0.0714881896113326,14.646464646464649,30,slope,KoD,0.0,sine
0,0,-1.4689034039180242,483.3333333333333,10,slope,logKoD,0.1,sine
1,1,-1.4693004837708885,362.5,10,slope,logKoD,0.1,sine
2,2,-1.4710733049321596,290.0,10,slope,logKoD,0.1,sine
3,3,-1.476464578667287,241.66666666666663,10,slope,logKoD,0.1,sine
4,4,-1.48468616163195,207.14285714285717,10,slope,logKoD,0.1,sine
5,5,-1.4929252616216622,181.25,10,slope,logKoD,0.1,sine
6,6,-1.4978238076358426,161.11111111111111,10,slope,logKoD,0.1,sine
7,7,-1.509795466428001,145.0,10,slope,logKoD,0.1,sine
8,8,-1.5200725576848089,131.8181818181818,10,slope,logKoD,0.1,sine
9,9,-1.531614844725123,120.83333333333331,10,slope,logKoD,0.1,sine
10,10,-1.5391440549964344,111.53846153846152,10,slope,logKoD,0.1,sine
11,11,-1.545434140383669,103.57142857142856,10,slope,logKoD,0.1,sine
12,12,-1.550516983509522,96.66666666666669,10,slope,logKoD,0.1,sine
13,13,-1.5561417493659224,90.625,10,slope,logKoD,0.1,sine
14,14,-1.5561129363153745,85.29411764705883,10,slope,logKoD,0.1,sine
15,15,-1.574621392240085,80.55555555555556,10,slope,logKoD,0.1,sine
16,16,-1.5549164170926908,76.3157894736842,10,slope,logKoD,0.1,sine
17,17,-1.5540269778675373,72.5,10,slope,logKoD,0.1,sine
18,18,-1.5509637904311584,69.04761904761905,10,slope,logKoD,0.1,sine
19,19,-1.5451830903097186,65.9090909090909,10,slope,logKoD,0.1,sine
20,20,-1.536774877358552,63.04347826086956,10,slope,logKoD,0.1,sine
21,21,-1.5200859410193672,60.41666666666666,10,slope,logKoD,0.1,sine
22,22,-1.5149311471224016,58.0,10,slope,logKoD,0.1,sine
23,23,-1.4984365351639013,55.76923076923077,10,slope,logKoD,0.1,sine
24,24,-1.4656052509657422,53.7037037037037,10,slope,logKoD,0.1,sine
25,25,-1.443798273740092,51.785714285714285,10,slope,logKoD,0.1,sine
26,26,-1.4189893982019204,50.0,10,slope,logKoD,0.1,sine
27,27,-1.3865094981592718,48.333333333333336,10,slope,logKoD,0.1,sine
28,28,-1.3545622507392885,46.774193548387096,10,slope,logKoD,0.1,sine
29,29,-1.3160194545758706,45.3125,10,slope,logKoD,0.1,sine
30,30,-1.2913089895207135,43.93939393939394,10,slope,logKoD,0.1,sine
31,31,-1.2594884131113069,42.64705882352941,10,slope,logKoD,0.1,sine
32,32,-1.2382194704914855,41.42857142857143,10,slope,logKoD,0.1,sine
33,33,-1.1643637894121626,40.27777777777778,10,slope,logKoD,0.1,sine
34,34,-1.2037551125199757,39.18918918918919,10,slope,logKoD,0.1,sine
35,35,-1.1768808804790227,38.1578947368421,10,slope,logKoD,0.1,sine
36,36,-1.167341161843234,37.17948717948718,10,slope,logKoD,0.1,sine
37,37,-1.1532844961706037,36.25,10,slope,logKoD,0.1,sine
38,38,-1.1395600451754289,35.36585365853659,10,slope,logKoD,0.1,sine
39,39,-1.1233238349161698,34.523809523809526,10,slope,logKoD,0.1,sine
40,40,-1.117427376113134,33.72093023255814,10,slope,logKoD,0.1,sine
41,41,-1.1003171103011289,32.95454545454545,10,slope,logKoD,0.1,sine
42,42,-1.0900724695378627,32.22222222222222,10,slope,logKoD,0.1,sine
43,43,-1.0692981168460904,31.52173913043478,10,slope,logKoD,0.1,sine
44,44,-1.0517697957715535,30.851063829787236,10,slope,logKoD,0.1,sine
45,45,-1.059349817693796,30.20833333333333,10,slope,logKoD,0.1,sine
46,46,-1.026893609632164,29.59183673469388,10,slope,logKoD,0.1,sine
47,47,-1.0166846014855648,29.0,10,slope,logKoD,0.1,sine
48,48,-0.9972867267995152,28.431372549019606,10,slope,logKoD,0.1,sine
49,49,-0.9829244442920776,27.884615384615383,10,slope,logKoD,0.1,sine
50,50,-0.9619910468354912,27.358490566037737,10,slope,logKoD,0.1,sine
51,51,-0.9416913318528164,26.85185185185185,10,slope,logKoD,0.1,sine
52,52,-0.9293244554148956,26.363636363636363,10,slope,logKoD,0.1,sine
53,53,-0.9118046063594832,25.892857142857142,10,slope,logKoD,0.1,sine
54,54,-0.8976864162291308,25.43859649122807,10,slope,logKoD,0.1,sine
55,55,-0.8958339703663807,25.0,10,slope,logKoD,0.1,sine
56,56,-0.8747105050024864,24.57627118644068,10,slope,logKoD,0.1,sine
57,57,-0.867503415632223,24.166666666666668,10,slope,logKoD,0.1,sine
58,58,-0.8542462814165765,23.770491803278688,10,slope,logKoD,0.1,sine
59,59,-0.84678214607477,23.387096774193548,10,slope,logKoD,0.1,sine
60,60,-0.8457206470989012,23.015873015873016,10,slope,logKoD,0.1,sine
61,61,-0.8369103815879932,22.65625,10,slope,logKoD,0.1,sine
62,62,-0.82630918444015,22.307692307692307,10,slope,logKoD,0.1,sine
63,63,-0.8169020099296447,21.96969696969697,10,slope,logKoD,0.1,sine
64,64,-0.79573186660531,21.64179104477612,10,slope,logKoD,0.1,sine
65,65,-0.7680366314502088,21.323529411764707,10,slope,logKoD,0.1,sine
66,66,-0.7750415587989075,21.014492753623188,10,slope,logKoD,0.1,sine
67,67,-0.7790440762397268,20.714285714285715,10,slope,logKoD,0.1,sine
68,68,-0.8490512761244926,20.422535211267604,10,slope,logKoD,0.1,sine
69,69,-1.0470512085404122,20.13888888888889,10,slope,logKoD,0.1,sine
70,70,-0.8371222229937265,19.863013698630137,10,slope,logKoD,0.1,sine
71,71,-0.787648414387237,19.594594594594597,10,slope,logKoD,0.1,sine
72,72,-0.7799443612864643,19.33333333333333,10,slope,logKoD,0.1,sine
73,73,-0.7657352708929486,19.07894736842105,10,slope,logKoD,0.1,sine
74,74,-0.7893418768766156,18.83116883116883,10,slope,logKoD,0.1,sine
75,75,-0.8137720286033591,18.58974358974359,10,slope,logKoD,0.1,sine
76,76,-0.824430237937869,18.354430379746837,10,slope,logKoD,0.1,sine
77,77,-0.8339128420679196,18.125,10,slope,logKoD,0.1,sine
78,78,-0.8453941264777769,17.901234567901234,10,slope,logKoD,0.1,sine
79,79,-0.8475766945929697,17.682926829268293,10,slope,logKoD,0.1,sine
80,80,-0.8502939412484445,17.46987951807229,10,slope,logKoD,0.1,sine
81,81,-0.8603229701481907,17.261904761904763,10,slope,logKoD,0.1,sine
82,82,-0.8738025460253827,17.058823529411764,10,slope,logKoD,0.1,sine
83,83,-0.8873418557765445,16.86046511627907,10,slope,logKoD,0.1,sine
84,84,-0.8986218581088523,16.666666666666668,10,slope,logKoD,0.1,sine
85,85,-0.906482091040436,16.477272727272727,10,slope,logKoD,0.1,sine
86,86,-0.9217887581144484,16.292134831460675,10,slope,logKoD,0.1,sine
87,87,-0.9370764143049672,16.11111111111111,10,slope,logKoD,0.1,sine
88,88,-0.9550164877872278,15.934065934065934,10,slope,logKoD,0.1,sine
89,89,-0.9771931438183812,15.76086956521739,10,slope,logKoD,0.1,sine
90,90,-0.9984145899251902,15.591397849462366,10,slope,logKoD,0.1,sine
91,91,-1.0066092834378502,15.425531914893616,10,slope,logKoD,0.1,sine
92,92,-1.0234212073010356,15.263157894736842,10,slope,logKoD,0.1,sine
93,93,-1.0235317528259362,15.104166666666666,10,slope,logKoD,0.1,sine
94,94,-1.0590011552255885,14.948453608247425,10,slope,logKoD,0.1,sine
95,95,-1.066013470011253,14.79591836734694,10,slope,logKoD,0.1,sine
96,96,-1.0769318665128025,14.646464646464649,10,slope,logKoD,0.1,sine
0,0,-1.2722529628527064,483.3333333333333,30,curvature,logKoD,0.0,sine
1,1,-1.27167039898694,362.5,30,curvature,logKoD,0.0,sine
2,2,-1.2719312921555734,290.0,30,curvature,logKoD,0.0,sine
3,3,-1.273493827160999,241.66666666666663,30,curvature,logKoD,0.0,sine
4,4,-1.274927961963539,207.14285714285717,30,curvature,logKoD,0.0,sine
5,5,-1.277196590649811,181.25,30,curvature,logKoD,0.0,sine
6,6,-1.278423662347259,161.11111111111111,30,curvature,logKoD,0.0,sine
7,7,-1.2801416609499947,145.0,30,curvature,logKoD,0.0,sine
8,8,-1.2823805454821675,131.8181818181818,30,curvature,logKoD,0.0,sine
9,9,-1.2868338602884135,120.83333333333331,30,curvature,logKoD,0.0,sine
10,10,-1.291880646173453,111.53846153846152,30,curvature,logKoD,0.0,sine
11,11,-1.298502716020233,103.57142857142856,30,curvature,logKoD,0.0,sine
12,12,-1.3045688658874777,96.66666666666669,30,curvature,logKoD,0.0,sine
13,13,-1.3089062531856597,90.625,30,curvature,logKoD,0.0,sine
14,14,-1.3170631295694757,85.29411764705883,30,curvature,logKoD,0.0,sine
15,15,-1.3303252160281849,80.55555555555556,30,curvature,logKoD,0.0,sine
16,16,-1.32740730120959,76.3157894736842,30,curvature,logKoD,0.0,sine
17,17,-1.326518414507423,72.5,30,curvature,logKoD,0.0,sine
18,18,-1.3251090511521049,69.04761904761905,30,curvature,logKoD,0.0,sine
19,19,-1.318416606247914,65.9090909090909,30,curvature,logKoD,0.0,sine
20,20,-1.3123160157811864,63.04347826086956,30,curvature,logKoD,0.0,sine
21,21,-1.3178035512988264,60.41666666666666,30,curvature,logKoD,0.0,sine
22,22,-1.3093976507586766,58.0,30,curvature,logKoD,0.0,sine
23,23,-1.3106908205763446,55.76923076923077,30,curvature,logKoD,0.0,sine
24,24,-1.3170543301293225,53.7037037037037,30,curvature,logKoD,0.0,sine
25,25,-1.3159161737050498,51.785714285714285,30,curvature,logKoD,0.0,sine
26,26,-1.3102296685208774,50.0,30,curvature,logKoD,0.0,sine
27,27,-1.297883358216338,48.333333333333336,30,curvature,logKoD,0.0,sine
28,28,-1.2884460814349832,46.774193548387096,30,curvature,logKoD,0.0,sine
29,29,-1.2692220877791225,45.3125,30,curvature,logKoD,0.0,sine
30,30,-1.2475907105440631,43.93939393939394,30,curvature,logKoD,0.0,sine
31,31,-1.2250139869431569,42.64705882352941,30,curvature,logKoD,0.0,sine
32,32,-1.2062988464939188,41.42857142857143,30,curvature,logKoD,0.0,sine
33,33,-1.1988489130392432,40.27777777777778,30,curvature,logKoD,0.0,sine
34,34,-1.1454896502416927,39.18918918918919,30,curvature,logKoD,0.0,sine
35,35,-1.1099544310992673,38.1578947368421,30,curvature,logKoD,0.0,sine
36,36,-1.0847518215418712,37.17948717948718,30,curvature,logKoD,0.0,sine
37,37,-1.0489925952561054,36.25,30,curvature,logKoD,0.0,sine
38,38,-1.0197950910287206,35.36585365853659,30,curvature,logKoD,0.0,sine
39,39,-0.9778040398350594,34.523809523809526,30,curvature,logKoD,0.0,sine
40,40,-0.9240057668291244,33.72093023255814,30,curvature,logKoD,0.0,sine
41,41,-0.8752638260776043,32.95454545454545,30,curvature,logKoD,0.0,sine
42,42,-0.804659573946541,32.22222222222222,30,curvature,logKoD,0.0,sine
43,43,-0.7427334115497596,31.52173913043478,30,curvature,logKoD,0.0,sine
44,44,-0.7236202499121998,30.851063829787236,30,curvature,logKoD,0.0,sine
45,45,-0.9150138849662186,30.20833333333333,30,curvature,logKoD,0.0,sine
46,46,-0.6323585957881437,29.59183673469388,30,curvature,logKoD,0.0,sine
47,47,-0.5957223108848818,29.0,30,curvature,logKoD,0.0,sine
48,48,-0.5553510524490846,28.431372549019606,30,curvature,logKoD,0.0,sine
49,49,-0.537734573262502,27.884615384615383,30,curvature,logKoD,0.0,sine
50,50,-0.5233363153695081,27.358490566037737,30,curvature,logKoD,0.0,sine
51,51,-0.4958967141827627,26.85185185185185,30,curvature,logKoD,0.0,sine
52,52,-0.5080402690151223,26.363636363636363,30,curvature,logKoD,0.0,sine
53,53,-0.4981563285588313,25.892857142857142,30,curvature,logKoD,0.0,sine
54,54,-0.4931259955804968,25.43859649122807,30,curvature,logKoD,0.0,sine
55,55,-0.4916149475318743,25.0,30,curvature,logKoD,0.0,sine
56,56,-0.4813196844079599,24.57627118644068,30,curvature,logKoD,0.0,sine
57,57,-0.4806648423500519,24.166666666666668,30,curvature,logKoD,0.0,sine
58,58,-0.4718023736488401,23.770491803278688,30,curvature,logKoD,0.0,sine
59,59,-0.4662979350205803,23.387096774193548,30,curvature,logKoD,0.0,sine
60,60,-0.4637255517066034,23.015873015873016,30,curvature,logKoD,0.0,sine
61,61,-0.460569540408516,22.65625,30,curvature,logKoD,0.0,sine
62,62,-0.4561956865932343,22.307692307692307,30,curvature,logKoD,0.0,sine
63,63,-0.4598372632772605,21.96969696969697,30,curvature,logKoD,0.0,sine
64,64,-0.4614579973705827,21.64179104477612,30,curvature,logKoD,0.0,sine
65,65,-0.4548445837172556,21.323529411764707,30,curvature,logKoD,0.0,sine
66,66,-0.4400042255799167,21.014492753623188,30,curvature,logKoD,0.0,sine
67,67,-0.4469601216295294,20.714285714285715,30,curvature,logKoD,0.0,sine
68,68,-0.4460430153274294,20.422535211267604,30,curvature,logKoD,0.0,sine
69,69,-0.4583828590666469,20.13888888888889,30,curvature,logKoD,0.0,sine
70,70,-0.4240133508744619,19.863013698630137,30,curvature,logKoD,0.0,sine
71,71,-0.3907018628097132,19.594594594594597,30,curvature,logKoD,0.0,sine
72,72,-0.3674826368309274,19.33333333333333,30,curvature,logKoD,0.0,sine
73,73,-0.3500915870227796,19.07894736842105,30,curvature,logKoD,0.0,sine
74,74,-0.3341165513096006,18.83116883116883,30,curvature,logKoD,0.0,sine
75,75,-0.3174856912754267,18.58974358974359,30,curvature,logKoD,0.0,sine
76,76,-0.3068824886737811,18.354430379746837,30,curvature,logKoD,0.0,sine
77,77,-0.2980880416913344,18.125,30,curvature,logKoD,0.0,sine
78,78,-0.2988655029245857,17.901234567901234,30,curvature,logKoD,0.0,sine
79,79,-0.294224637260192,17.682926829268293,30,curvature,logKoD,0.0,sine
80,80,-0.295024363123412,17.46987951807229,30,curvature,logKoD,0.0,sine
81,81,-0.2973069788267647,17.261904761904763,30,curvature,logKoD,0.0,sine
82,82,-0.2996656380640919,17.058823529411764,30,curvature,logKoD,0.0,sine
83,83,-0.3067595420774088,16.86046511627907,30,curvature,logKoD,0.0,sine
84,84,-0.318531555897163,16.666666666666668,30,curvature,logKoD,0.0,sine
85,85,-0.3339075748378707,16.477272727272727,30,curvature,logKoD,0.0,sine
86,86,-0.3490292694943384,16.292134831460675,30,curvature,logKoD,0.0,sine
87,87,-0.3688717205462646,16.11111111111111,30,curvature,logKoD,0.0,sine
88,88,-0.3911191609111151,15.934065934065934,30,curvature,logKoD,0.0,sine
89,89,-0.4079265827351523,15.76086956521739,30,curvature,logKoD,0.0,sine
90,90,-0.4328615358332857,15.591397849462366,30,curvature,logKoD,0.0,sine
91,91,-0.45516250953637,15.425531914893616,30,curvature,logKoD,0.0,sine
92,92,-0.4773501955634364,15.263157894736842,30,curvature,logKoD,0.0,sine
93,93,-0.5047080233482004,15.104166666666666,30,curvature,logKoD,0.0,sine
94,94,-0.5487661653529052,14.948453608247425,30,curvature,logKoD,0.0,sine
95,95,-0.5777502933884838,14.79591836734694,30,curvature,logKoD,0.0,sine
96,96,-0.5972089660668473,14.646464646464649,30,curvature,logKoD,0.0,sine
0,0,1.3188337201749871,483.3333333333333,20,curvature,logDoK,0.1,sine
1,1,1.3192121370292007,362.5,20,curvature,logDoK,0.1,sine
2,2,1.3191509911520436,290.0,20,curvature,logDoK,0.1,sine
3,3,1.320301159835316,241.66666666666663,20,curvature,logDoK,0.1,sine
4,4,1.3214913762031923,207.14285714285717,20,curvature,logDoK,0.1,sine
5,5,1.3241450622514213,181.25,20,curvature,logDoK,0.1,sine
6,6,1.3248765617577332,161.11111111111111,20,curvature,logDoK,0.1,sine
7,7,1.329223792150598,145.0,20,curvature,logDoK,0.1,sine
8,8,1.3335895832230418,131.8181818181818,20,curvature,logDoK,0.1,sine
9,9,1.3382496848728864,120.83333333333331,20,curvature,logDoK,0.1,sine
10,10,1.342558034018563,111.53846153846152,20,curvature,logDoK,0.1,sine
11,11,1.347083013102521,103.57142857142856,20,curvature,logDoK,0.1,sine
12,12,1.3502093314060457,96.66666666666669,20,curvature,logDoK,0.1,sine
13,13,1.3529382424356768,90.625,20,curvature,logDoK,0.1,sine
14,14,1.3561914977793634,85.29411764705883,20,curvature,logDoK,0.1,sine
15,15,1.3629608047701012,80.55555555555556,20,curvature,logDoK,0.1,sine
16,16,1.360339226446524,76.3157894736842,20,curvature,logDoK,0.1,sine
17,17,1.3591155722060655,72.5,20,curvature,logDoK,0.1,sine
18,18,1.356881865018913,69.04761904761905,20,curvature,logDoK,0.1,sine
19,19,1.3588399655549437,65.9090909090909,20,curvature,logDoK,0.1,sine
20,20,1.3564163541709977,63.04347826086956,20,curvature,logDoK,0.1,sine
21,21,1.3619506290405208,60.41666666666666,20,curvature,logDoK,0.1,sine
22,22,1.360524833242312,58.0,20,curvature,logDoK,0.1,sine
23,23,1.359906396310061,55.76923076923077,20,curvature,logDoK,0.1,sine
24,24,1.3587380148320531,53.7037037037037,20,curvature,logDoK,0.1,sine
25,25,1.3556025082759038,51.785714285714285,20,curvature,logDoK,0.1,sine
26,26,1.3550700398275677,50.0,20,curvature,logDoK,0.1,sine
27,27,1.3491934462722728,48.333333333333336,20,curvature,logDoK,0.1,sine
28,28,1.3442086248169631,46.774193548387096,20,curvature,logDoK,0.1,sine
29,29,1.3313934475989615,45.3125,20,curvature,logDoK,0.1,sine
30,30,1.3179362591346244,43.93939393939394,20,curvature,logDoK,0.1,sine
31,31,1.295245224666984,42.64705882352941,20,curvature,logDoK,0.1,sine
32,32,1.2699363158261567,41.42857142857143,20,curvature,logDoK,0.1,sine
33,33,1.1743627774325025,40.27777777777778,20,curvature,logDoK,0.1,sine
34,34,1.1896109589252175,39.18918918918919,20,curvature,logDoK,0.1,sine
35,35,1.1368662653990138,38.1578947368421,20,curvature,logDoK,0.1,sine
36,36,1.084334779238148,37.17948717948718,20,curvature,logDoK,0.1,sine
37,37,1.0424977028993063,36.25,20,curvature,logDoK,0.1,sine
38,38,0.9989740910722296,35.36585365853659,20,curvature,logDoK,0.1,sine
39,39,0.9615331075988702,34.523809523809526,20,curvature,logDoK,0.1,sine
40,40,0.925217940869755,33.72093023255814,20,curvature,logDoK,0.1,sine
41,41,0.8860845590253612,32.95454545454545,20,curvature,logDoK,0.1,sine
42,42,0.8488835956300396,32.22222222222222,20,curvature,logDoK,0.1,sine
43,43,0.8107079407591504,31.52173913043478,20,curvature,logDoK,0.1,sine
44,44,0.7748199356899343,30.851063829787236,20,curvature,logDoK,0.1,sine
45,45,0.6953254249978267,30.20833333333333,20,curvature,logDoK,0.1,sine
46,46,0.7276477332064768,29.59183673469388,20,curvature,logDoK,0.1,sine
47,47,0.6879934449688315,29.0,20,curvature,logDoK,0.1,sine
48,48,0.6495140252383305,28.431372549019606,20,curvature,logDoK,0.1,sine
49,49,0.6354733929642116,27.884615384615383,20,curvature,logDoK,0.1,sine
50,50,0.6207343716353337,27.358490566037737,20,curvature,logDoK,0.1,sine
51,51,0.6269747299537962,26.85185185185185,20,curvature,logDoK,0.1,sine
52,52,0.5925950717097137,26.363636363636363,20,curvature,logDoK,0.1,sine
53,53,0.5879466753616541,25.892857142857142,20,curvature,logDoK,0.1,sine
54,54,0.5940648647086881,25.43859649122807,20,curvature,logDoK,0.1,sine
55,55,0.606300506705441,25.0,20,curvature,logDoK,0.1,sine
56,56,0.6043711782923297,24.57627118644068,20,curvature,logDoK,0.1,sine
57,57,0.6090059866676877,24.166666666666668,20,curvature,logDoK,0.1,sine
58,58,0.6198250415826713,23.770491803278688,20,curvature,logDoK,0.1,sine
59,59,0.6251586482890743,23.387096774193548,20,curvature,logDoK,0.1,sine
60,60,0.6458070052761422,23.015873015873016,20,curvature,logDoK,0.1,sine
61,61,0.6390106041952586,22.65625,20,curvature,logDoK,0.1,sine
62,62,0.6659397559978646,22.307692307692307,20,curvature,logDoK,0.1,sine
63,63,0.6906542728882547,21.96969696969697,20,curvature,logDoK,0.1,sine
64,64,0.7043414950892464,21.64179104477612,20,curvature,logDoK,0.1,sine
65,65,0.7141436621435562,21.323529411764707,20,curvature,logDoK,0.1,sine
66,66,0.7243691845883033,21.014492753623188,20,curvature,logDoK,0.1,sine
67,67,0.7659915187757337,20.714285714285715,20,curvature,logDoK,0.1,sine
68,68,0.8161842621065489,20.422535211267604,20,curvature,logDoK,0.1,sine
69,69,0.9758260791672412,20.13888888888889,20,curvature,logDoK,0.1,sine
70,70,0.7872377465616714,19.863013698630137,20,curvature,logDoK,0.1,sine
71,71,0.8033329867201052,19.594594594594597,20,curvature,logDoK,0.1,sine
72,72,0.8194451299891587,19.33333333333333,20,curvature,logDoK,0.1,sine
73,73,0.8156623529863962,19.07894736842105,20,curvature,logDoK,0.1,sine
74,74,0.8231053696718353,18.83116883116883,20,curvature,logDoK,0.1,sine
75,75,0.824397925575074,18.58974358974359,20,curvature,logDoK,0.1,sine
76,76,0.8219555488734062,18.354430379746837,20,curvature,logDoK,0.1,sine
77,77,0.819594638616505,18.125,20,curvature,logDoK,0.1,sine
78,78,0.8184935626237613,17.901234567901234,20,curvature,logDoK,0.1,sine
79,79,0.8118614450441554,17.682926829268293,20,curvature,logDoK,0.1,sine
80,80,0.8088103312582191,17.46987951807229,20,curvature,logDoK,0.1,sine
81,81,0.8052244980043723,17.261904761904763,20,curvature,logDoK,0.1,sine
82,82,0.7980379747674902,17.058823529411764,20,curvature,logDoK,0.1,sine
83,83,0.7832622004281122,16.86046511627907,20,curvature,logDoK,0.1,sine
84,84,0.7643205664820957,16.666666666666668,20,curvature,logDoK,0.1,sine
85,85,0.7440874612149988,16.477272727272727,20,curvature,logDoK,0.1,sine
86,86,0.7211295172173182,16.292134831460675,20,curvature,logDoK,0.1,sine
87,87,0.6929605856885779,16.11111111111111,20,curvature,logDoK,0.1,sine
88,88,0.6743070822480408,15.934065934065934,20,curvature,logDoK,0.1,sine
89,89,0.6645032780885863,15.76086956521739,20,curvature,logDoK,0.1,sine
90,90,0.6522701326771791,15.591397849462366,20,curvature,logDoK,0.1,sine
91,91,0.6441035564453804,15.425531914893616,20,curvature,logDoK,0.1,sine
92,92,0.64685667616734,15.263157894736842,20,curvature,logDoK,0.1,sine
93,93,0.6467540706023915,15.104166666666666,20,curvature,logDoK,0.1,sine
94,94,0.662693376495786,14.948453608247425,20,curvature,logDoK,0.1,sine
95,95,0.6578940390533785,14.79591836734694,20,curvature,logDoK,0.1,sine
96,96,0.6636185046130954,14.646464646464649,20,curvature,logDoK,0.1,sine
0,0,0.0449851514361707,483.3333333333333,30,curvature,KoD,0.1,sine
1,1,0.044954525872933,362.5,30,curvature,KoD,0.1,sine
2,2,0.0448597122528209,290.0,30,curvature,KoD,0.1,sine
3,3,0.0445744225686698,241.66666666666663,30,curvature,KoD,0.1,sine
4,4,0.0441330087202642,207.14285714285717,30,curvature,KoD,0.1,sine
5,5,0.0435070605745231,181.25,30,curvature,KoD,0.1,sine
6,6,0.0429657486513548,161.11111111111111,30,curvature,KoD,0.1,sine
7,7,0.0422052279780169,145.0,30,curvature,KoD,0.1,sine
8,8,0.0411492062700358,131.8181818181818,30,curvature,KoD,0.1,sine
9,9,0.0399837287311375,120.83333333333331,30,curvature,KoD,0.1,sine
10,10,0.0385400746516561,111.53846153846152,30,curvature,KoD,0.1,sine
11,11,0.036689154905838,103.57142857142856,30,curvature,KoD,0.1,sine
12,12,0.0352395845243675,96.66666666666669,30,curvature,KoD,0.1,sine
13,13,0.0341980522389049,90.625,30,curvature,KoD,0.1,sine
14,14,0.0333884016431669,85.29411764705883,30,curvature,KoD,0.1,sine
15,15,0.0325762979466041,80.55555555555556,30,curvature,KoD,0.1,sine
16,16,0.031394650314034,76.3157894736842,30,curvature,KoD,0.1,sine
17,17,0.0309505541823737,72.5,30,curvature,KoD,0.1,sine
18,18,0.0306518361054726,69.04761904761905,30,curvature,KoD,0.1,sine
19,19,0.0302593229970371,65.9090909090909,30,curvature,KoD,0.1,sine
20,20,0.0304085207589628,63.04347826086956,30,curvature,KoD,0.1,sine
21,21,0.0313115419743278,60.41666666666666,30,curvature,KoD,0.1,sine
22,22,0.0308552737091634,58.0,30,curvature,KoD,0.1,sine
23,23,0.0311936318582153,55.76923076923077,30,curvature,KoD,0.1,sine
24,24,0.0314747877703884,53.7037037037037,30,curvature,KoD,0.1,sine
25,25,0.0309555707311191,51.785714285714285,30,curvature,KoD,0.1,sine
26,26,0.0312300463998698,50.0,30,curvature,KoD,0.1,sine
27,27,0.0310960850254195,48.333333333333336,30,curvature,KoD,0.1,sine
28,28,0.0312867987601267,46.774193548387096,30,curvature,KoD,0.1,sine
29,29,0.0321723851343359,45.3125,30,curvature,KoD,0.1,sine
30,30,0.0335309531146228,43.93939393939394,30,curvature,KoD,0.1,sine
31,31,0.0358505339533012,42.64705882352941,30,curvature,KoD,0.1,sine
32,32,0.0373318248807305,41.42857142857143,30,curvature,KoD,0.1,sine
33,33,0.0423551132872326,40.27777777777778,30,curvature,KoD,0.1,sine
34,34,0.0451013639046537,39.18918918918919,30,curvature,KoD,0.1,sine
35,35,0.0519899765971108,38.1578947368421,30,curvature,KoD,0.1,sine
36,36,0.0561200264827134,37.17948717948718,30,curvature,KoD,0.1,sine
37,37,0.0613105586454437,36.25,30,curvature,KoD,0.1,sine
38,38,0.0665529900182699,35.36585365853659,30,curvature,KoD,0.1,sine
39,39,0.0736730069370557,34.523809523809526,30,curvature,KoD,0.1,sine
40,40,0.0859470990357266,33.72093023255814,30,curvature,KoD,0.1,sine
41,41,0.0976943622675691,32.95454545454545,30,curvature,KoD,0.1,sine
42,42,0.1142259275608594,32.22222222222222,30,curvature,KoD,0.1,sine
43,43,0.1416096947159504,31.52173913043478,30,curvature,KoD,0.1,sine
44,44,0.1625764238591888,30.851063829787236,30,curvature,KoD,0.1,sine
45,45,0.0916695795339183,30.20833333333333,30,curvature,KoD,0.1,sine
46,46,0.2389281175113689,29.59183673469388,30,curvature,KoD,0.1,sine
47,47,0.2627454601600569,29.0,30,curvature,KoD,0.1,sine
48,48,0.2898700495735993,28.431372549019606,30,curvature,KoD,0.1,sine
49,49,0.307675164653887,27.884615384615383,30,curvature,KoD,0.1,sine
50,50,0.3250140038362339,27.358490566037737,30,curvature,KoD,0.1,sine
51,51,0.352964923233475,26.85185185185185,30,curvature,KoD,0.1,sine
52,52,0.356020841755008,26.363636363636363,30,curvature,KoD,0.1,sine
53,53,0.3698533425467414,25.892857142857142,30,curvature,KoD,0.1,sine
54,54,0.376242982647912,25.43859649122807,30,curvature,KoD,0.1,sine
55,55,0.3748532543453842,25.0,30,curvature,KoD,0.1,sine
56,56,0.3829346682153378,24.57627118644068,30,curvature,KoD,0.1,sine
57,57,0.3888608505136327,24.166666666666668,30,curvature,KoD,0.1,sine
58,58,0.3984723541921279,23.770491803278688,30,curvature,KoD,0.1,sine
59,59,0.4056150707817808,23.387096774193548,30,curvature,KoD,0.1,sine
60,60,0.4122334519245612,23.015873015873016,30,curvature,KoD,0.1,sine
61,61,0.4192496937658102,22.65625,30,curvature,KoD,0.1,sine
62,62,0.4258275690361488,22.307692307692307,30,curvature,KoD,0.1,sine
63,63,0.4297771801993222,21.96969696969697,30,curvature,KoD,0.1,sine
64,64,0.4337983302336062,21.64179104477612,30,curvature,KoD,0.1,sine
65,65,0.440320318943979,21.323529411764707,30,curvature,KoD,0.1,sine
66,66,0.4457777128258414,21.014492753623188,30,curvature,KoD,0.1,sine
67,67,0.4475450658670933,20.714285714285715,30,curvature,KoD,0.1,sine
68,68,0.4444442445657579,20.422535211267604,30,curvature,KoD,0.1,sine
69,69,0.4194267584135756,20.13888888888889,30,curvature,KoD,0.1,sine
70,70,0.4621367207258229,19.863013698630137,30,curvature,KoD,0.1,sine
71,71,0.4716708795783144,19.594594594594597,30,curvature,KoD,0.1,sine
72,72,0.4798486519277229,19.33333333333333,30,curvature,KoD,0.1,sine
73,73,0.4890002628633645,19.07894736842105,30,curvature,KoD,0.1,sine
74,74,0.4945585988732818,18.83116883116883,30,curvature,KoD,0.1,sine
75,75,0.4964332771976758,18.58974358974359,30,curvature,KoD,0.1,sine
76,76,0.4982158751146414,18.354430379746837,30,curvature,KoD,0.1,sine
77,77,0.4979462886710638,18.125,30,curvature,KoD,0.1,sine
78,78,0.4969811080877417,17.901234567901234,30,curvature,KoD,0.1,sine
79,79,0.4953261393195681,17.682926829268293,30,curvature,KoD,0.1,sine
80,80,0.4908910688402396,17.46987951807229,30,curvature,KoD,0.1,sine
81,81,0.4854107567153778,17.261904761904763,30,curvature,KoD,0.1,sine
82,82,0.4797950402155808,17.058823529411764,30,curvature,KoD,0.1,sine
83,83,0.4724163166524635,16.86046511627907,30,curvature,KoD,0.1,sine
84,84,0.4629155335523696,16.666666666666668,30,curvature,KoD,0.1,sine
85,85,0.4532967978949724,16.477272727272727,30,curvature,KoD,0.1,sine
86,86,0.441648762167079,16.292134831460675,30,curvature,KoD,0.1,sine
87,87,0.4281648902925563,16.11111111111111,30,curvature,KoD,0.1,sine
88,88,0.4126348097771468,15.934065934065934,30,curvature,KoD,0.1,sine
89,89,0.3994232745353615,15.76086956521739,30,curvature,KoD,0.1,sine
90,90,0.3852939909850246,15.591397849462366,30,curvature,KoD,0.1,sine
91,91,0.3733969782557768,15.425531914893616,30,curvature,KoD,0.1,sine
92,92,0.3609163142714789,15.263157894736842,30,curvature,KoD,0.1,sine
93,93,0.3462951712734234,15.104166666666666,30,curvature,KoD,0.1,sine
94,94,0.3289716448726953,14.948453608247425,30,curvature,KoD,0.1,sine
95,95,0.3159565953675578,14.79591836734694,30,curvature,KoD,0.1,sine
96,96,0.3015136544411795,14.646464646464649,30,curvature,KoD,0.1,sine
0,0,1.345000492575488,483.3333333333333,0,curvature,logDoK,0.1,sine
1,1,1.3449991419637437,362.5,0,curvature,logDoK,0.1,sine
2,2,1.3452441347486586,290.0,0,curvature,logDoK,0.1,sine
3,3,1.3478452083302976,241.66666666666663,0,curvature,logDoK,0.1,sine
4,4,1.352173571086369,207.14285714285717,0,curvature,logDoK,0.1,sine
5,5,1.356499253082766,181.25,0,curvature,logDoK,0.1,sine
6,6,1.3609321245385166,161.11111111111111,0,curvature,logDoK,0.1,sine
7,7,1.366570703469576,145.0,0,curvature,logDoK,0.1,sine
8,8,1.3741944974906262,131.8181818181818,0,curvature,logDoK,0.1,sine
9,9,1.38055219532034,120.83333333333331,0,curvature,logDoK,0.1,sine
10,10,1.388031678522879,111.53846153846152,0,curvature,logDoK,0.1,sine
11,11,1.3966878719758498,103.57142857142856,0,curvature,logDoK,0.1,sine
12,12,1.4056866501441778,96.66666666666669,0,curvature,logDoK,0.1,sine
13,13,1.4146201692086726,90.625,0,curvature,logDoK,0.1,sine
14,14,1.4253518231727398,85.29411764705883,0,curvature,logDoK,0.1,sine
15,15,1.4379586787610692,80.55555555555556,0,curvature,logDoK,0.1,sine
16,16,1.443213008650837,76.3157894736842,0,curvature,logDoK,0.1,sine
17,17,1.4500870903708398,72.5,0,curvature,logDoK,0.1,sine
18,18,1.455759557378396,69.04761904761905,0,curvature,logDoK,0.1,sine
19,19,1.46401001478505,65.9090909090909,0,curvature,logDoK,0.1,sine
20,20,1.4726140664391596,63.04347826086956,0,curvature,logDoK,0.1,sine
21,21,1.478638163167998,60.41666666666666,0,curvature,logDoK,0.1,sine
22,22,1.4912500528546475,58.0,0,curvature,logDoK,0.1,sine
23,23,1.5025475517481903,55.76923076923077,0,curvature,logDoK,0.1,sine
24,24,1.5132304813703863,53.7037037037037,0,curvature,logDoK,0.1,sine
25,25,1.5224896206481755,51.785714285714285,0,curvature,logDoK,0.1,sine
26,26,1.5297956934882548,50.0,0,curvature,logDoK,0.1,sine
27,27,1.5341810070395498,48.333333333333336,0,curvature,logDoK,0.1,sine
28,28,1.5367818350554172,46.774193548387096,0,curvature,logDoK,0.1,sine
29,29,1.5397283787502314,45.3125,0,curvature,logDoK,0.1,sine
30,30,1.5352426287983043,43.93939393939394,0,curvature,logDoK,0.1,sine
31,31,1.5309326630112974,42.64705882352941,0,curvature,logDoK,0.1,sine
32,32,1.5288934029877148,41.42857142857143,0,curvature,logDoK,0.1,sine
33,33,1.4889646950001776,40.27777777777778,0,curvature,logDoK,0.1,sine
34,34,1.5214577123477986,39.18918918918919,0,curvature,logDoK,0.1,sine
35,35,1.5101483444419566,38.1578947368421,0,curvature,logDoK,0.1,sine
36,36,1.5001662595322367,37.17948717948718,0,curvature,logDoK,0.1,sine
37,37,1.4831089336078502,36.25,0,curvature,logDoK,0.1,sine
38,38,1.46413124242102,35.36585365853659,0,curvature,logDoK,0.1,sine
39,39,1.4243771726248011,34.523809523809526,0,curvature,logDoK,0.1,sine
40,40,1.3924100343773087,33.72093023255814,0,curvature,logDoK,0.1,sine
41,41,1.3554625767136548,32.95454545454545,0,curvature,logDoK,0.1,sine
42,42,1.3134172759482587,32.22222222222222,0,curvature,logDoK,0.1,sine
43,43,1.2629494375616792,31.52173913043478,0,curvature,logDoK,0.1,sine
44,44,1.2191856675258184,30.851063829787236,0,curvature,logDoK,0.1,sine
45,45,1.2748067036318471,30.20833333333333,0,curvature,logDoK,0.1,sine
46,46,1.093706519375188,29.59183673469388,0,curvature,logDoK,0.1,sine
47,47,1.0525792726422925,29.0,0,curvature,logDoK,0.1,sine
48,48,0.98782952849493,28.431372549019606,0,curvature,logDoK,0.1,sine
49,49,0.920133112753914,27.884615384615383,0,curvature,logDoK,0.1,sine
50,50,0.8494494200957006,27.358490566037737,0,curvature,logDoK,0.1,sine
51,51,0.8257629643085975,26.85185185185185,0,curvature,logDoK,0.1,sine
52,52,0.7130001441999343,26.363636363636363,0,curvature,logDoK,0.1,sine
53,53,0.637990032848009,25.892857142857142,0,curvature,logDoK,0.1,sine
54,54,0.5599621637274721,25.43859649122807,0,curvature,logDoK,0.1,sine
55,55,0.482328263960024,25.0,0,curvature,logDoK,0.1,sine
56,56,0.4156137736529338,24.57627118644068,0,curvature,logDoK,0.1,sine
57,57,0.3805139937832957,24.166666666666668,0,curvature,logDoK,0.1,sine
58,58,0.3445765072110788,23.770491803278688,0,curvature,logDoK,0.1,sine
59,59,0.3053007995381616,23.387096774193548,0,curvature,logDoK,0.1,sine
60,60,0.2714611813537101,23.015873015873016,0,curvature,logDoK,0.1,sine
61,61,0.2310378629743092,22.65625,0,curvature,logDoK,0.1,sine
62,62,0.1989736034641034,22.307692307692307,0,curvature,logDoK,0.1,sine
63,63,0.1755762604455666,21.96969696969697,0,curvature,logDoK,0.1,sine
64,64,0.1515820288912467,21.64179104477612,0,curvature,logDoK,0.1,sine
65,65,0.1316767948570186,21.323529411764707,0,curvature,logDoK,0.1,sine
66,66,0.1129562519608031,21.014492753623188,0,curvature,logDoK,0.1,sine
67,67,0.0938134996477517,20.714285714285715,0,curvature,logDoK,0.1,sine
68,68,0.0691055721055693,20.422535211267604,0,curvature,logDoK,0.1,sine
69,69,0.0442246844048421,20.13888888888889,0,curvature,logDoK,0.1,sine
70,70,0.0317472419782067,19.863013698630137,0,curvature,logDoK,0.1,sine
71,71,-0.0013915314937689,19.594594594594597,0,curvature,logDoK,0.1,sine
72,72,-0.0136860274204761,19.33333333333333,0,curvature,logDoK,0.1,sine
73,73,-0.0153143740527215,19.07894736842105,0,curvature,logDoK,0.1,sine
74,74,-0.0155752467575407,18.83116883116883,0,curvature,logDoK,0.1,sine
75,75,-0.0113216383151424,18.58974358974359,0,curvature,logDoK,0.1,sine
76,76,-0.006503801584599,18.354430379746837,0,curvature,logDoK,0.1,sine
77,77,0.0148289881358685,18.125,0,curvature,logDoK,0.1,sine
78,78,0.0367004673042223,17.901234567901234,0,curvature,logDoK,0.1,sine
79,79,0.0544980921750737,17.682926829268293,0,curvature,logDoK,0.1,sine
80,80,0.0856723394733254,17.46987951807229,0,curvature,logDoK,0.1,sine
81,81,0.1211025690164354,17.261904761904763,0,curvature,logDoK,0.1,sine
82,82,0.1910725247591577,17.058823529411764,0,curvature,logDoK,0.1,sine
83,83,0.2516021955398217,16.86046511627907,0,curvature,logDoK,0.1,sine
84,84,0.3132564756996854,16.666666666666668,0,curvature,logDoK,0.1,sine
85,85,0.3704961381261625,16.477272727272727,0,curvature,logDoK,0.1,sine
86,86,0.4495534189617308,16.292134831460675,0,curvature,logDoK,0.1,sine
87,87,0.5378705757724037,16.11111111111111,0,curvature,logDoK,0.1,sine
88,88,0.6360694220197936,15.934065934065934,0,curvature,logDoK,0.1,sine
89,89,0.7194741992778128,15.76086956521739,0,curvature,logDoK,0.1,sine
90,90,0.8244403879897665,15.591397849462366,0,curvature,logDoK,0.1,sine
91,91,0.9274624734146776,15.425531914893616,0,curvature,logDoK,0.1,sine
92,92,0.994030330260332,15.263157894736842,0,curvature,logDoK,0.1,sine
93,93,1.0291359423170483,15.104166666666666,0,curvature,logDoK,0.1,sine
94,94,1.210920905912962,14.948453608247425,0,curvature,logDoK,0.1,sine
95,95,1.2633568516407696,14.79591836734694,0,curvature,logDoK,0.1,sine
96,96,1.3466574680839527,14.646464646464649,0,curvature,logDoK,0.1,sine
0,0,1.380134160521623,483.3333333333333,30,slope,logDoK,0.1,sine
1,1,1.393021411293623,362.5,30,slope,logDoK,0.1,sine
2,2,1.414342004580762,290.0,30,slope,logDoK,0.1,sine
3,3,1.4383128255315116,241.66666666666663,30,slope,logDoK,0.1,sine
4,4,1.4637689919801111,207.14285714285717,30,slope,logDoK,0.1,sine
5,5,1.482128757830048,181.25,30,slope,logDoK,0.1,sine
6,6,1.494983430209667,161.11111111111111,30,slope,logDoK,0.1,sine
7,7,1.4996265878212631,145.0,30,slope,logDoK,0.1,sine
8,8,1.499010790721058,131.8181818181818,30,slope,logDoK,0.1,sine
9,9,1.4991197400684424,120.83333333333331,30,slope,logDoK,0.1,sine
10,10,1.4928373900030167,111.53846153846152,30,slope,logDoK,0.1,sine
11,11,1.4813277632103403,103.57142857142856,30,slope,logDoK,0.1,sine
12,12,1.464144462045064,96.66666666666669,30,slope,logDoK,0.1,sine
13,13,1.4422422052999884,90.625,30,slope,logDoK,0.1,sine
14,14,1.4256649604593057,85.29411764705883,30,slope,logDoK,0.1,sine
15,15,1.3380995623311112,80.55555555555556,30,slope,logDoK,0.1,sine
16,16,1.3927026669219362,76.3157894736842,30,slope,logDoK,0.1,sine
17,17,1.3754185200797422,72.5,30,slope,logDoK,0.1,sine
18,18,1.3711906141881167,69.04761904761905,30,slope,logDoK,0.1,sine
19,19,1.3608645325598518,65.9090909090909,30,slope,logDoK,0.1,sine
20,20,1.3484633178415195,63.04347826086956,30,slope,logDoK,0.1,sine
21,21,1.2895866116617156,60.41666666666666,30,slope,logDoK,0.1,sine
22,22,1.3328725720972612,58.0,30,slope,logDoK,0.1,sine
23,23,1.323464026511197,55.76923076923077,30,slope,logDoK,0.1,sine
24,24,1.2974012512150177,53.7037037037037,30,slope,logDoK,0.1,sine
25,25,1.3085062674711638,51.785714285714285,30,slope,logDoK,0.1,sine
26,26,1.306967327243637,50.0,30,slope,logDoK,0.1,sine
27,27,1.2932457462984197,48.333333333333336,30,slope,logDoK,0.1,sine
28,28,1.2889388500835588,46.774193548387096,30,slope,logDoK,0.1,sine
29,29,1.278528621250853,45.3125,30,slope,logDoK,0.1,sine
30,30,1.2566968214184453,43.93939393939394,30,slope,logDoK,0.1,sine
31,31,1.2305059631085018,42.64705882352941,30,slope,logDoK,0.1,sine
32,32,1.2259068026976712,41.42857142857143,30,slope,logDoK,0.1,sine
33,33,1.0099291280333005,40.27777777777778,30,slope,logDoK,0.1,sine
34,34,1.2107468407084443,39.18918918918919,30,slope,logDoK,0.1,sine
35,35,1.188013487072812,38.1578947368421,30,slope,logDoK,0.1,sine
36,36,1.188424768812807,37.17948717948718,30,slope,logDoK,0.1,sine
37,37,1.1869133933431553,36.25,30,slope,logDoK,0.1,sine
38,38,1.1962465911649314,35.36585365853659,30,slope,logDoK,0.1,sine
39,39,1.192147259418613,34.523809523809526,30,slope,logDoK,0.1,sine
40,40,1.198606212201531,33.72093023255814,30,slope,logDoK,0.1,sine
41,41,1.1775261096601588,32.95454545454545,30,slope,logDoK,0.1,sine
42,42,1.1866722272915164,32.22222222222222,30,slope,logDoK,0.1,sine
43,43,1.181236485687894,31.52173913043478,30,slope,logDoK,0.1,sine
44,44,1.1928710031393015,30.851063829787236,30,slope,logDoK,0.1,sine
45,45,1.2166478680580246,30.20833333333333,30,slope,logDoK,0.1,sine
46,46,1.2278492893433837,29.59183673469388,30,slope,logDoK,0.1,sine
47,47,1.2143079127469765,29.0,30,slope,logDoK,0.1,sine
48,48,1.2016971281062996,28.431372549019606,30,slope,logDoK,0.1,sine
49,49,1.1860620577402463,27.884615384615383,30,slope,logDoK,0.1,sine
50,50,1.186197671437676,27.358490566037737,30,slope,logDoK,0.1,sine
51,51,1.2087423896330023,26.85185185185185,30,slope,logDoK,0.1,sine
52,52,1.204531775664469,26.363636363636363,30,slope,logDoK,0.1,sine
53,53,1.2208927793793416,25.892857142857142,30,slope,logDoK,0.1,sine
54,54,1.249510216326306,25.43859649122807,30,slope,logDoK,0.1,sine
55,55,1.2888645459738006,25.0,30,slope,logDoK,0.1,sine
56,56,1.3153644283436337,24.57627118644068,30,slope,logDoK,0.1,sine
57,57,1.327487212404469,24.166666666666668,30,slope,logDoK,0.1,sine
58,58,1.34444451120451,23.770491803278688,30,slope,logDoK,0.1,sine
59,59,1.3503583079742196,23.387096774193548,30,slope,logDoK,0.1,sine
60,60,1.3571033653450004,23.015873015873016,30,slope,logDoK,0.1,sine
61,61,1.37696468403372,22.65625,30,slope,logDoK,0.1,sine
62,62,1.4065722217084269,22.307692307692307,30,slope,logDoK,0.1,sine
63,63,1.429575227025217,21.96969696969697,30,slope,logDoK,0.1,sine
64,64,1.4427390667114262,21.64179104477612,30,slope,logDoK,0.1,sine
65,65,1.4461201390392906,21.323529411764707,30,slope,logDoK,0.1,sine
66,66,1.447338513615657,21.014492753623188,30,slope,logDoK,0.1,sine
67,67,1.4517013169712114,20.714285714285715,30,slope,logDoK,0.1,sine
68,68,1.4721246947837594,20.422535211267604,30,slope,logDoK,0.1,sine
69,69,1.5244994127791525,20.13888888888889,30,slope,logDoK,0.1,sine
70,70,1.47617964051684,19.863013698630137,30,slope,logDoK,0.1,sine
71,71,1.4578812251822035,19.594594594594597,30,slope,logDoK,0.1,sine
72,72,1.4486440231133535,19.33333333333333,30,slope,logDoK,0.1,sine
73,73,1.4469442577691678,19.07894736842105,30,slope,logDoK,0.1,sine
74,74,1.443491070959676,18.83116883116883,30,slope,logDoK,0.1,sine
75,75,1.4325282782129818,18.58974358974359,30,slope,logDoK,0.1,sine
76,76,1.4151555230548267,18.354430379746837,30,slope,logDoK,0.1,sine
77,77,1.3873613658213528,18.125,30,slope,logDoK,0.1,sine
78,78,1.3577979481302975,17.901234567901234,30,slope,logDoK,0.1,sine
79,79,1.349620546540729,17.682926829268293,30,slope,logDoK,0.1,sine
80,80,1.3466653875800905,17.46987951807229,30,slope,logDoK,0.1,sine
81,81,1.3363842240242354,17.261904761904763,30,slope,logDoK,0.1,sine
82,82,1.3198662423897936,17.058823529411764,30,slope,logDoK,0.1,sine
83,83,1.2980256431172328,16.86046511627907,30,slope,logDoK,0.1,sine
84,84,1.264629619035571,16.666666666666668,30,slope,logDoK,0.1,sine
85,85,1.227379788051678,16.477272727272727,30,slope,logDoK,0.1,sine
86,86,1.2082403304127305,16.292134831460675,30,slope,logDoK,0.1,sine
87,87,1.1949350448420133,16.11111111111111,30,slope,logDoK,0.1,sine
88,88,1.185795086818763,15.934065934065934,30,slope,logDoK,0.1,sine
89,89,1.1869427589166897,15.76086956521739,30,slope,logDoK,0.1,sine
90,90,1.1984924947854123,15.591397849462366,30,slope,logDoK,0.1,sine
91,91,1.21187765062338,15.425531914893616,30,slope,logDoK,0.1,sine
92,92,1.224256989524215,15.263157894736842,30,slope,logDoK,0.1,sine
93,93,1.221541032089042,15.104166666666666,30,slope,logDoK,0.1,sine
94,94,1.199767983867517,14.948453608247425,30,slope,logDoK,0.1,sine
95,95,1.1907280529686122,14.79591836734694,30,slope,logDoK,0.1,sine
96,96,1.179420199385029,14.646464646464649,30,slope,logDoK,0.1,sine
0,0,0.9967335796668187,483.3333333333333,20,elevation,logDoK,0.1,sine
1,1,0.9511734960108592,362.5,20,elevation,logDoK,0.1,sine
2,2,0.8802116080290137,290.0,20,elevation,logDoK,0.1,sine
3,3,0.9313829718877438,241.66666666666663,20,elevation,logDoK,0.1,sine
4,4,0.7923296346934492,207.14285714285717,20,elevation,logDoK,0.1,sine
5,5,0.6856446492900016,181.25,20,elevation,logDoK,0.1,sine
6,6,0.5023830884768554,161.11111111111111,20,elevation,logDoK,0.1,sine
7,7,0.2021704605355528,145.0,20,elevation,logDoK,0.1,sine
8,8,-0.0933046716101861,131.8181818181818,20,elevation,logDoK,0.1,sine
9,9,-0.3912334969469062,120.83333333333331,20,elevation,logDoK,0.1,sine
10,10,-0.7082340242333947,111.53846153846152,20,elevation,logDoK,0.1,sine
11,11,-0.9870837806471948,103.57142857142856,20,elevation,logDoK,0.1,sine
12,12,-1.291811585505401,96.66666666666669,20,elevation,logDoK,0.1,sine
13,13,-1.6342563283729323,90.625,20,elevation,logDoK,0.1,sine
14,14,-1.8518806443195412,85.29411764705883,20,elevation,logDoK,0.1,sine
15,15,-2.6384366514920163,80.55555555555556,20,elevation,logDoK,0.1,sine
16,16,-2.414087762452751,76.3157894736842,20,elevation,logDoK,0.1,sine
17,17,-2.7972535312702598,72.5,20,elevation,logDoK,0.1,sine
18,18,-3.0392052296681484,69.04761904761905,20,elevation,logDoK,0.1,sine
19,19,-3.296960231449531,65.9090909090909,20,elevation,logDoK,0.1,sine
20,20,-3.5650054213288787,63.04347826086956,20,elevation,logDoK,0.1,sine
21,21,-3.3464443538184323,60.41666666666666,20,elevation,logDoK,0.1,sine
22,22,-3.8952193516598337,58.0,20,elevation,logDoK,0.1,sine
23,23,-4.108648094541427,55.76923076923077,20,elevation,logDoK,0.1,sine
24,24,-4.24765403754178,53.7037037037037,20,elevation,logDoK,0.1,sine
25,25,-4.319681097754163,51.785714285714285,20,elevation,logDoK,0.1,sine
26,26,-4.526280820234862,50.0,20,elevation,logDoK,0.1,sine
27,27,-4.680147748897379,48.333333333333336,20,elevation,logDoK,0.1,sine
28,28,-4.906599990626645,46.774193548387096,20,elevation,logDoK,0.1,sine
29,29,-5.13273921785223,45.3125,20,elevation,logDoK,0.1,sine
30,30,-5.262874670336163,43.93939393939394,20,elevation,logDoK,0.1,sine
31,31,-5.520317967297981,42.64705882352941,20,elevation,logDoK,0.1,sine
32,32,-5.6559134928607495,41.42857142857143,20,elevation,logDoK,0.1,sine
33,33,-4.887775900830023,40.27777777777778,20,elevation,logDoK,0.1,sine
34,34,-5.873093171050039,39.18918918918919,20,elevation,logDoK,0.1,sine
35,35,-5.839766949038987,38.1578947368421,20,elevation,logDoK,0.1,sine
36,36,-5.807167601712213,37.17948717948718,20,elevation,logDoK,0.1,sine
37,37,-5.669599691871026,36.25,20,elevation,logDoK,0.1,sine
38,38,-5.705918542086717,35.36585365853659,20,elevation,logDoK,0.1,sine
39,39,-5.753638847372644,34.523809523809526,20,elevation,logDoK,0.1,sine
40,40,-5.828626775949857,33.72093023255814,20,elevation,logDoK,0.1,sine
41,41,-6.025956881679841,32.95454545454545,20,elevation,logDoK,0.1,sine
42,42,-6.096379906271378,32.22222222222222,20,elevation,logDoK,0.1,sine
43,43,-6.0997431750807936,31.52173913043478,20,elevation,logDoK,0.1,sine
44,44,-6.150869313909899,30.851063829787236,20,elevation,logDoK,0.1,sine
45,45,-7.482366873516782,30.20833333333333,20,elevation,logDoK,0.1,sine
46,46,-5.988450802813162,29.59183673469388,20,elevation,logDoK,0.1,sine
47,47,-6.190717762817714,29.0,20,elevation,logDoK,0.1,sine
48,48,-6.153338068468212,28.431372549019606,20,elevation,logDoK,0.1,sine
49,49,-6.159635684539113,27.884615384615383,20,elevation,logDoK,0.1,sine
50,50,-6.245318493606079,27.358490566037737,20,elevation,logDoK,0.1,sine
51,51,-6.519232378008398,26.85185185185185,20,elevation,logDoK,0.1,sine
52,52,-6.412865072858293,26.363636363636363,20,elevation,logDoK,0.1,sine
53,53,-6.456053216261439,25.892857142857142,20,elevation,logDoK,0.1,sine
54,54,-6.543711683817113,25.43859649122807,20,elevation,logDoK,0.1,sine
55,55,-6.55075843920226,25.0,20,elevation,logDoK,0.1,sine
56,56,-6.675568061229227,24.57627118644068,20,elevation,logDoK,0.1,sine
57,57,-6.647304423167863,24.166666666666668,20,elevation,logDoK,0.1,sine
58,58,-6.631746030714028,23.770491803278688,20,elevation,logDoK,0.1,sine
59,59,-6.614885157407013,23.387096774193548,20,elevation,logDoK,0.1,sine
60,60,-6.669635192184582,23.015873015873016,20,elevation,logDoK,0.1,sine
61,61,-6.703656856461132,22.65625,20,elevation,logDoK,0.1,sine
62,62,-6.706957915275045,22.307692307692307,20,elevation,logDoK,0.1,sine
63,63,-6.652906596973265,21.96969696969697,20,elevation,logDoK,0.1,sine
64,64,-6.633426355434619,21.64179104477612,20,elevation,logDoK,0.1,sine
65,65,-6.548059835081622,21.323529411764707,20,elevation,logDoK,0.1,sine
66,66,-6.483393527021153,21.014492753623188,20,elevation,logDoK,0.1,sine
67,67,-6.444573834986312,20.714285714285715,20,elevation,logDoK,0.1,sine
68,68,-6.261257349295559,20.422535211267604,20,elevation,logDoK,0.1,sine
69,69,-5.783375880064302,20.13888888888889,20,elevation,logDoK,0.1,sine
70,70,-6.260995412472396,19.863013698630137,20,elevation,logDoK,0.1,sine
71,71,-6.107231294012971,19.594594594594597,20,elevation,logDoK,0.1,sine
72,72,-6.018974955658426,19.33333333333333,20,elevation,logDoK,0.1,sine
73,73,-5.885320381955296,19.07894736842105,20,elevation,logDoK,0.1,sine
74,74,-5.834822236659725,18.83116883116883,20,elevation,logDoK,0.1,sine
75,75,-5.782016427952085,18.58974358974359,20,elevation,logDoK,0.1,sine
76,76,-5.718540622752893,18.354430379746837,20,elevation,logDoK,0.1,sine
77,77,-5.647467339997853,18.125,20,elevation,logDoK,0.1,sine
78,78,-5.671327165219787,17.901234567901234,20,elevation,logDoK,0.1,sine
79,79,-5.63190501849167,17.682926829268293,20,elevation,logDoK,0.1,sine
80,80,-5.606386478337055,17.46987951807229,20,elevation,logDoK,0.1,sine
81,81,-5.661367017519007,17.261904761904763,20,elevation,logDoK,0.1,sine
82,82,-5.59044303875317,17.058823529411764,20,elevation,logDoK,0.1,sine
83,83,-5.57658920017607,16.86046511627907,20,elevation,logDoK,0.1,sine
84,84,-5.6049327289685,16.666666666666668,20,elevation,logDoK,0.1,sine
85,85,-5.700826490244425,16.477272727272727,20,elevation,logDoK,0.1,sine
86,86,-5.72847654129753,16.292134831460675,20,elevation,logDoK,0.1,sine
87,87,-5.795753704642878,16.11111111111111,20,elevation,logDoK,0.1,sine
88,88,-5.763455584662742,15.934065934065934,20,elevation,logDoK,0.1,sine
89,89,-5.69425449535126,15.76086956521739,20,elevation,logDoK,0.1,sine
90,90,-5.661740277492014,15.591397849462366,20,elevation,logDoK,0.1,sine
91,91,-5.691764785847094,15.425531914893616,20,elevation,logDoK,0.1,sine
92,92,-5.324541146929355,15.263157894736842,20,elevation,logDoK,0.1,sine
93,93,-4.649326297757825,15.104166666666666,20,elevation,logDoK,0.1,sine
94,94,-5.568256989831249,14.948453608247425,20,elevation,logDoK,0.1,sine
95,95,-5.285931659195102,14.79591836734694,20,elevation,logDoK,0.1,sine
96,96,-5.3318170970347705,14.646464646464649,20,elevation,logDoK,0.1,sine
0,0,-1.2601874160804951,483.3333333333333,20,curvature,logKoD,0.0,sine
1,1,-1.2609239292213128,362.5,20,curvature,logKoD,0.0,sine
2,2,-1.261648593813645,290.0,20,curvature,logKoD,0.0,sine
3,3,-1.2630816338021194,241.66666666666663,20,curvature,logKoD,0.0,sine
4,4,-1.2648002258554705,207.14285714285717,20,curvature,logKoD,0.0,sine
5,5,-1.2671865726335585,181.25,20,curvature,logKoD,0.0,sine
6,6,-1.2682532489544476,161.11111111111111,20,curvature,logKoD,0.0,sine
7,7,-1.270058464333771,145.0,20,curvature,logKoD,0.0,sine
8,8,-1.2711932237648682,131.8181818181818,20,curvature,logKoD,0.0,sine
9,9,-1.2719345254382344,120.83333333333331,20,curvature,logKoD,0.0,sine
10,10,-1.2745077273047836,111.53846153846152,20,curvature,logKoD,0.0,sine
11,11,-1.2768568299408285,103.57142857142856,20,curvature,logKoD,0.0,sine
12,12,-1.281583950582537,96.66666666666669,20,curvature,logKoD,0.0,sine
13,13,-1.2832988591493122,90.625,20,curvature,logKoD,0.0,sine
14,14,-1.284707015139586,85.29411764705883,20,curvature,logKoD,0.0,sine
15,15,-1.2853682214437443,80.55555555555556,20,curvature,logKoD,0.0,sine
16,16,-1.2827916225840197,76.3157894736842,20,curvature,logKoD,0.0,sine
17,17,-1.2798471661982649,72.5,20,curvature,logKoD,0.0,sine
18,18,-1.2771814064995932,69.04761904761905,20,curvature,logKoD,0.0,sine
19,19,-1.2727086306059388,65.9090909090909,20,curvature,logKoD,0.0,sine
20,20,-1.2676098461687386,63.04347826086956,20,curvature,logKoD,0.0,sine
21,21,-1.295911158112248,60.41666666666666,20,curvature,logKoD,0.0,sine
22,22,-1.270670557483586,58.0,20,curvature,logKoD,0.0,sine
23,23,-1.2799192602160778,55.76923076923077,20,curvature,logKoD,0.0,sine
24,24,-1.2934279151734038,53.7037037037037,20,curvature,logKoD,0.0,sine
25,25,-1.2953317047462567,51.785714285714285,20,curvature,logKoD,0.0,sine
26,26,-1.3057071041670076,50.0,20,curvature,logKoD,0.0,sine
27,27,-1.308124126202746,48.333333333333336,20,curvature,logKoD,0.0,sine
28,28,-1.3043977474722206,46.774193548387096,20,curvature,logKoD,0.0,sine
29,29,-1.285999796144782,45.3125,20,curvature,logKoD,0.0,sine
30,30,-1.2668066823847146,43.93939393939394,20,curvature,logKoD,0.0,sine
31,31,-1.2309997344839787,42.64705882352941,20,curvature,logKoD,0.0,sine
32,32,-1.1948434232293954,41.42857142857143,20,curvature,logKoD,0.0,sine
33,33,-1.04323574059429,40.27777777777778,20,curvature,logKoD,0.0,sine
34,34,-1.1152890763442465,39.18918918918919,20,curvature,logKoD,0.0,sine
35,35,-1.0673965066694615,38.1578947368421,20,curvature,logKoD,0.0,sine
36,36,-1.0227941857986818,37.17948717948718,20,curvature,logKoD,0.0,sine
37,37,-0.9801217816756744,36.25,20,curvature,logKoD,0.0,sine
38,38,-0.9274849631466036,35.36585365853659,20,curvature,logKoD,0.0,sine
39,39,-0.8808653655047632,34.523809523809526,20,curvature,logKoD,0.0,sine
40,40,-0.8320717126944828,33.72093023255814,20,curvature,logKoD,0.0,sine
41,41,-0.7842284608121841,32.95454545454545,20,curvature,logKoD,0.0,sine
42,42,-0.7514229200924265,32.22222222222222,20,curvature,logKoD,0.0,sine
43,43,-0.723086308069233,31.52173913043478,20,curvature,logKoD,0.0,sine
44,44,-0.6962380292607786,30.851063829787236,20,curvature,logKoD,0.0,sine
45,45,-0.67110048440098,30.20833333333333,20,curvature,logKoD,0.0,sine
46,46,-0.6617588350238941,29.59183673469388,20,curvature,logKoD,0.0,sine
47,47,-0.6501245017468151,29.0,20,curvature,logKoD,0.0,sine
48,48,-0.6405855402721559,28.431372549019606,20,curvature,logKoD,0.0,sine
49,49,-0.6401810934461404,27.884615384615383,20,curvature,logKoD,0.0,sine
50,50,-0.6355704323716678,27.358490566037737,20,curvature,logKoD,0.0,sine
51,51,-0.6386720099236916,26.85185185185185,20,curvature,logKoD,0.0,sine
52,52,-0.6049467435336022,26.363636363636363,20,curvature,logKoD,0.0,sine
53,53,-0.5852379621167464,25.892857142857142,20,curvature,logKoD,0.0,sine
54,54,-0.5659866697325966,25.43859649122807,20,curvature,logKoD,0.0,sine
55,55,-0.5656112815229009,25.0,20,curvature,logKoD,0.0,sine
56,56,-0.5582028077560165,24.57627118644068,20,curvature,logKoD,0.0,sine
57,57,-0.5349529269833948,24.166666666666668,20,curvature,logKoD,0.0,sine
58,58,-0.5090737734930155,23.770491803278688,20,curvature,logKoD,0.0,sine
59,59,-0.496015240595244,23.387096774193548,20,curvature,logKoD,0.0,sine
60,60,-0.4698630179667171,23.015873015873016,20,curvature,logKoD,0.0,sine
61,61,-0.4638430140007407,22.65625,20,curvature,logKoD,0.0,sine
62,62,-0.4561525488726696,22.307692307692307,20,curvature,logKoD,0.0,sine
63,63,-0.4517416146258588,21.96969696969697,20,curvature,logKoD,0.0,sine
64,64,-0.4503511393711485,21.64179104477612,20,curvature,logKoD,0.0,sine
65,65,-0.4490311414929205,21.323529411764707,20,curvature,logKoD,0.0,sine
66,66,-0.445219674222496,21.014492753623188,20,curvature,logKoD,0.0,sine
67,67,-0.4499996528965664,20.714285714285715,20,curvature,logKoD,0.0,sine
68,68,-0.4607508498032993,20.422535211267604,20,curvature,logKoD,0.0,sine
69,69,-0.5293376972644628,20.13888888888889,20,curvature,logKoD,0.0,sine
70,70,-0.4564101882948278,19.863013698630137,20,curvature,logKoD,0.0,sine
71,71,-0.4712404373078979,19.594594594594597,20,curvature,logKoD,0.0,sine
72,72,-0.4729880470499397,19.33333333333333,20,curvature,logKoD,0.0,sine
73,73,-0.4767337026935446,19.07894736842105,20,curvature,logKoD,0.0,sine
74,74,-0.4858575761587476,18.83116883116883,20,curvature,logKoD,0.0,sine
75,75,-0.4835603083643491,18.58974358974359,20,curvature,logKoD,0.0,sine
76,76,-0.4891373526057795,18.354430379746837,20,curvature,logKoD,0.0,sine
77,77,-0.4996655757917947,18.125,20,curvature,logKoD,0.0,sine
78,78,-0.5151891797613034,17.901234567901234,20,curvature,logKoD,0.0,sine
79,79,-0.529849333549832,17.682926829268293,20,curvature,logKoD,0.0,sine
80,80,-0.539386166787803,17.46987951807229,20,curvature,logKoD,0.0,sine
81,81,-0.5461201532350423,17.261904761904763,20,curvature,logKoD,0.0,sine
82,82,-0.5565481037309403,17.058823529411764,20,curvature,logKoD,0.0,sine
83,83,-0.565842277058828,16.86046511627907,20,curvature,logKoD,0.0,sine
84,84,-0.5727017476154138,16.666666666666668,20,curvature,logKoD,0.0,sine
85,85,-0.5808120074302324,16.477272727272727,20,curvature,logKoD,0.0,sine
86,86,-0.5889543954335171,16.292134831460675,20,curvature,logKoD,0.0,sine
87,87,-0.5933937743822183,16.11111111111111,20,curvature,logKoD,0.0,sine
88,88,-0.5991330557434953,15.934065934065934,20,curvature,logKoD,0.0,sine
89,89,-0.6062402203084849,15.76086956521739,20,curvature,logKoD,0.0,sine
90,90,-0.6115519716612052,15.591397849462366,20,curvature,logKoD,0.0,sine
91,91,-0.6160331786463553,15.425531914893616,20,curvature,logKoD,0.0,sine
92,92,-0.6194831731008147,15.263157894736842,20,curvature,logKoD,0.0,sine
93,93,-0.6097752214475864,15.104166666666666,20,curvature,logKoD,0.0,sine
94,94,-0.6373659274391941,14.948453608247425,20,curvature,logKoD,0.0,sine
95,95,-0.6392937415300466,14.79591836734694,20,curvature,logKoD,0.0,sine
96,96,-0.6440689725991972,14.646464646464649,20,curvature,logKoD,0.0,sine
0,0,18.237579950518636,483.3333333333333,10,slope,DoK,0.0,sine
1,1,18.443661127349507,362.5,10,slope,DoK,0.0,sine
2,2,18.599358552803288,290.0,10,slope,DoK,0.0,sine
3,3,19.086389367350648,241.66666666666663,10,slope,DoK,0.0,sine
4,4,19.965699959127324,207.14285714285717,10,slope,DoK,0.0,sine
5,5,20.677546734064112,181.25,10,slope,DoK,0.0,sine
6,6,21.535447916615844,161.11111111111111,10,slope,DoK,0.0,sine
7,7,22.305197798758645,145.0,10,slope,DoK,0.0,sine
8,8,23.163718022151627,131.8181818181818,10,slope,DoK,0.0,sine
9,9,23.923990752477827,120.83333333333331,10,slope,DoK,0.0,sine
10,10,24.42378805840972,111.53846153846152,10,slope,DoK,0.0,sine
11,11,24.91290128480842,103.57142857142856,10,slope,DoK,0.0,sine
12,12,25.37578229498085,96.66666666666669,10,slope,DoK,0.0,sine
13,13,25.77861807432792,90.625,10,slope,DoK,0.0,sine
14,14,26.11552167714216,85.29411764705883,10,slope,DoK,0.0,sine
15,15,26.56914765173646,80.55555555555556,10,slope,DoK,0.0,sine
16,16,26.071018813756943,76.3157894736842,10,slope,DoK,0.0,sine
17,17,25.850854890481607,72.5,10,slope,DoK,0.0,sine
18,18,25.38112231550891,69.04761904761905,10,slope,DoK,0.0,sine
19,19,24.873763826664234,65.9090909090909,10,slope,DoK,0.0,sine
20,20,24.172195552778437,63.04347826086956,10,slope,DoK,0.0,sine
21,21,21.958664735849997,60.41666666666666,10,slope,DoK,0.0,sine
22,22,22.22393729407002,58.0,10,slope,DoK,0.0,sine
23,23,21.116383805653197,55.76923076923077,10,slope,DoK,0.0,sine
24,24,19.66821189244933,53.7037037037037,10,slope,DoK,0.0,sine
25,25,18.63753139185468,51.785714285714285,10,slope,DoK,0.0,sine
26,26,18.035628116484823,50.0,10,slope,DoK,0.0,sine
27,27,17.171056235212724,48.333333333333336,10,slope,DoK,0.0,sine
28,28,16.50150154593173,46.774193548387096,10,slope,DoK,0.0,sine
29,29,15.848181245981916,45.3125,10,slope,DoK,0.0,sine
30,30,15.580063003745613,43.93939393939394,10,slope,DoK,0.0,sine
31,31,15.041742088183131,42.64705882352941,10,slope,DoK,0.0,sine
32,32,14.791262182982743,41.42857142857143,10,slope,DoK,0.0,sine
33,33,12.646960093721248,40.27777777777778,10,slope,DoK,0.0,sine
34,34,13.828126076657052,39.18918918918919,10,slope,DoK,0.0,sine
35,35,13.133555041208435,38.1578947368421,10,slope,DoK,0.0,sine
36,36,12.58496543232498,37.17948717948718,10,slope,DoK,0.0,sine
37,37,12.010338031039574,36.25,10,slope,DoK,0.0,sine
38,38,11.456601094676495,35.36585365853659,10,slope,DoK,0.0,sine
39,39,10.68254734983498,34.523809523809526,10,slope,DoK,0.0,sine
40,40,10.34177373214366,33.72093023255814,10,slope,DoK,0.0,sine
41,41,9.634163319646106,32.95454545454545,10,slope,DoK,0.0,sine
42,42,9.029554841569242,32.22222222222222,10,slope,DoK,0.0,sine
43,43,8.582298699154101,31.52173913043478,10,slope,DoK,0.0,sine
44,44,8.64467124661842,30.851063829787236,10,slope,DoK,0.0,sine
45,45,7.9875048741912575,30.20833333333333,10,slope,DoK,0.0,sine
46,46,7.527715029748014,29.59183673469388,10,slope,DoK,0.0,sine
47,47,7.375285597626256,29.0,10,slope,DoK,0.0,sine
48,48,7.107013027873613,28.431372549019606,10,slope,DoK,0.0,sine
49,49,6.963392091151858,27.884615384615383,10,slope,DoK,0.0,sine
50,50,6.884338325715591,27.358490566037737,10,slope,DoK,0.0,sine
51,51,6.685776793176286,26.85185185185185,10,slope,DoK,0.0,sine
52,52,6.391263353317946,26.363636363636363,10,slope,DoK,0.0,sine
53,53,5.865197484866213,25.892857142857142,10,slope,DoK,0.0,sine
54,54,5.51038150550106,25.43859649122807,10,slope,DoK,0.0,sine
55,55,5.410317274681159,25.0,10,slope,DoK,0.0,sine
56,56,4.876875993261542,24.57627118644068,10,slope,DoK,0.0,sine
57,57,5.084949870060427,24.166666666666668,10,slope,DoK,0.0,sine
58,58,4.744081636620772,23.770491803278688,10,slope,DoK,0.0,sine
59,59,4.903760711996162,23.387096774193548,10,slope,DoK,0.0,sine
60,60,4.78715026372328,23.015873015873016,10,slope,DoK,0.0,sine
61,61,4.510869970879723,22.65625,10,slope,DoK,0.0,sine
62,62,4.244762024832923,22.307692307692307,10,slope,DoK,0.0,sine
63,63,4.119645390014478,21.96969696969697,10,slope,DoK,0.0,sine
64,64,3.9288654258505495,21.64179104477612,10,slope,DoK,0.0,sine
65,65,3.6585828483710503,21.323529411764707,10,slope,DoK,0.0,sine
66,66,4.076678301763844,21.014492753623188,10,slope,DoK,0.0,sine
67,67,5.439663156723116,20.714285714285715,10,slope,DoK,0.0,sine
68,68,6.708102648231916,20.422535211267604,10,slope,DoK,0.0,sine
69,69,17.47687077620697,20.13888888888889,10,slope,DoK,0.0,sine
70,70,8.180717155397785,19.863013698630137,10,slope,DoK,0.0,sine
71,71,5.780234850561277,19.594594594594597,10,slope,DoK,0.0,sine
72,72,4.4916929740827545,19.33333333333333,10,slope,DoK,0.0,sine
73,73,3.759745544952127,19.07894736842105,10,slope,DoK,0.0,sine
74,74,3.9116038210320982,18.83116883116883,10,slope,DoK,0.0,sine
75,75,4.1749148332500265,18.58974358974359,10,slope,DoK,0.0,sine
76,76,4.191043356789619,18.354430379746837,10,slope,DoK,0.0,sine
77,77,4.471929821186334,18.125,10,slope,DoK,0.0,sine
78,78,4.787464111083615,17.901234567901234,10,slope,DoK,0.0,sine
79,79,4.918220767583383,17.682926829268293,10,slope,DoK,0.0,sine
80,80,4.770200198563986,17.46987951807229,10,slope,DoK,0.0,sine
81,81,4.794740292900805,17.261904761904763,10,slope,DoK,0.0,sine
82,82,4.959595542020551,17.058823529411764,10,slope,DoK,0.0,sine
83,83,5.228712730404686,16.86046511627907,10,slope,DoK,0.0,sine
84,84,5.460965546305886,16.666666666666668,10,slope,DoK,0.0,sine
85,85,5.770067119166878,16.477272727272727,10,slope,DoK,0.0,sine
86,86,6.150909352428085,16.292134831460675,10,slope,DoK,0.0,sine
87,87,6.521035775264897,16.11111111111111,10,slope,DoK,0.0,sine
88,88,6.835011213015806,15.934065934065934,10,slope,DoK,0.0,sine
89,89,6.952363587217716,15.76086956521739,10,slope,DoK,0.0,sine
90,90,7.047867800508039,15.591397849462366,10,slope,DoK,0.0,sine
91,91,7.179419460063951,15.425531914893616,10,slope,DoK,0.0,sine
92,92,7.549032419388448,15.263157894736842,10,slope,DoK,0.0,sine
93,93,7.655269750862008,15.104166666666666,10,slope,DoK,0.0,sine
94,94,8.263949013818518,14.948453608247425,10,slope,DoK,0.0,sine
95,95,8.690400653180243,14.79591836734694,10,slope,DoK,0.0,sine
96,96,8.782689084877715,14.646464646464649,10,slope,DoK,0.0,sine
